ID,LTPC,Northing,Easting,L30_2024_B01summer,L30_2024_B01winter,L30_2024_B01yearly,L30_2024_B02summer,L30_2024_B02winter,L30_2024_B02yearly,L30_2024_B03summer,L30_2024_B03winter,L30_2024_B03yearly,L30_2024_B04summer,L30_2024_B04winter,L30_2024_B04yearly,L30_2024_B05summer,L30_2024_B05winter,L30_2024_B05yearly,L30_2024_B06summer,L30_2024_B06winter,L30_2024_B06yearly,L30_2024_B07summer,L30_2024_B07winter,L30_2024_B07yearly,L30_2024_B09summer,L30_2024_B09winter,L30_2024_B09yearly,L30_2024_EVI2summer,L30_2024_EVI2winter,L30_2024_EVI2yearly,L30_2024_EVI2_Difference,S30_2024_B01summer,S30_2024_B01winter,S30_2024_B01yearly,S30_2024_B02summer,S30_2024_B02winter,S30_2024_B02yearly,S30_2024_B03summer,S30_2024_B03winter,S30_2024_B03yearly,S30_2024_B04summer,S30_2024_B04winter,S30_2024_B04yearly,S30_2024_B05summer,S30_2024_B05winter,S30_2024_B05yearly,S30_2024_B06summer,S30_2024_B06winter,S30_2024_B06yearly,S30_2024_B07summer,S30_2024_B07winter,S30_2024_B07yearly,S30_2024_B08summer,S30_2024_B08winter,S30_2024_B08yearly,S30_2024_B09summer,S30_2024_B09winter,S30_2024_B09yearly,S30_2024_B10summer,S30_2024_B10winter,S30_2024_B10yearly,S30_2024_B11summer,S30_2024_B11winter,S30_2024_B11yearly,S30_2024_B12summer,S30_2024_B12winter,S30_2024_B12yearly,S30_2024_B8Asummer,S30_2024_B8Awinter,S30_2024_B8Ayearly,S30_2024_EVI2summer,S30_2024_EVI2winter,S30_2024_EVI2yearly
0,1,4326711.88490919,541067.5401783057,0.020325,0.03255,0.02564737,0.0269,0.04175,0.032742105,0.062325,0.0636,0.06134737,0.044975,0.07495,0.05688421,0.320575,0.23105,0.26893684,0.188525,0.2125,0.19839475,0.08735,0.1321,0.10711052,0.0011,0.00155,0.0013789474,0.48231903,0.27659062,0.37719464,0.20572841,0.025321428,0.082558334,0.038970493,0.029728571,0.0716,0.040745903,0.06280714,0.0939,0.06869508,0.048292857,0.108608335,0.06807541,0.09955,0.14735834,0.11157049,0.22779284,0.20926668,0.20676064,0.27364284,0.235925,0.2420377,0.27725,0.23951668,0.24762952,0.05337857,0.10759167,0.08497049,0.0025928572,0.0021833335,0.0022,0.20274286,0.20941667,0.21379673,0.09771429,0.12868334,0.11615245,0.30934286,0.26668334,0.2752246,0.41086146,0.21815488,0.31813034
1,1,4212545.705168084,608116.1493071939,0.0223,0.051454548,0.034988094,0.030855555,0.074481815,0.04908095,0.0806,0.11862727,0.09332619,0.0567,0.15453637,0.09744524,0.46385556,0.32440907,0.38778096,0.22812222,0.32837272,0.27366903,0.10486666,0.21099092,0.15232858,0.0011777778,0.0029636363,0.00205,0.6362062,0.25050592,0.44759318,0.3857003,0.0238625,0.10181667,0.042106062,0.0316375,0.12516667,0.05582121,0.076575,0.16775,0.09770606,0.0539875,0.2082,0.10171515,0.1233375,0.24825,0.15851212,0.318475,0.30683333,0.29260302,0.392025,0.33525,0.3443,0.3994875,0.35113332,0.3579333,0.074,0.14776666,0.11571212,0.001325,0.0027666667,0.0029969695,0.2312625,0.30845,0.27575758,0.1054125,0.19873334,0.14950909,0.443325,0.37295,0.3898303,0.56489044,0.19306825,0.39982867
2,1,4212124.366101484,668162.9390226915,0.026125,0.028183334,0.024954546,0.030725,0.0393,0.03282273,0.0667,0.0662,0.06342273,0.052,0.08343333,0.064822726,0.387325,0.21441667,0.28675455,0.2029,0.21581668,0.20691365,0.095375,0.1353,0.1147,0.001125,0.00165,0.0017954546,0.55439365,0.2314755,0.3846761,0.32291815,0.019171428,0.020725,0.02234,0.030885715,0.0312,0.033973332,0.06921429,0.05725,0.06730667,0.056814287,0.0786,0.0709,0.10357142,0.10465,0.11021666,0.28874284,0.151675,0.22383,0.36242858,0.177725,0.26873666,0.3570857,0.18375,0.27506334,0.07431429,0.05495,0.08327334,0.0017428572,0.001425,0.0025366666,0.20714284,0.228525,0.23191999,0.09782857,0.139125,0.12844333,0.3977143,0.2092,0.3044,0.5026506,0.19154541,0.35316917
3,1,4226424.732631273,707719.8690073066,0.0241,0.04376,0.03178421,0.028825,0.057759997,0.04033158,0.0569,0.0826,0.066136844,0.04275,0.111159995,0.07718947,0.4241,0.21093999,0.2613,0.207925,0.26456,0.23375788,0.10095,0.1788,0.14615789,0.00095,0.00154,0.0013947368,0.62446785,0.16880688,0.31818798,0.45566097,0.021353846,0.057381816,0.032707274,0.027292306,0.09843636,0.051312726,0.056215387,0.12547272,0.078940004,0.043646153,0.1564909,0.091512725,0.079969235,0.16821818,0.11846909,0.26047692,0.20432727,0.20196909,0.35837692,0.22145455,0.24249636,0.36832306,0.24559093,0.25615454,0.05191539,0.096109085,0.07472182,0.0009923077,0.0025636363,0.0019763636,0.20246154,0.23841819,0.23910181,0.0982,0.16553636,0.15076181,0.3968,0.25022727,0.27474546,0.5510194,0.13740087,0.27890548
4,1,4236833.110793401,551360.5183635745,0.021825,0.0475,0.030472223,0.02685,0.0609,0.039027777,0.06915,0.09083333,0.072577775,0.042325,0.121866666,0.07192778,0.4393,0.26446667,0.32385558,0.216225,0.35503334,0.26425555,0.095175,0.2263,0.14647222,0.0009,0.0052,0.002661111,0.64407194,0.22897379,0.42086667,0.41509813,0.023576923,0.06766154,0.038274243,0.028676923,0.075538464,0.044763636,0.06676154,0.09970769,0.073054545,0.041007694,0.13327692,0.078353025,0.10699231,0.1658,0.1236303,0.30537692,0.20314616,0.22267425,0.37083846,0.22826155,0.2601182,0.37646922,0.24253076,0.27236515,0.056538463,0.11359231,0.087848485,0.0010538462,0.0023384616,0.0019742425,0.21856923,0.3208,0.27279547,0.09573846,0.20102307,0.15540151,0.41616154,0.2693077,0.30052727,0.5686221,0.17481785,0.33211875
5,1,4210751.485293985,603604.3274814812,0.025942856,0.03083,0.028123077,0.03257143,0.041160002,0.0349359,0.06425714,0.06275,0.060802564,0.0589,0.079009995,0.061589748,0.2833,0.17028001,0.24247693,0.2224,0.21738,0.2139795,0.113471426,0.14444,0.12253077,0.0013857143,0.00228,0.0019820512,0.3937782,0.16778761,0.3252682,0.2259906,0.029325,0.070483334,0.03781613,0.036625,0.07608333,0.043909676,0.06965,0.09885,0.0729742,0.065575,0.12015,0.0750871,0.1083875,0.14211667,0.11340322,0.21965,0.17378333,0.20689033,0.259075,0.19105,0.24029033,0.269225,0.20023334,0.25314194,0.0575625,0.08778333,0.08038387,0.001175,0.0022333334,0.0019225808,0.2444,0.2132,0.23826128,0.13275,0.14173333,0.13608387,0.293775,0.21473333,0.27295807,0.35687876,0.13449499,0.31055692
6,1,4329262.181169709,592977.7152663383,0.025375,0.034,0.032735292,0.0283,0.0396,0.038923528,0.058825,0.0562,0.0644647,0.03825,0.0761,0.06874706,0.378975,0.1714,0.27285293,0.18835,0.2527,0.23993531,0.082275,0.1679,0.13489412,0.0013,0.0034,0.0014941177,0.5791589,0.17595491,0.35488135,0.403204,0.0228125,0.1188,0.039832145,0.025225,0.12803334,0.046246428,0.057875,0.14576666,0.07242857,0.034,0.18183334,0.07883214,0.0906,0.20183334,0.11791428,0.2862,0.2229,0.21528572,0.3547,0.24146667,0.25566784,0.3596,0.2557333,0.26505357,0.05855,0.11813334,0.07523571,0.0011875,0.0028,0.0017607143,0.19415,0.26546666,0.24722144,0.08145,0.17446667,0.13586786,0.389375,0.27473333,0.29092857,0.5648071,0.109181665,0.32013294
7,1,4287815.602493816,577899.9497209829,0.03596,0.0515,0.038564708,0.044979997,0.0617,0.047288235,0.085540004,0.0937,0.08334706,0.07396,0.105,0.07692353,0.39633998,0.3109,0.37025294,0.25124,0.2924,0.24987058,0.13638,0.19385,0.14371176,0.00174,0.00215,0.0017352941,0.5120901,0.3293557,0.47163033,0.1827344,0.031083334,0.04316,0.034416072,0.041816667,0.06212,0.048867855,0.08185833,0.09329,0.08426964,0.06971667,0.10917,0.08036607,0.124866664,0.15279,0.13150714,0.287375,0.23313001,0.26833573,0.34856668,0.26554,0.317475,0.35206667,0.28217,0.32809106,0.05965833,0.10649,0.09858214,0.0011666667,0.00239,0.0018375,0.250425,0.30885,0.26161072,0.13255833,0.19486,0.14928928,0.389425,0.30468002,0.35402322,0.46457893,0.28008428,0.40718266
8,1,4308781.603561794,422018.00353764434,0.028866665,0.029066665,0.028075,0.0389,0.041583333,0.038805,0.0793,0.07535,0.073425,0.067833334,0.080066666,0.070709996,0.3843,0.32241666,0.35073,0.25966668,0.22826667,0.23668998,0.12503333,0.13208334,0.126985,0.0013,0.0033,0.00211,0.5113869,0.40002927,0.46042773,0.1113576,0.021925,0.025388889,0.0244,0.03765,0.03942222,0.03765333,0.08045,0.073866665,0.07423,0.0708,0.08084445,0.07162333,0.13315,0.13975555,0.13078333,0.2889,0.25167778,0.27058,0.352,0.28996667,0.32325,0.359675,0.3092889,0.34044,0.044775,0.11128889,0.1063,0.00305,0.0020333333,0.0025133332,0.259725,0.2505111,0.25356,0.129275,0.14097778,0.13536666,0.395275,0.32724443,0.36358002,0.47214293,0.379901,0.44437328
9,1,4296513.18710923,499809.2870051676,0.027888888,0.03682857,0.0300525,0.03551111,0.04587143,0.037867498,0.06632222,0.0678,0.0651275,0.063422225,0.07968571,0.066534996,0.3009,0.22507143,0.290645,0.22926667,0.2384,0.2204825,0.12431111,0.1615,0.13015,0.0010333332,0.0026,0.0016600001,0.40856722,0.25662634,0.3863089,0.15194088,0.029679999,0.03265,0.029709091,0.03164,0.0369625,0.032254543,0.06296667,0.059175,0.059907276,0.05628,0.072075,0.05995091,0.103306666,0.1053375,0.10427091,0.23721333,0.16965,0.21630181,0.28792,0.19775,0.26176545,0.28562,0.2099375,0.26832363,0.05456667,0.099425,0.091767274,0.0032333331,0.0024625,0.0025054547,0.23258,0.25305,0.23100908,0.12101333,0.16615,0.13166,0.32347333,0.2269125,0.29524726,0.40357095,0.24922402,0.3688781
10,1,4291416.997317869,410064.06221099204,0.0336,0.0361,0.03337143,0.041366667,0.046483334,0.04262381,0.0743,0.07345,0.07235714,0.0613,0.08085,0.07148571,0.3766,0.2915,0.32169524,0.2422,0.23125,0.22719048,0.122666664,0.13851666,0.12574762,0.0013333333,0.0026166665,0.0017238094,0.51731944,0.3545007,0.41889784,0.16281873,0.030860001,0.03361111,0.034163333,0.0355,0.038922224,0.037746668,0.07062,0.06792222,0.068390004,0.0569,0.07953333,0.07,0.10696,0.1279111,0.11787667,0.2734,0.21634443,0.23092666,0.34428,0.24823332,0.27493998,0.34292,0.2597889,0.28305334,0.049060002,0.11496666,0.097456664,0.00134,0.0021222222,0.0017666667,0.22206001,0.24395557,0.23739333,0.1058,0.14587778,0.13177668,0.38348,0.2834889,0.31141,0.4833117,0.31064212,0.36706668
11,1,4290685.031041699,577355.6194307463,0.017966667,0.01265,0.01451875,0.021566667,0.015,0.01804375,0.044933334,0.0238,0.035075,0.0305,0.02235,0.02789375,0.23123333,0.1611,0.18670624,0.131,0.08435,0.1105875,0.06323333,0.04795,0.0582125,0.001,0.00195,0.00145,0.38471365,0.28555495,0.31669992,0.099158704,0.0187,0.01338,0.015992453,0.021389998,0.01638,0.019198112,0.04531,0.02727,0.03681698,0.02979,0.02671,0.029930187,0.06699,0.05133,0.060015094,0.17224,0.120230004,0.1416585,0.20637,0.1412,0.16796792,0.2077,0.15551,0.17716604,0.04091,0.052659996,0.05446226,0.00107,0.0017700001,0.0017660378,0.13198,0.098809995,0.11827548,0.061729997,0.05242,0.06063774,0.23006001,0.16268,0.19077736,0.34769884,0.26401794,0.29470783
12,1,4317139.791881413,563509.8552182328,0.01825,0.0248,0.023872223,0.0208,0.0275,0.026783334,0.043725,0.0394,0.046733335,0.02515,0.0452,0.03905,0.34415,0.162,0.26098332,0.1537,0.1691,0.1721,0.0617,0.1097,0.088688895,0.002075,0.0017,0.0015555555,0.5678137,0.22983438,0.40956074,0.33797932,0.020576922,0.031622224,0.026857143,0.019138461,0.029211111,0.024735715,0.044061538,0.037544444,0.043185715,0.024576923,0.0464,0.037430357,0.06835385,0.066255555,0.07310893,0.2469077,0.094577774,0.17399108,0.31127694,0.11192222,0.211725,0.3064923,0.1143,0.21287143,0.05130769,0.062377777,0.06904643,0.001223077,0.0017444445,0.0015196429,0.16578461,0.18923333,0.17856428,0.066161536,0.117755555,0.09252321,0.34672308,0.13875556,0.24374466,0.5161482,0.13849682,0.33668628
13,1,4366198.619044813,525008.5161323177,0.03047143,0.0483,0.032582052,0.0394,0.06507143,0.042264104,0.0774,0.10204286,0.07786153,0.06957143,0.12542857,0.07373846,0.36364284,0.32495716,0.36843333,0.24877143,0.3182,0.25343844,0.12798572,0.20147142,0.13591026,0.0021857144,0.0029714284,0.0019666667,0.480316,0.30678096,0.4767274,0.17353505,0.032214284,0.09939091,0.043353125,0.036364287,0.11268182,0.05000156,0.07171429,0.14558183,0.083782814,0.05915,0.16731818,0.07820781,0.11505714,0.2164818,0.13311875,0.26363572,0.29103637,0.27390936,0.32056427,0.3211818,0.32572657,0.32337856,0.33482727,0.3352203,0.05939286,0.15844546,0.11597969,0.0015571428,0.002472727,0.0021265624,0.24578571,0.28977272,0.2508125,0.12337142,0.1819,0.13367656,0.36243573,0.36064547,0.3658406,0.4507978,0.24117422,0.42190766
14,1,4319451.608727913,590120.1900491437,0.0264,0.0372,0.030565,0.03028,0.0472,0.03678,0.06278,0.06915,0.065485,0.043279998,0.08445,0.06202,0.41562003,0.25695,0.333885,0.21293999,0.2553,0.23903501,0.097,0.16645,0.13187,0.0011,0.00195,0.00167,0.61260605,0.29545158,0.45838496,0.31715447,0.02572857,0.02765,0.030488461,0.03322857,0.0477,0.04376154,0.06981429,0.0753,0.07648461,0.047257144,0.08935,0.075138465,0.102714285,0.113,0.11835,0.30665717,0.1844,0.25128075,0.38587144,0.21615,0.30462694,0.39958572,0.2373,0.32761922,0.06678571,0.04915,0.08007308,0.0012428572,0.0014,0.0019576924,0.22727144,0.25745,0.26429614,0.10354286,0.158,0.14414616,0.42682856,0.2511,0.3460077,0.5821677,0.25478044,0.41858235
15,1,4251334.295520345,670965.5897071715,0.02836,0.03385,0.028513635,0.033120003,0.045783333,0.035727274,0.06954,0.07135,0.06440455,0.0504,0.093833335,0.06356364,0.42397997,0.21986668,0.30740908,0.233,0.2399,0.2231318,0.10518,0.14963333,0.11923182,0.00124,0.0014,0.0013227273,0.6045218,0.21804067,0.41755447,0.38648114,0.024833333,0.0203,0.024517857,0.0323,0.0385,0.03394643,0.068511106,0.0651,0.06576071,0.050766665,0.0964,0.062767856,0.10386666,0.1207,0.107289284,0.29043332,0.1605,0.23796429,0.36391112,0.185,0.28848928,0.3689,0.2059,0.30289644,0.06346667,0.07,0.07711429,0.001088889,0.0016,0.0016928571,0.22494443,0.2541,0.23246785,0.10086667,0.1662,0.120075,0.40543333,0.2233,0.32708928,0.53351575,0.19046658,0.41300663
16,1,4396382.529768946,550776.8042213134,0.035375,0.053875,0.04231905,0.040575,0.066525,0.05158571,0.074425,0.09545,0.08191905,0.057475,0.12595,0.09364762,0.417025,0.26465,0.3151476,0.2754,0.3384,0.30536193,0.1335,0.2319,0.18509524,0.0011,0.005975,0.0025666666,0.57806766,0.22129259,0.35960075,0.35677508,0.029985715,0.095241666,0.046864517,0.035535716,0.105958335,0.055366132,0.06995,0.12786666,0.083798386,0.05240714,0.155,0.09279677,0.10832142,0.18424167,0.13597903,0.28215,0.22006668,0.23096775,0.34457144,0.24033332,0.26990482,0.34998572,0.24813333,0.28044194,0.06707857,0.11046666,0.09174032,0.0021785714,0.0029583334,0.002251613,0.26379284,0.28399166,0.28726935,0.12855715,0.189775,0.16914839,0.38906428,0.271775,0.30981615,0.50410974,0.14371245,0.3120857
17,1,4295288.362335701,630521.6424572608,0.02807143,0.0315,0.02861,0.03112857,0.040485714,0.035055,0.06337143,0.06675714,0.064845,0.040714286,0.07552857,0.0584275,0.43175712,0.25364286,0.32647,0.21661428,0.24555716,0.23423001,0.09447143,0.15237142,0.12640749,0.0013857143,0.0018428572,0.0020225001,0.6391797,0.3103228,0.45688143,0.32885692,0.026333334,0.0268,0.028329166,0.030033335,0.036,0.035079166,0.06465,0.0625,0.06744583,0.043866664,0.067,0.060425,0.10273334,0.1019,0.11277084,0.30058333,0.1947,0.25570416,0.37363333,0.2287,0.3080375,0.37653333,0.2382,0.31757084,0.073866665,0.0417,0.08632917,0.00105,0.0016,0.001575,0.23718333,0.2613,0.25825417,0.1064,0.1445,0.133675,0.41781664,0.2604,0.348475,0.56124926,0.30593282,0.43953824
18,1,4339785.329465412,549906.9183927161,0.0253,0.0389,0.033783335,0.0317,0.0509,0.043277778,0.07045,0.0834,0.07907778,0.0508,0.0921,0.07696111,0.4315,0.3106,0.35539442,0.22,0.2644,0.25760555,0.102425,0.1655,0.14055556,0.00325,0.003,0.002088889,0.6126804,0.3566439,0.45197248,0.2560365,0.024260001,0.096377775,0.03956102,0.028966665,0.11532222,0.049394917,0.06640667,0.14754444,0.084332205,0.043306667,0.176,0.083879665,0.10648,0.21306668,0.13648814,0.3071,0.26475558,0.26507628,0.38467333,0.2887111,0.31420678,0.39086667,0.29882222,0.32387966,0.064113334,0.13434444,0.097128816,0.0023,0.0025,0.002116949,0.22146668,0.2947111,0.26227966,0.09826667,0.18873334,0.14217287,0.4289,0.32533333,0.35542372,0.5812807,0.1783939,0.39339337
19,1,4276643.369454048,562273.103756972,0.026175,0.04795,0.0341125,0.029925,0.06005,0.041675,0.065975,0.08795,0.07345625,0.040275,0.1085,0.06990625,0.47715,0.2523,0.35395625,0.1986,0.3113,0.25048125,0.0835,0.208,0.13851875,0.00095,0.00225,0.00144375,0.69397664,0.23765452,0.46665597,0.45632213,0.0255375,0.042583335,0.03288906,0.0308,0.060483333,0.04379375,0.06764375,0.08705833,0.075076565,0.04254375,0.1112,0.074489065,0.1036,0.13629167,0.11890312,0.321825,0.18259166,0.24502656,0.40738124,0.206725,0.2934594,0.421825,0.22921668,0.3129922,0.06105625,0.07193333,0.07730938,0.0012625,0.0019166666,0.001775,0.21474375,0.300025,0.25890782,0.0929125,0.19473334,0.14232187,0.4544625,0.23865,0.33303437,0.6222091,0.19720766,0.3996993
20,1,4335544.951905681,488858.933069532,0.019914284,0.03005,0.022510001,0.023357142,0.03935,0.029415,0.047,0.05898333,0.05171,0.03027143,0.06095,0.0476825,0.25035715,0.10576666,0.166495,0.123428576,0.15331666,0.1344725,0.057714287,0.11468334,0.0814225,0.0021285715,0.0026833334,0.0019149999,0.41588113,0.0894868,0.23188661,0.32639432,0.02275,0.029257145,0.027084375,0.01955,0.030571429,0.0271125,0.040133335,0.05231429,0.048596874,0.029083334,0.048871428,0.045975,0.06323333,0.07045714,0.0736375,0.17291667,0.08385714,0.12424062,0.21403332,0.09302857,0.14587188,0.17738333,0.07447143,0.1227625,0.0539,0.08122857,0.07696875,0.00135,0.0021142857,0.00236875,0.13735,0.14821428,0.15433438,0.06396667,0.10211429,0.093103126,0.23541668,0.10704286,0.164525,0.29726982,0.05370196,0.15567946
21,1,4392179.137127103,417548.7757717418,0.02315,0.049625,0.035905,0.02905,0.06855,0.048175,0.06095,0.106175,0.083125,0.045275,0.13835,0.090815,0.3927,0.30675,0.340615,0.212575,0.351175,0.28278998,0.09815,0.222125,0.16030501,0.001825,0.001575,0.0016399999,0.57851714,0.25689685,0.40068755,0.3216203,0.026783334,0.039333336,0.031806666,0.0281,0.06225,0.04551,0.05973333,0.09638333,0.07901333,0.0413,0.14051667,0.09409334,0.09535,0.17301667,0.13895667,0.27221668,0.21383333,0.2382,0.34638333,0.23985,0.28184664,0.35495,0.25186667,0.29329,0.062533334,0.10113333,0.096263334,0.0023166665,0.0019333333,0.0018733334,0.20995,0.3642,0.2988667,0.09313333,0.23395,0.17114,0.3891,0.2787,0.32331666,0.53926224,0.17517704,0.32781714
22,1,4219000.162417272,638291.7313813693,0.027866665,0.0275,0.026995001,0.0352,0.03795,0.035035,0.06616667,0.05535,0.058065,0.050566666,0.06766667,0.058805,0.3452,0.1622,0.22681499,0.20533332,0.17933334,0.191605,0.1066,0.12033334,0.11489499,0.0008666667,0.0013833334,0.0014899999,0.50225246,0.17841864,0.3070477,0.32383382,0.0370625,0.11378334,0.057470966,0.0308625,0.08896667,0.04486129,0.0628125,0.10621666,0.06973871,0.0467125,0.12103334,0.06948064,0.0965,0.1509,0.1097258,0.2430125,0.17916666,0.1952,0.2969875,0.19666666,0.22800967,0.2968625,0.19346666,0.22874516,0.0678875,0.10823334,0.08740968,0.0010625,0.00265,0.0019161291,0.2085625,0.1719,0.2068,0.1052375,0.11753334,0.12130646,0.33,0.2168,0.25654194,0.44385183,0.12202818,0.2853183
23,1,4388759.167670747,538571.6727976126,0.023328573,0.03632,0.024458064,0.03377143,0.054759998,0.036941934,0.07031429,0.09106,0.074641936,0.06647143,0.11496,0.07667742,0.30404285,0.283,0.30980965,0.23138572,0.28153998,0.2413742,0.117214285,0.17502,0.1308613,0.0018571428,0.0017200001,0.0016516128,0.40580693,0.2694842,0.39015716,0.13632274,0.03169375,0.1553091,0.056081038,0.031625,0.15653637,0.056270692,0.06785625,0.18595454,0.09135862,0.06415625,0.21011819,0.09274655,0.11570625,0.24994546,0.14515172,0.22311875,0.29647273,0.24808447,0.26723126,0.31710908,0.28717586,0.2738375,0.33096364,0.29770344,0.0433125,0.15104546,0.09669483,0.00189375,0.0026,0.0020310346,0.2383,0.23249091,0.23657759,0.12110625,0.14765455,0.12776724,0.30879375,0.34832728,0.32565,0.3671372,0.16461739,0.3370347
24,1,4288319.309812845,594578.7065494163,0.03004,0.02995,0.028738461,0.04036,0.045766667,0.041769233,0.08184,0.07433333,0.077415384,0.07638,0.09828333,0.08552692,0.36744,0.21188332,0.31801924,0.27286002,0.25298333,0.25515,0.1562,0.17998333,0.16035384,0.00318,0.0019166666,0.001923077,0.46922395,0.19616465,0.38156435,0.2730593,0.02935,,0.03603529,0.021675,,0.036258824,0.059225,,0.0744,0.038225,,0.076464705,0.08965,,0.12204117,0.3128,,0.27459413,0.397725,,0.33622354,0.406125,,0.35327646,0.0725,,0.0928647,0.001175,,0.0015294118,0.2274,,0.2662647,0.10715,,0.15233529,0.435525,,0.37448236,0.6140407,-0.0,0.45030782
25,1,4194712.564372385,529706.2298842343,0.00815,0.018675,0.0171625,0.01395,0.026725,0.0230375,0.0449,0.04115,0.0437625,0.0255,0.05495,0.0425375,0.36055,0.14205,0.2315125,0.16865,0.18755,0.1797875,0.0682,0.12,0.0957875,0.00115,0.001775,0.0018,0.58915067,0.17092775,0.35425663,0.4182229,0.022975,0.027,0.025360378,0.0198125,0.025775,0.024171699,0.0511375,0.039933335,0.046801887,0.0303875,0.06114167,0.048881132,0.0848875,0.08395,0.08766604,0.2768625,0.11159166,0.18090378,0.34895,0.1314,0.21832642,0.354325,0.14270833,0.22939058,0.0564125,0.059383333,0.07696226,0.0011,0.0019083334,0.0021037734,0.1988875,0.22888333,0.21517359,0.0828375,0.14270833,0.11668868,0.3936125,0.16341667,0.25428113,0.5674135,0.15814255,0.33509454
26,1,4343094.329730584,552496.5260982879,0.0257,0.0335,0.031966664,0.0314,0.0428,0.04148889,0.069133334,0.0729,0.07541111,0.0515,0.0804,0.07507222,0.36603332,0.2625,0.30653888,0.21513332,0.2474,0.24733889,0.10233333,0.1555,0.13765556,0.0011666667,0.0032,0.001638889,0.5278704,0.31278768,0.38922572,0.21508273,0.023121428,0.08588,0.036688134,0.03057857,0.110419996,0.05175085,0.06832143,0.14417,0.0867322,0.05354286,0.17171,0.0916661,0.11112142,0.20797,0.13905424,0.2746857,0.26587,0.24696441,0.33349285,0.28781998,0.2865932,0.3285,0.30425,0.29321355,0.05994286,0.12323,0.09350678,0.0017214285,0.00232,0.002042373,0.22771429,0.28416002,0.2600356,0.10510714,0.18122,0.14426102,0.37243572,0.32004,0.32262206,0.47178555,0.19305457,0.33297947
27,1,4246400.518477871,539761.629449117,0.034933336,0.0379,0.032453332,0.0436,0.0488,0.040706668,0.077866666,0.07295,0.06894,0.06403333,0.0865,0.06419334,0.41036665,0.19845,0.30450666,0.24716668,0.23615,0.22341333,0.12573333,0.1676,0.13112667,0.0010666667,0.00195,0.0017266667,0.55358535,0.19905055,0.41189864,0.3545348,0.02486,0.035666667,0.030526416,0.03416,0.040488888,0.034933962,0.074590005,0.06612223,0.067539625,0.057520002,0.081,0.06395849,0.111980006,0.110633336,0.10893396,0.29165,0.16045555,0.22398867,0.35979,0.18233334,0.2650585,0.37667,0.20468889,0.28571698,0.06303,0.0655,0.07805283,0.00125,0.0018777779,0.0016433962,0.23461999,0.24274443,0.2359698,0.11429,0.16333334,0.13612829,0.40539,0.20831111,0.29969433,0.5267482,0.22101685,0.38520673
28,1,4385784.136984382,501985.28613595973,0.03125,0.042533334,0.032697435,0.0390875,0.05391667,0.041182052,0.0778,0.084466666,0.0755,0.0612125,0.0963,0.06947436,0.403,0.31278333,0.3724795,0.2572625,0.29305,0.25404102,0.1245625,0.18231666,0.13459487,0.0020875,0.0017,0.001876923,0.55130213,0.35054547,0.49214137,0.20075667,0.029057143,0.032257143,0.027987879,0.03792857,0.044985715,0.03744849,0.0785,0.07727143,0.07305758,0.06032857,0.08981429,0.06680303,0.120642856,0.14061429,0.12312424,0.29934284,0.23592857,0.27149394,0.36674285,0.26942855,0.32578483,0.377,0.285,0.34038788,0.07227143,0.13388571,0.11472727,0.0018857144,0.0024714286,0.0018727272,0.2636143,0.28144285,0.2577303,0.12555714,0.17054287,0.13520606,0.41317144,0.30941427,0.36999696,0.520229,0.32518935,0.45575744
29,1,4359984.656583007,430706.6199942802,0.021166667,0.042625,0.028082352,0.027533334,0.062,0.039329413,0.0681,0.101525,0.07781765,0.0406,0.127625,0.07305883,0.48196664,0.309825,0.39151177,0.21656668,0.314225,0.24687058,0.0912,0.198475,0.13037646,0.0012666667,0.0015,0.0015470588,0.69862723,0.28184703,0.5081092,0.4167802,0.020283332,0.034685716,0.025056666,0.027833335,0.057957143,0.03807,0.0684,0.09625714,0.07586334,0.04245,0.12911429,0.07447667,0.10808334,0.1764,0.13255,0.32396668,0.2404,0.27892667,0.41286665,0.2735857,0.33912,0.41403335,0.28858572,0.35007334,0.05085,0.13071428,0.108496666,0.0011833333,0.0030285716,0.0020466668,0.22136667,0.3243143,0.25846002,0.093716666,0.19951428,0.13479334,0.46426666,0.31808573,0.38658667,0.6128044,0.24941419,0.45066968
30,1,4291991.57273002,547224.3235431206,0.031625,0.04205,0.034731578,0.037525,0.05055,0.041273683,0.06615,0.06845,0.06744737,0.0461,0.08175,0.06101579,0.392625,0.20535,0.30173156,0.204975,0.26425,0.22870527,0.101825,0.18325,0.13550526,0.00265,0.00295,0.0021157893,0.57628727,0.22047018,0.41555178,0.35581708,0.0328125,0.047909092,0.037069842,0.03135625,0.051718183,0.039301585,0.0640125,0.07349091,0.06724445,0.0424875,0.09055455,0.06194286,0.0985,0.12418182,0.10912858,0.28590626,0.17517273,0.23288572,0.35345,0.20072727,0.27780476,0.35433125,0.20865454,0.2810762,0.0571375,0.097490914,0.09506349,0.00131875,0.0019,0.001863492,0.22219375,0.28026366,0.2420873,0.10510625,0.18102726,0.13505079,0.39485,0.2348,0.31468254,0.53533524,0.20704977,0.38317016
31,1,4265416.942238624,697115.1202427428,0.02755,0.043,0.034173686,0.03125,0.05528,0.041952632,0.0641,0.0849,0.07184211,0.04625,0.10944,0.07552632,0.43385,0.28394,0.33083683,0.22065,0.34642,0.29103157,0.09775,0.21674,0.16266842,0.00085,0.00142,0.0013263158,0.62724537,0.28207105,0.4221125,0.3451743,0.0229875,0.0336,0.028260715,0.0287125,0.0464,0.036335714,0.0582875,0.07705,0.06554286,0.0470125,0.10005,0.06508571,0.0987125,0.1398,0.11394642,0.2679625,0.20665,0.24072856,0.336,0.24045,0.29052144,0.3402375,0.26485,0.30045357,0.0727875,0.0566,0.08195,0.001,0.00145,0.0017678571,0.232975,0.3289,0.27288216,0.108025,0.19795,0.14624642,0.382225,0.28685,0.33379284,0.50449306,0.27375957,0.40395147
32,1,4244655.572463426,593907.0560014722,0.021528572,0.043325,0.032376923,0.0264,0.0585875,0.042097438,0.06574286,0.09075,0.07583846,0.03942857,0.117775,0.07710513,0.4494857,0.2520375,0.33132562,0.19865714,0.2872,0.24639487,0.083314285,0.1823125,0.13541281,0.001,0.0016125,0.0014717949,0.6639035,0.21871167,0.41912454,0.4451918,0.026139999,0.0422,0.03541154,0.029120002,0.05658,0.043696154,0.06644,0.08388,0.075811535,0.04178,0.112959996,0.08010769,0.1031,0.14,0.1252,0.30616,0.18822,0.23813845,0.38706002,0.21232,0.28408077,0.39236,0.22411999,0.29372692,0.085559994,0.08056,0.09525,0.00214,0.0017,0.0020846154,0.20972,0.29672,0.26290768,0.092240006,0.18642,0.14527693,0.42694,0.2472,0.32191154,0.58718425,0.18585843,0.35938987
33,1,4319722.872427338,467296.599257345,0.0300125,0.0415,0.036311764,0.0378375,0.05358333,0.046726473,0.06775,0.08171667,0.07434411,0.0522375,0.10431666,0.07965294,0.3591375,0.20825,0.2686941,0.1986375,0.25958332,0.23421766,0.096425,0.18193334,0.1424,0.0019875,0.0029166667,0.0018470589,0.5168381,0.17813765,0.3237314,0.3387004,0.035414286,0.08284444,0.053353123,0.02887143,0.088688895,0.054090627,0.064485714,0.108877786,0.08071875,0.04212857,0.13296667,0.08773437,0.10454286,0.16204445,0.13011874,0.2835143,0.19587779,0.21257187,0.34557143,0.21013333,0.243425,0.35117143,0.21846667,0.25108126,0.063442856,0.088077776,0.08172812,0.0025285715,0.0029,0.002378125,0.20708571,0.25275555,0.246975,0.09817143,0.17528889,0.1526,0.38085714,0.24306667,0.2766719,0.531996,0.13901655,0.27938902
34,1,4235998.3336263895,623595.6456896141,0.0218375,0.04308,0.029982502,0.027675,0.0597,0.0396025,0.0644125,0.09467,0.073475,0.0417625,0.122980006,0.073709995,0.4611375,0.27983,0.35453,0.210975,0.32347,0.25832748,0.09095,0.20932,0.1408225,0.0010125,0.00287,0.0017825001,0.6714867,0.2489711,0.45842654,0.42251557,0.02335,0.035833333,0.0273625,0.030083334,0.055633333,0.0375375,0.06891667,0.09063333,0.0728,0.048083335,0.12633334,0.071325,0.11026666,0.15686667,0.12504584,0.31288332,0.20893332,0.2667625,0.39705,0.24263333,0.3251875,0.40393332,0.259,0.3408,0.064783335,0.0641,0.0959375,0.0010833333,0.0013666668,0.0021208334,0.23681667,0.3598,0.27363333,0.10536666,0.2246,0.143275,0.44435,0.2900667,0.37197083,0.58553636,0.21230741,0.44556636
35,1,4367394.413325411,528650.8665058803,0.017142856,0.039,0.025611905,0.021185715,0.049185716,0.03210476,0.047771428,0.0712,0.057257142,0.02892857,0.089514285,0.05459048,0.37755716,0.20017143,0.2793619,0.15834285,0.2603,0.2011381,0.0633,0.1731,0.11019286,0.0017,0.003,0.0017619047,0.6023359,0.19550654,0.3984238,0.40682933,0.024311112,0.074091665,0.039582144,0.019922223,0.05260833,0.03200893,0.044144444,0.0677,0.05320357,0.025344444,0.086325,0.052925,0.07478889,0.11855,0.09624286,0.2598,0.150375,0.19334821,0.3343778,0.16980834,0.23283035,0.33605558,0.1713,0.2352875,0.06526667,0.10445834,0.0888375,0.0011777778,0.0027333335,0.00205,0.17193334,0.24021667,0.21177678,0.07013333,0.15715,0.117683925,0.37067777,0.201925,0.26644823,0.5560797,0.15410997,0.33465734
36,1,4256009.936900829,574305.2449500873,0.023725,0.0415,0.02710625,0.0292,0.05173333,0.03379375,0.068025,0.07706667,0.06606875,0.04975,0.09243333,0.0583375,0.416475,0.22703333,0.32935625,0.2093,0.2511,0.21548125,0.096275,0.16573334,0.1140375,0.000975,0.0045666667,0.0018625,0.5969317,0.23224942,0.461115,0.36468226,0.031225,0.039920002,0.03221,0.0387375,0.04904,0.040073335,0.075125,0.07266,0.07153333,0.0673625,0.08852,0.06946,0.12055,0.1193,0.11735,0.2682625,0.17386,0.23530334,0.3275625,0.19844,0.28028,0.3321375,0.21266001,0.29251,0.058925,0.07028,0.08207667,0.0012,0.0017200001,0.0018233333,0.2516625,0.25552,0.24558666,0.1245875,0.1573,0.13058333,0.3688,0.22938001,0.31686333,0.443121,0.21777299,0.38214067
37,1,4211468.816130387,542303.8417810146,0.020166667,0.042125,0.030158823,0.0256,0.059225,0.040505882,0.06356667,0.0945,0.074429415,0.0421,0.12375,0.0777353,0.40866667,0.272125,0.3306294,0.20983332,0.32205,0.2677647,0.09283333,0.215575,0.15314706,0.0009666667,0.0039,0.002164706,0.6070163,0.23639768,0.4167135,0.37061864,0.0259625,0.03174,0.027697872,0.032375,0.04448,0.034302127,0.07105,0.0754,0.06760425,0.0588625,0.1045,0.06739149,0.1185,0.14518,0.12072128,0.279525,0.20378001,0.24614255,0.3428,0.2332,0.29204044,0.35235,0.24666001,0.30583403,0.05455,0.095759995,0.103734046,0.0010875,0.0017200001,0.0019382979,0.2684625,0.32222,0.2711319,0.1322125,0.20406,0.14757872,0.3931875,0.27344,0.33490637,0.4912352,0.23733522,0.40618497
38,1,4248476.831406721,536980.5620742125,0.028533334,0.0377,0.030070588,0.031333335,0.0462,0.035941176,0.0653,0.06695,0.062364705,0.0382,0.08325,0.056152944,0.45003334,0.2085,0.3044,0.22,0.27205,0.23498823,0.09276667,0.18255,0.1266706,0.001,0.00195,0.0016529411,0.6678176,0.22234252,0.4312339,0.44547507,0.02999375,0.045033336,0.034995586,0.03110625,0.049883336,0.03765,0.06461875,0.06714167,0.06304558,0.03675,0.08354167,0.056835297,0.09851875,0.111266665,0.102592655,0.31814376,0.15089166,0.22322793,0.38868126,0.17378333,0.26458383,0.39286876,0.18375,0.2734559,0.07175625,0.08449167,0.08984559,0.00130625,0.0019166666,0.002047059,0.219075,0.27666667,0.2431397,0.0935,0.179675,0.13261472,0.43040624,0.20623332,0.30040294,0.6011179,0.18097946,0.38411704
39,1,4194326.370696951,552871.0042874904,0.026075,0.046725,0.032344446,0.032025,0.06075,0.04168889,0.072725,0.092625,0.07627778,0.05375,0.122225,0.07986667,0.4025,0.26125,0.3256722,0.243975,0.3139,0.2676889,0.113,0.203275,0.1472111,0.001025,0.00405,0.0021444445,0.5692948,0.22357179,0.40499088,0.34572303,0.0286,0.03666154,0.03109123,0.0335,0.049669232,0.040021054,0.07127143,0.07955384,0.07182632,0.05544286,0.11153077,0.08078596,0.11581428,0.14890769,0.12955964,0.28638572,0.19477692,0.22731404,0.3467143,0.21994615,0.26491404,0.35692856,0.23073845,0.27875438,0.05942857,0.098730765,0.10006491,0.0010285714,0.0031615384,0.0022631579,0.25704286,0.3256,0.28224912,0.12092858,0.20313847,0.15651052,0.3886857,0.25763845,0.30569825,0.5058514,0.19888996,0.33607724
40,1,4354451.018277045,560189.420174775,0.028925,0.0412,0.035094734,0.03575,0.051,0.043389473,0.070025,0.0736,0.07300526,0.05625,0.0943,0.07486842,0.43255,0.26655,0.35144737,0.223625,0.2906,0.25957894,0.1107,0.1872,0.14885263,0.002825,0.00195,0.0016947369,0.6001404,0.28845444,0.45159242,0.31168595,0.031570002,0.1438,0.061756603,0.035329998,0.14881538,0.06782075,0.06984,0.17374615,0.09818679,0.055290002,0.19631538,0.101762265,0.10794,0.23343845,0.1479585,0.29995,0.28236923,0.27123773,0.38112,0.30882308,0.32486793,0.38974,0.3233,0.33865282,0.057,0.14537694,0.1119283,0.00114,0.002753846,0.0019283018,0.24204,0.27456155,0.26648113,0.116859995,0.1783923,0.15181887,0.42972,0.35223076,0.36996603,0.549202,0.17691232,0.37414432
41,1,4289694.62215291,541697.7366390602,0.0204,0.028433334,0.026794447,0.0283,0.038266666,0.03452778,0.072125,0.05773333,0.06352222,0.04475,0.06966667,0.05858333,0.45405,0.17263333,0.28631666,0.204775,0.18446666,0.20516667,0.08715,0.12416666,0.11443334,0.001275,0.0036333331,0.0016222221,0.65532035,0.19212587,0.39899552,0.4631945,0.0224875,0.069077775,0.034333333,0.03000625,0.07118889,0.040370002,0.0717875,0.08766667,0.071334995,0.0418125,0.09932222,0.062651664,0.10549375,0.1302889,0.11125667,0.32929376,0.17083333,0.23983,0.4120625,0.18863334,0.28698668,0.42078125,0.18652222,0.297735,0.063875,0.08315556,0.08566667,0.00185625,0.0019333333,0.0021333334,0.2056,0.18031111,0.214585,0.08583125,0.11945555,0.11506999,0.4536625,0.2096111,0.31978166,0.6228403,0.15299366,0.40584818
42,1,4192025.5188382757,623272.6857599306,0.023260001,0.0292,0.026797675,0.02851,0.041118182,0.034655813,0.06362,0.06517273,0.06270233,0.04452,0.086636364,0.06453488,0.40323,0.1862091,0.28403953,0.21511,0.24938181,0.23452327,0.09952,0.16474546,0.13319302,0.00122,0.0022727272,0.0015860465,0.5938601,0.1785563,0.38136962,0.4153038,0.023142857,0.030875,0.02717143,0.02727143,0.035575,0.032335714,0.06274286,0.059275,0.062107142,0.04237143,0.08615,0.06438571,0.098,0.110225,0.10639286,0.28555715,0.144175,0.21437857,0.3501,0.16475,0.25434285,0.36154285,0.17415,0.265975,0.072157145,0.070275,0.08910714,0.0011571428,0.00145,0.002667857,0.22665715,0.29205,0.25612143,0.102728575,0.186775,0.143075,0.3909,0.198,0.29168573,0.54531837,0.15931524,0.35478562
43,1,4194790.781804842,617362.1114236179,0.0270375,0.040441666,0.030871429,0.03575,0.056733333,0.041559525,0.07685,0.093975,0.078069046,0.060725,0.1165,0.07933095,0.4132625,0.27904168,0.34277856,0.2477125,0.2888,0.25573573,0.1191375,0.18255834,0.14049047,0.001025,0.0024,0.0015619047,0.5653254,0.26071048,0.4295791,0.3046149,0.024810001,0.034516666,0.028415153,0.031370003,0.052983332,0.038296968,0.06814,0.08713333,0.07297273,0.04848,0.113283336,0.068557575,0.10983001,0.15396667,0.12342727,0.28963,0.21865,0.2620697,0.35654,0.24811667,0.31433636,0.36666,0.2605833,0.32580304,0.06436,0.08731667,0.09422121,0.00113,0.0016833334,0.001839394,0.23,0.31798333,0.25636667,0.09998,0.19481666,0.13216971,0.3987,0.28486666,0.35419697,0.5363746,0.24029936,0.43152115
44,1,4310072.842195719,522601.15386184084,0.032360002,0.05386667,0.037690908,0.04112,0.0671,0.046545457,0.08258,0.1009,0.08249091,0.067379996,0.12036666,0.076281816,0.44862002,0.35606667,0.41337729,0.253,0.3341,0.26170453,0.121180005,0.21263333,0.1383591,0.00112,0.0029666666,0.0016272728,0.59186554,0.3582183,0.5278817,0.23364723,0.030133335,0.051429998,0.03697414,0.039758336,0.06369,0.044996552,0.08115,0.09456,0.08035172,0.063625,0.1119,0.072803445,0.12815,0.16263,0.1328,0.3166333,0.24773,0.29057068,0.39054167,0.28726,0.35268104,0.39485833,0.2995,0.3633776,0.07604167,0.12024,0.116808616,0.0017583334,0.0029799999,0.0020448277,0.24901667,0.32437,0.26285174,0.11844166,0.19965,0.1383931,0.43785,0.33191,0.39741725,0.5350902,0.2990957,0.4722922
45,1,4379830.78618332,538922.0314592862,0.020839998,0.04555,0.027763635,0.026420001,0.0562,0.03495,0.058040004,0.0799,0.06275455,0.039479997,0.09955,0.05877727,0.40662,0.2484,0.3167909,0.19208,0.28,0.21591365,0.08264,0.1794,0.11295454,0.00102,0.0017,0.0014545455,0.6113408,0.25019833,0.44245377,0.3611425,0.02295,0.0426,0.030866666,0.0242,0.053759996,0.036362965,0.056059998,0.08221,0.066351846,0.03551,0.10824,0.066255555,0.09223,0.14615,0.11652778,0.28058,0.19641,0.23526111,0.35558,0.22262,0.2828611,0.35799,0.24005,0.29222777,0.0712,0.11421999,0.101946294,0.00125,0.0023,0.0018925926,0.19649,0.30505,0.24606481,0.084290005,0.19071999,0.13222407,0.39867,0.26466,0.32505,0.5586143,0.21970885,0.3892741
46,1,4233872.942012546,589864.4611893991,0.023216667,0.028577777,0.025028206,0.027333334,0.03328889,0.02981282,0.05413333,0.045844447,0.049782053,0.039766666,0.05796667,0.050743587,0.39203334,0.15253334,0.25511026,0.19923334,0.19696666,0.2023359,0.0843,0.12877779,0.10894615,0.0008333333,0.002088889,0.0014666667,0.59205544,0.18303415,0.3710644,0.4090213,0.02242,0.09473333,0.041010715,0.0224,0.05515,0.032317854,0.04874,0.0687,0.051928572,0.0393,0.08515,0.057185713,0.08358,0.11896666,0.094139285,0.24578,0.15701666,0.18058214,0.3204,0.17461666,0.21965356,0.32598,0.17316666,0.22368929,0.05828,0.097616665,0.08470714,0.00118,0.002,0.0019464284,0.20414001,0.19556667,0.21156785,0.09246,0.1269,0.117675,0.36433998,0.20345,0.25327143,0.50461173,0.15973675,0.30586246
47,1,4279421.754835181,521131.37055481394,0.0262,0.0368,0.032,0.032233335,0.0422,0.03776,0.064,0.0585,0.06335333,0.047666665,0.0682,0.05912,0.38653332,0.18585,0.29134667,0.2019,0.21935,0.21309334,0.0958,0.1499,0.1243,0.0011,0.00205,0.00208,0.5644266,0.21794625,0.4050744,0.34648037,0.025284616,0.0355375,0.0309459,0.031015383,0.045025,0.037581965,0.06502308,0.0663,0.06625246,0.047515385,0.078075,0.060414754,0.10130769,0.1040125,0.104501635,0.28176156,0.1553125,0.2281672,0.34820768,0.175925,0.2731951,0.36173075,0.1982375,0.29094917,0.06189231,0.0928875,0.09070492,0.0018461539,0.0019375,0.002152459,0.20736155,0.224125,0.22143279,0.09878461,0.1489625,0.12516558,0.39073846,0.2024375,0.30827868,0.5322914,0.21680316,0.4013637
48,1,4392500.559187076,495327.22705067694,0.02672,0.036933333,0.029184211,0.030879999,0.043966666,0.03451316,0.07287,0.05731667,0.060592107,0.038879998,0.07796667,0.055321053,0.48235,0.16545,0.29698157,0.20551,0.24223332,0.2135658,0.08752,0.1542,0.11643684,0.00201,0.0015666666,0.00165,0.7036249,0.16169836,0.42255667,0.54192656,0.019542858,0.0308,0.02675,0.02562857,0.0367,0.03333611,0.0665,0.052325,0.059466667,0.033842854,0.0795625,0.062447224,0.09915714,0.097025,0.10118889,0.32935715,0.118125,0.19887778,0.40757143,0.1373875,0.23708333,0.41364288,0.145625,0.24637222,0.06472857,0.0841375,0.07947778,0.0019,0.00225,0.0021722221,0.19415714,0.2454875,0.23486668,0.08305714,0.156275,0.1362,0.44152856,0.169025,0.27134442,0.63517416,0.12356676,0.32932067
49,1,4199191.685258008,600687.109495337,0.028063634,0.03861818,0.033015218,0.03599091,0.053081818,0.04305652,0.07469091,0.08645455,0.07722609,0.062018182,0.10623637,0.080204345,0.39536366,0.28326365,0.32841957,0.24920908,0.27727273,0.26571304,0.12472727,0.17534547,0.15372609,0.002809091,0.0029545454,0.0024304348,0.5396708,0.28771248,0.40800446,0.25195834,0.023811111,0.030416666,0.027126666,0.0304,0.048816666,0.038093332,0.068566665,0.081483334,0.07247666,0.0476,0.103766665,0.070933335,0.10666666,0.1427,0.12076333,0.3062111,0.21575,0.25581333,0.3789111,0.2489,0.30637333,0.38916668,0.26755,0.32093668,0.06875555,0.067316666,0.077763334,0.0017,0.0016166666,0.0017466667,0.22554444,0.2933,0.26135,0.104833335,0.18028334,0.14319,0.42374444,0.2864,0.34708998,0.5679878,0.26998615,0.4191377
50,1,4245500.688727612,540035.6602394282,0.028675,0.03175,0.029842855,0.0382,0.04395,0.040114284,0.090225,0.07305,0.07737857,0.067275,0.0801,0.072157145,0.3984,0.21015,0.3034,0.21245,0.20215,0.20980716,0.10385,0.12525,0.116692856,0.001225,0.00135,0.0012857142,0.5306967,0.23183636,0.39151844,0.2988603,0.029691666,0.034789998,0.03016949,0.035441667,0.04672,0.03873729,0.07898333,0.07696,0.07381526,0.05475,0.0962,0.06819661,0.12391666,0.12833,0.118562706,0.2977917,0.18028,0.23549661,0.357325,0.20739,0.27791527,0.36815,0.23076999,0.29561186,0.0558,0.07642,0.08107796,0.0012916666,0.00183,0.002040678,0.20836668,0.22448999,0.2101678,0.09854167,0.13964,0.11385254,0.39446667,0.23531,0.30862713,0.5224901,0.23016797,0.3896008
51,1,4278359.060353332,585928.4925983301,0.018525,0.038466666,0.02546875,0.024925,0.05133333,0.0335875,0.0605,0.08163333,0.06573125,0.041475,0.102,0.06343125,0.36615,0.25996667,0.31305626,0.188175,0.2398,0.2077125,0.08695,0.15353334,0.1126875,0.0019,0.0042333333,0.00208125,0.55379206,0.26244378,0.42589658,0.29134828,0.020416668,0.03185,0.02383077,0.027766665,0.05115,0.035457693,0.06505,0.0821,0.06925385,0.046966664,0.1085,0.066476926,0.1041,0.13775,0.11587693,0.2729833,0.1993,0.24641538,0.33491668,0.23325,0.29542693,0.3492,0.25625,0.31363463,0.06293333,0.0366,0.0841,0.0012666667,0.0014,0.0018384615,0.21348332,0.2908,0.23675385,0.09965,0.1704,0.12348462,0.37868333,0.27665,0.3360846,0.51684314,0.24354663,0.4194291
52,1,4207095.12799668,642787.7760256628,0.02736,0.037083335,0.02970435,0.03238,0.049166664,0.037091307,0.0663,0.0786,0.06652174,0.0504,0.10126667,0.06673913,0.37792,0.24218333,0.3063435,0.23203999,0.25138333,0.23185652,0.10858001,0.15436666,0.1235,0.00122,0.0016,0.0018304348,0.54627454,0.23719776,0.4084581,0.3090768,0.024528572,0.029825,0.027126923,0.028242856,0.04395,0.034176923,0.062485714,0.07045,0.06441923,0.0424,0.0958,0.06428847,0.09908571,0.122375,0.10969231,0.2895857,0.174525,0.23158845,0.36165714,0.199875,0.27925,0.3646857,0.21255,0.29001537,0.0648,0.057275,0.075676925,0.0010857142,0.0015,0.0016,0.22302857,0.26215,0.24111538,0.09914286,0.159425,0.12573461,0.4011,0.233725,0.31791922,0.5494334,0.2023439,0.39071816
53,1,4356770.281380178,432722.53354949586,0.0156,0.046175,0.0417,0.02,0.0571,0.05176111,0.0436,0.0875,0.082105555,0.024533333,0.10345,0.0926,0.5186666,0.322875,0.33788332,0.1638,0.320225,0.2942889,0.05993333,0.207225,0.1891611,0.0015,0.0016,0.0016666666,0.7830724,0.34914598,0.39305118,0.43392643,0.0154428575,0.037266664,0.03183143,0.019785715,0.0551,0.04856286,0.04437143,0.08202222,0.07852857,0.0272,0.103077784,0.09288571,0.06045714,0.15362221,0.13306,0.2990857,0.24042222,0.2437743,0.4625857,0.2724889,0.30262858,0.45824286,0.2827222,0.30882856,0.06714286,0.10922222,0.091505714,0.0030142856,0.0026666666,0.0024142857,0.17014286,0.3227333,0.29648286,0.06437143,0.2101889,0.18560857,0.49835712,0.3067889,0.33910573,0.70731276,0.29351574,0.3524437
54,1,4376285.262845508,418151.85861565324,0.022,0.03785,0.031438887,0.022433333,0.042825,0.035638887,0.0534,0.05675,0.059394445,0.025366668,0.07435,0.05961111,0.48363334,0.184475,0.3019722,0.16566667,0.251875,0.22829443,0.0627,0.164925,0.1268111,0.0009333333,0.00115,0.0017666667,0.7417655,0.20200269,0.4192986,0.5397628,0.0220625,0.033744447,0.02926216,0.0206375,0.036255553,0.029962162,0.052325,0.050833333,0.052302703,0.024575,0.07281111,0.05444865,0.0850625,0.094677776,0.09417298,0.3112125,0.12235555,0.1891,0.392425,0.14157778,0.2277,0.391225,0.15721111,0.23712432,0.0705375,0.07652222,0.07902432,0.001475,0.002222222,0.0017702703,0.1686375,0.24574444,0.22017026,0.064075,0.1582,0.121918924,0.4344,0.17853333,0.26761892,0.6320658,0.15841343,0.33388567
55,1,4369972.273128921,426003.12804090907,0.0208,0.03745,0.0292,0.0228,0.040925,0.033094447,0.0521,0.050625,0.05503333,0.027833335,0.061075,0.04887222,0.40206668,0.129925,0.2516111,0.1696,0.2087,0.18960555,0.068733335,0.146625,0.109972216,0.0016,0.001675,0.0017833334,0.6369423,0.13484082,0.3702576,0.50210154,0.02005,0.0345375,0.02718,0.02,0.0302,0.026617141,0.05195,0.0413125,0.046574287,0.025733335,0.0541,0.044288572,0.07818333,0.0704625,0.076702856,0.29248333,0.0882625,0.16094,0.3633333,0.0998875,0.1904657,0.35833332,0.1004625,0.19042,0.06485,0.074475,0.07322857,0.00205,0.0028125,0.00212,0.16921666,0.2115125,0.1896343,0.06715,0.1454375,0.11014857,0.39173332,0.1173625,0.2134,0.5855249,0.09420955,0.2817344
56,1,4305225.266456777,523687.3949764835,0.03455,0.051166665,0.03942381,0.043875,0.06016667,0.047009524,0.0821,0.08776667,0.07830952,0.0752,0.1005,0.07506667,0.40485,0.305,0.35260952,0.2815,0.307,0.2710762,0.143125,0.20403333,0.1552619,0.00105,0.0024333333,0.0016571429,0.5198445,0.33064935,0.45268193,0.18919513,0.035964705,0.0435,0.039326984,0.041,0.052544445,0.044506352,0.07747647,0.07878889,0.07635873,0.06812941,0.08912222,0.0728365,0.12359411,0.13262221,0.1247746,0.2810941,0.21115556,0.2554238,0.34757647,0.24303332,0.30663016,0.35568234,0.25561112,0.3181635,0.059882354,0.09487778,0.09238571,0.0024588236,0.0016555556,0.0019063492,0.2761647,0.2801667,0.27564442,0.14062354,0.17885555,0.1549238,0.3930588,0.2776,0.34623334,0.47320014,0.28323987,0.41080335
57,1,4285619.163688352,530236.9814320114,0.034679998,0.027866665,0.032495238,0.03968,0.0329,0.037966665,0.0835,0.048266664,0.07037619,0.053540003,0.0534,0.0568,0.36764,0.15076666,0.26158094,0.19298,0.14876667,0.18231905,0.09,0.0973,0.10210476,0.00093999994,0.0032333331,0.0017095237,0.52485204,0.19032887,0.36622936,0.33452317,0.03,0.091554545,0.043217745,0.040307146,0.060390912,0.041874193,0.084907144,0.076418184,0.07432581,0.050242856,0.08205455,0.057006452,0.116778575,0.11674546,0.109901614,0.25893572,0.1542909,0.19910806,0.30405,0.16991818,0.22764839,0.29367855,0.159,0.22058871,0.055271428,0.104627274,0.08587581,0.0011714286,0.0026272729,0.002248387,0.18962857,0.14688182,0.1819242,0.08785,0.09302727,0.09958387,0.33176428,0.1882091,0.25033873,0.43032303,0.14186831,0.30127773
58,1,4202810.951512439,639013.5469056305,0.03302,0.034542855,0.0310625,0.0395,0.050314285,0.041191667,0.07508,0.082085714,0.07378333,0.06462,0.10862858,0.07881667,0.34943998,0.2256,0.2871375,0.25828,0.25957143,0.24629168,0.1345,0.16417143,0.1388875,0.00116,0.0015,0.0018208334,0.47327128,0.19674821,0.35277584,0.27652305,0.0294125,0.03238,0.03170345,0.0314,0.04594,0.03902414,0.0663,0.075840004,0.07116207,0.047625,0.10886,0.07599655,0.1060125,0.13756,0.122213796,0.27065,0.17651999,0.22469656,0.3265625,0.19784,0.26308277,0.327675,0.21098,0.27103794,0.0681875,0.066920005,0.075503446,0.0011875,0.00138,0.0014275862,0.2338875,0.28302,0.26218277,0.1113,0.178,0.14463793,0.360675,0.23146,0.29738277,0.48553202,0.17340875,0.33548474
59,1,4256135.532355007,510233.56615683116,0.0321,0.0499,0.03464375,0.0397,0.06355,0.0443875,0.0839,0.09285,0.0808625,0.06606667,0.11205,0.07726875,0.4512,0.27625,0.39659375,0.25366667,0.3152,0.2591125,0.1283,0.20945,0.1441125,0.0011333333,0.00185,0.00183125,0.59812224,0.26566657,0.50460994,0.33245566,0.029757144,0.042627275,0.03534,0.03657143,0.05500909,0.043825,0.08025,0.08613636,0.079959996,0.05814286,0.10792727,0.07824167,0.12770714,0.1498909,0.13459334,0.31925,0.21523635,0.27326,0.39364284,0.24173635,0.32828832,0.3971857,0.25248182,0.33681834,0.06891429,0.11196364,0.11096167,0.001992857,0.0021,0.0018683332,0.24871428,0.30797273,0.27268,0.12192142,0.19866364,0.15311334,0.43919286,0.27622727,0.36883998,0.55156595,0.23909007,0.42400783
60,1,4265485.603370272,666902.2681674652,0.027725,0.0436,0.033669565,0.0365,0.059059996,0.043813042,0.08095,0.09668,0.08188261,0.063925,0.1199,0.080169566,0.4141,0.29518,0.3477739,0.239775,0.29456002,0.25884348,0.11435,0.1835,0.14105652,0.001175,0.00146,0.0015173913,0.5584857,0.27682665,0.43437162,0.28165904,0.022416668,0.0337,0.027865384,0.03185,0.0487,0.039334618,0.07145,0.0874,0.07550385,0.05406667,0.0892,0.06862308,0.11116666,0.1422,0.12128462,0.28998333,0.2625,0.2601077,0.35443333,0.3083,0.30858845,0.36055,0.32,0.32056537,0.0642,0.041,0.08091923,0.00105,0.0017,0.00185,0.22206667,0.3024,0.25416923,0.1029,0.1629,0.13310769,0.39865,0.3458,0.3478423,0.5141268,0.3761212,0.4240708
61,1,4309289.356670916,431365.1461647937,0.024833333,0.0427,0.03319524,0.030466666,0.054333333,0.042009525,0.06916667,0.07976667,0.0714619,0.046033334,0.10288334,0.0762,0.38256666,0.22056668,0.28919524,0.2081,0.28626668,0.24868096,0.09583333,0.19293334,0.14640476,0.0014666667,0.00275,0.001752381,0.56350106,0.20048451,0.36172616,0.36301655,0.02574,0.070590004,0.04445625,0.0274,0.066920005,0.045778126,0.06528,0.09303,0.07484063,0.04022,0.11524,0.080390625,0.0998,0.14883001,0.1234125,0.303,0.19243,0.22036563,0.37178,0.21277,0.25708124,0.3743,0.2214,0.26703125,0.0706,0.09782,0.09921563,0.0018200001,0.00208,0.001878125,0.21183999,0.26573998,0.2527625,0.09492,0.17815,0.15020312,0.40926,0.24471001,0.2928375,0.5678434,0.1771724,0.31959695
62,1,4261135.122124006,508061.73862465564,0.0221,0.045283336,0.03282222,0.030179998,0.063033335,0.04505926,0.0738,0.09985,0.08343703,0.0487,0.12508334,0.08558148,0.48797998,0.28263333,0.35492593,0.2246,0.31801668,0.26864442,0.098759994,0.20991668,0.1531963,0.00088,0.0017166666,0.0016407408,0.68429637,0.24884172,0.4315528,0.43545467,0.024218183,0.043216664,0.03185849,0.029763635,0.05715,0.04071698,0.0727,0.08788333,0.077626415,0.0457,0.112066664,0.07483396,0.1149091,0.15266666,0.13172452,0.34252727,0.2164,0.27132642,0.42996362,0.24626668,0.32400754,0.43088183,0.25915,0.33391887,0.06577273,0.12035,0.10893396,0.0010818182,0.0022833333,0.0017981132,0.22851819,0.31668332,0.2662849,0.09989091,0.20688333,0.14714529,0.47581816,0.2821333,0.36468866,0.6250672,0.24062951,0.42795083
63,1,4397855.802148581,547311.1253808483,0.029275,0.0512,0.036745,0.03385,0.06293333,0.044604998,0.065875,0.09246667,0.077275,0.046025,0.10653334,0.070545,0.424175,0.3209,0.375365,0.206425,0.31333333,0.25318,0.094075,0.19556667,0.13624,0.0012,0.0019666667,0.0018399999,0.6160259,0.3399235,0.4933407,0.27610242,0.030542856,0.14225385,0.056980647,0.035942856,0.16352308,0.0672129,0.07226429,0.19228461,0.10098065,0.052942857,0.2062077,0.09424839,0.11288572,0.24622308,0.14926936,0.30047858,0.31967694,0.29575807,0.37044284,0.3468923,0.34834838,0.37852857,0.3645077,0.36274678,0.06902857,0.14883846,0.112424195,0.0014571429,0.0034384616,0.0020306453,0.23298572,0.27073076,0.25738385,0.11067142,0.17128462,0.13881937,0.4150643,0.3792077,0.38829356,0.54062766,0.21283679,0.42244813
64,1,4216489.184255541,591820.5711929917,0.030828571,0.041763633,0.0327725,0.038442858,0.0577,0.0427325,0.07848571,0.090809084,0.0757025,0.06477143,0.11522727,0.0791825,0.38871428,0.25490907,0.32121,0.2662,0.31825453,0.27872252,0.13488571,0.20947273,0.16007249,0.0013,0.0025,0.00183,0.5244626,0.22802146,0.4003769,0.29644114,0.023528572,0.07908,0.035120692,0.036857143,0.1207,0.051406898,0.07628571,0.15436,0.08534828,0.06357143,0.18832,0.09103104,0.12277143,0.21503998,0.1365793,0.28118572,0.25812,0.24844483,0.3445,0.28142,0.2940276,0.3533,0.29358,0.30490345,0.065385714,0.09352,0.084689654,0.0010142857,0.00234,0.0019172413,0.26452857,0.28028,0.27411035,0.13198572,0.18628001,0.15328276,0.3916,0.312,0.3326,0.48099822,0.15075496,0.35098383
65,1,4233196.9569973815,591569.7704758684,0.0216,0.040820003,0.036626317,0.02854,0.05564,0.047973685,0.0677,0.09075,0.08313947,0.0511,0.1102,0.09192895,0.41792002,0.29665,0.33730528,0.21564,0.30938,0.29009473,0.10042,0.19374,0.16853158,0.00112,0.00289,0.001768421,0.59527063,0.29858178,0.39375257,0.29668885,0.022333333,0.04296,0.03746,0.0279,0.05142,0.044772,0.066,0.0818,0.078244,0.0466,0.10628001,0.088528,0.10633334,0.14538,0.134964,0.2954333,0.21498,0.24129198,0.3747,0.2455,0.285984,0.379,0.25484,0.292916,0.09796667,0.09016,0.103571996,0.0026333334,0.0016200001,0.0020120002,0.2093,0.32422,0.294,0.09633333,0.19894001,0.16824,0.41493335,0.2859,0.325844,0.557404,0.24597457,0.3394285
66,1,4293851.118524928,445073.7656994131,0.0267,0.04126,0.033985,0.031266667,0.04848,0.04019,0.0595,0.06838,0.06445,0.043766666,0.07798,0.06593,0.3906,0.2285,0.27848,0.21533333,0.27712,0.25793,0.09686667,0.18178001,0.15058,0.0012,0.0032400002,0.0018450001,0.57974064,0.2658139,0.36985487,0.31392676,0.025333332,0.037344445,0.0337,0.024516666,0.04411111,0.03787222,0.0558,0.06526667,0.06306945,0.038583335,0.07892222,0.06576389,0.08998333,0.110255554,0.10474166,0.298,0.16196667,0.20336944,0.3811167,0.18383333,0.2426611,0.3798667,0.20095555,0.2539,0.0674,0.0918,0.087394446,0.0041833334,0.0022777778,0.0024472221,0.2091,0.27806666,0.26054442,0.09085,0.18322222,0.15266944,0.42216665,0.21756667,0.2784889,0.57944155,0.21942617,0.33316508
67,1,4254747.337244009,565054.5158681718,0.030266665,0.043175,0.034694117,0.040433336,0.057125,0.045135293,0.08106667,0.090175,0.08002941,0.0763,0.10745,0.08269411,0.362,0.2797,0.33811766,0.2627,0.26665,0.2599588,0.14216666,0.1794,0.15352353,0.0012,0.0041,0.0019882354,0.4622618,0.28006673,0.41557056,0.18219507,0.0314,0.040858336,0.034621876,0.039723076,0.050683334,0.044792186,0.07813077,0.07941667,0.078798436,0.07051539,0.09821667,0.08100937,0.12335385,0.13835834,0.12901875,0.27346924,0.21198332,0.25548437,0.33081537,0.24153332,0.30351093,0.33027694,0.24968332,0.30761406,0.061769232,0.10938334,0.10676406,0.0015076924,0.00225,0.0022453126,0.26665387,0.29216668,0.2737453,0.13839231,0.18565,0.15505625,0.3717,0.27850834,0.3423969,0.43307626,0.25492513,0.37716237
68,1,4385260.283801645,503543.1657244997,0.022775,0.052666668,0.035407692,0.029025,0.07185,0.048207693,0.0694375,0.1097,0.08787949,0.044575,0.13991666,0.090364106,0.4352125,0.28723332,0.34889743,0.21515,0.34353334,0.27251026,0.0918125,0.22173333,0.15035641,0.0021125,0.0019166666,0.0019692308,0.63325024,0.22691566,0.4127891,0.40633458,0.02248,0.0375125,0.031464707,0.027579999,0.06095,0.046467647,0.067040004,0.0984625,0.086,0.04202,0.1342625,0.09411177,0.10436,0.1716875,0.14506176,0.29478002,0.2232375,0.25591177,0.35816002,0.24915,0.2960441,0.3684,0.2647125,0.30924118,0.0727,0.119075,0.10783235,0.0012,0.0023375,0.001932353,0.20983998,0.333825,0.2847647,0.09122,0.2129875,0.16016765,0.3997,0.287875,0.3378647,0.55535215,0.20550525,0.35034865
69,1,4364307.856613914,537213.7850367262,0.018475,0.0285,0.02819524,0.0252,0.0403,0.036157142,0.06035,0.06106667,0.06442381,0.042275,0.075666666,0.06292381,0.36315,0.1807,0.27713332,0.19225,0.20186666,0.20948572,0.085525,0.12696666,0.11447142,0.001,0.0024333333,0.0017428572,0.54771405,0.19275,0.37497714,0.35496405,0.019861538,0.03635,0.02882,0.026369233,0.048639998,0.037706,0.064569235,0.07184,0.067774,0.045353845,0.09539,0.06968,0.10253847,0.1204,0.111724,0.26723844,0.16167,0.21146399,0.3259,0.18277,0.24963601,0.3339,0.19788,0.263774,0.05809231,0.09063,0.082564004,0.0018923077,0.0023299998,0.00187,0.20447692,0.25126,0.2308,0.09518462,0.15984,0.12784,0.3675154,0.21315,0.28619,0.49999356,0.17957816,0.33908665
70,1,4198738.970210267,554315.8850242257,0.025833335,0.055525,0.042322222,0.031233335,0.070925,0.053855553,0.07206667,0.105625,0.09116667,0.050933335,0.13655,0.100277774,0.43916667,0.293725,0.3558778,0.2354,0.384625,0.3272,0.10813334,0.269475,0.19955556,0.0008666667,0.0044,0.002438889,0.6216083,0.24233788,0.40023938,0.37927043,0.022042857,0.044944447,0.03823585,0.031157143,0.06381111,0.052281134,0.073285714,0.09607778,0.08808868,0.05,0.12652221,0.0975,0.11587142,0.16347778,0.14703208,0.3181,0.21955557,0.25954717,0.39351428,0.24672222,0.30288678,0.39585716,0.26334444,0.31716415,0.05677143,0.10746666,0.10979811,0.00095714285,0.0024555556,0.0022018868,0.24578571,0.3691889,0.32946792,0.109314285,0.24565557,0.19511887,0.44192857,0.2863222,0.34573776,0.5703986,0.2182872,0.35403112
71,1,4210707.863206889,567092.8799081874,0.026633335,0.05015,0.035426665,0.0312,0.064325,0.04462,0.07153333,0.0984,0.079,0.047133334,0.12465,0.08308666,0.4606,0.29345,0.35662666,0.22476667,0.358625,0.29777333,0.10046667,0.238125,0.17248,0.0008333333,0.003975,0.0019066668,0.6568301,0.26497385,0.43948248,0.39185622,0.02588,0.03754,0.031252,0.03634,0.05848,0.04422,0.07436,0.088,0.076708004,0.053859998,0.11536,0.076708004,0.11356,0.14864,0.125512,0.31048,0.2032,0.2562,0.38724,0.23338,0.30751202,0.39698002,0.2523,0.32474,0.07642,0.07102,0.091664,0.0032,0.0016600001,0.002392,0.24956001,0.34984,0.287424,0.11656,0.22396001,0.159748,0.43056002,0.27574,0.348656,0.5620333,0.2238805,0.41096494
72,1,4257881.286801752,503745.98137974436,0.0272,0.0317625,0.02664,0.03308,0.04195,0.034762856,0.07258,0.064175,0.06406286,0.05038,0.0758875,0.060354285,0.3965,0.188375,0.27620572,0.2063,0.1910125,0.19705714,0.099740006,0.133225,0.11529143,0.0018799999,0.0023,0.0017857143,0.57024723,0.20519352,0.3797377,0.3650537,0.028054545,0.0669,0.037061818,0.0337,0.053154547,0.038387273,0.072636366,0.071336366,0.06688546,0.050218184,0.08199091,0.060554545,0.11385454,0.110990904,0.107361816,0.2877,0.14877273,0.21384546,0.34773636,0.16534546,0.25286365,0.3440182,0.15983637,0.2503018,0.07429091,0.11668182,0.11018182,0.0019636364,0.002209091,0.0019418183,0.22240908,0.17938182,0.20379454,0.10949091,0.1209909,0.11688909,0.38874546,0.18898183,0.28426546,0.501522,0.14345536,0.33989468
73,1,4336732.411253043,534119.1694559115,0.034175,0.04155,0.03284737,0.041425,0.05285,0.040794734,0.07705,0.07935,0.07148421,0.064775,0.09455,0.06692105,0.386275,0.25385,0.32736316,0.250775,0.2564,0.2341158,0.124825,0.1647,0.12658948,0.0011,0.00175,0.0014263157,0.5213283,0.26894793,0.4375785,0.25238034,0.026806667,0.0641125,0.033459324,0.03144667,0.0661875,0.039303392,0.06776,0.0907625,0.07023729,0.047833335,0.10735,0.06498305,0.10721333,0.1503,0.11584916,0.28702667,0.2200875,0.24738814,0.35382,0.2477375,0.2952695,0.36200666,0.2487875,0.30443898,0.06358667,0.1183,0.09918305,0.0017200001,0.00205,0.0019220338,0.22921333,0.239175,0.23598306,0.10731333,0.1512375,0.12574407,0.39525333,0.2816625,0.33321187,0.53184575,0.23472339,0.40991545
74,1,4221530.585145665,505090.2779889175,0.023766667,0.02706,0.02706,0.0293,0.036739998,0.03469,0.0628,0.052940004,0.059329998,0.046566665,0.07148,0.064025,0.3866,0.16352,0.25508,0.22996667,0.2152,0.230445,0.12076666,0.14488001,0.14282,0.0011333333,0.0025799999,0.001635,0.5673425,0.17235024,0.339053,0.3949923,0.025625,0.029272726,0.029045902,0.026133334,0.03579091,0.032534428,0.057858333,0.051236365,0.057167213,0.039766666,0.07430909,0.062611476,0.09566667,0.092836365,0.101967216,0.27175832,0.11898182,0.18862295,0.33521667,0.13631818,0.2228082,0.344675,0.15115455,0.23648196,0.049583334,0.066081814,0.07313771,0.0011833333,0.0014636364,0.0016704918,0.21984167,0.23806365,0.24208853,0.109958336,0.15611817,0.14795737,0.37346667,0.16635454,0.25748524,0.5293125,0.14450108,0.3134497
75,1,4377901.443640367,549520.4918010331,0.02666,0.0368,0.031013636,0.033439998,0.049575,0.039977275,0.07022,0.08,0.07418182,0.0505,0.0912,0.06763636,0.44966,0.291175,0.38296366,0.22873999,0.25035,0.23929092,0.10346,0.153925,0.12635,0.00176,0.002075,0.0019818181,0.6352571,0.3310724,0.51014227,0.30418473,0.02543,0.17285384,0.06359615,0.02982,0.1843077,0.07139808,0.06858,0.21308462,0.10550577,0.04855,0.22502308,0.100451924,0.10944,0.26923844,0.15485,0.31158,0.34983847,0.30306154,0.39428002,0.37883845,0.36095,0.4011,0.39117694,0.37361538,0.073359996,0.15516153,0.11841922,0.00169,0.0037076923,0.0021826923,0.23381001,0.23340769,0.23927885,0.1085,0.14935385,0.12987307,0.44196,0.40943846,0.4025904,0.5807613,0.21508788,0.4229322
76,1,4294265.3846704,414912.91914258734,0.04445,0.045,0.04806316,0.0503,0.05878333,0.05963158,0.09805,0.08268333,0.08895789,0.0811,0.0996,0.09415263,0.42645,0.22598332,0.29632103,0.2518,0.27476668,0.27326843,0.1361,0.19908334,0.17998947,0.0014,0.0029166667,0.0020105264,0.5325892,0.21566775,0.3320142,0.31692144,0.02985,0.035155553,0.035810344,0.035125,0.038533334,0.039965518,0.0734,0.059344444,0.067168966,0.05225,0.074211106,0.07005517,0.115075,0.10775556,0.11534828,0.294125,0.14754444,0.20211379,0.361025,0.16384445,0.23434483,0.35915,0.17013334,0.23862414,0.059875,0.08348889,0.08897931,0.0012,0.002088889,0.0019931034,0.23875,0.25244445,0.26015863,0.12195,0.1762111,0.1664862,0.398975,0.19087778,0.26596552,0.5168233,0.17786564,0.29957023
77,1,4299505.712076474,693440.5273131923,0.04475,0.04456,0.0405,0.052,0.0572,0.050405,0.0797,0.08682,0.079865,0.06895,0.108219996,0.08328,0.38225,0.28472,0.329245,0.23145,0.27624,0.24868001,0.1137,0.17488,0.13938001,0.001,0.00154,0.0016549999,0.50606376,0.2857008,0.4021357,0.22036296,0.04508,0.0601,0.049286958,0.0438,0.06325,0.05363913,0.073920004,0.0943,0.08333913,0.061240003,0.11405,0.08560435,0.106319994,0.1472,0.124682605,0.27804,0.2382,0.24661304,0.34844,0.27865,0.29684347,0.36088002,0.3048,0.3173739,0.06618,0.07725,0.07804783,0.0011,0.00185,0.0018478261,0.2235,0.2906,0.25499564,0.10956,0.17565,0.14325652,0.38576,0.3247,0.33491305,0.49679807,0.3021026,0.38049296
78,1,4262303.809679745,634286.134084987,0.024655556,0.0288375,0.025239024,0.028233334,0.0374625,0.031731706,0.05846667,0.06,0.058197558,0.040822223,0.0777375,0.057514638,0.40603334,0.205875,0.29836583,0.19478889,0.2590125,0.2219122,0.09028889,0.256425,0.14193659,0.0011444445,0.001925,0.0016707317,0.6070637,0.23005843,0.41919214,0.37700528,0.0298,0.03915,0.031221429,0.022385715,0.0309,0.027185714,0.05352857,0.05115,0.05435,0.029514285,0.07475,0.054432143,0.0936,0.10795,0.104585715,0.30282855,0.1602,0.226175,0.38204286,0.1923,0.27296427,0.39934283,0.19675,0.28815356,0.06864286,0.0378,0.084160715,0.0010714285,0.0012,0.001875,0.20987144,0.2798,0.24501072,0.09274286,0.1704,0.13440357,0.42447144,0.23415,0.31285357,0.6288843,0.22163282,0.4118321
79,1,4309689.032474009,408353.994758545,0.02115,0.041233335,0.0341,0.0271,0.048,0.040173683,0.059,0.06228333,0.0629,0.03985,0.07675,0.06414211,0.383,0.1729,0.25195265,0.19815,0.24226667,0.22844736,0.0888,0.17023334,0.13902105,0.00155,0.0029166667,0.001931579,0.58017844,0.17712402,0.33397004,0.40305442,0.02675,0.064059995,0.043110345,0.025275,0.05784,0.04029655,0.05365,0.07131,0.060672414,0.03315,0.086090006,0.06296551,0.081125,0.10729,0.09641724,0.2696,0.13145,0.17272069,0.344725,0.14699,0.20288277,0.3358,0.14685,0.20163792,0.05915,0.07146,0.079862066,0.001375,0.00191,0.002213793,0.18515,0.20546001,0.20886207,0.081775,0.14625,0.12911034,0.3665,0.1714,0.22972414,0.5345813,0.11223037,0.25627774
80,1,4290384.154439507,536660.8242851115,0.01956,0.042033333,0.0284,0.0249,0.0549,0.036273684,0.05652,0.08373333,0.06792632,0.0406,0.1035,0.06403158,0.33164,0.24983333,0.30497897,0.17728001,0.2655,0.22003157,0.07578,0.1721,0.117857896,0.00104,0.0029666666,0.0016526316,0.5091387,0.24417648,0.41296166,0.26496223,0.028807694,0.0452,0.033180356,0.035915382,0.050955553,0.039130356,0.07162308,0.07893333,0.07211071,0.06257692,0.10194445,0.06882321,0.11510769,0.1414,0.12071608,0.25713846,0.19213334,0.24174285,0.31136155,0.21611111,0.28479105,0.31873077,0.22853333,0.296825,0.057361536,0.11321111,0.09470714,0.0022461538,0.002911111,0.002257143,0.23614614,0.28005555,0.24459106,0.116869226,0.17506666,0.13118213,0.35194615,0.25034443,0.3207732,0.43595743,0.21481957,0.38987973
81,1,4234275.015147868,650145.6997379906,0.02506,0.05696667,0.036886957,0.03258,0.0788,0.049347825,0.07978,0.123116665,0.0923087,0.0535,0.16128334,0.093004346,0.4691,0.32411668,0.39287826,0.23053999,0.33141667,0.26752174,0.10296,0.20966667,0.14547391,0.00134,0.0014833333,0.0017956522,0.6503912,0.23789395,0.46388844,0.41249728,0.0259,0.05195,0.034196667,0.031033335,0.07225,0.0433,0.07638889,0.11365,0.08434667,0.048077777,0.160575,0.08136,0.12185556,0.19375,0.14158,0.33911112,0.23425,0.29427335,0.42204443,0.262375,0.35420334,0.42303336,0.272,0.36233002,0.079722226,0.083125,0.10058,0.0010777778,0.0014,0.0017633333,0.22945556,0.3525,0.27166668,0.100555554,0.2243,0.14186333,0.4706,0.304025,0.40065,0.6093193,0.16807403,0.45096803
82,1,4236790.311551756,629832.8004769089,0.02395,0.035566665,0.028376922,0.0285,0.045,0.035466667,0.05815,0.06771111,0.06098461,0.0467125,0.0886,0.06552821,0.3387125,0.20273334,0.26189232,0.196775,0.25347778,0.21995643,0.09235,0.16223334,0.12354103,0.001225,0.001488889,0.0017743589,0.50316286,0.20159581,0.34591606,0.30156705,0.023883333,0.03396,0.02928,0.0281,0.04054,0.036488,0.059183333,0.06376,0.06396,0.048866667,0.09284,0.071316,0.096,0.11614,0.108136,0.24916667,0.15172,0.20096,0.3102,0.176,0.24066001,0.32008332,0.19725999,0.257676,0.07013333,0.0641,0.084484,0.0012333333,0.0016,0.001596,0.21676667,0.26762,0.24501202,0.102683336,0.16591999,0.135968,0.34888333,0.21412,0.278148,0.47172597,0.18382818,0.32606998
83,1,4311618.348132231,531283.9654037574,0.0257,0.0472,0.031715,0.03205,0.06035,0.03925,0.075025,0.09515,0.076205,0.047925,0.1074,0.061965004,0.46375,0.3534,0.402985,0.207225,0.2866,0.227325,0.0896,0.1804,0.11496,0.0011,0.00225,0.0016,0.65846354,0.38171256,0.54942924,0.27675098,0.030561112,0.06855833,0.039146155,0.038483333,0.07981667,0.047203075,0.08065,0.109458335,0.083158456,0.05951111,0.12659167,0.07243077,0.12490556,0.16695,0.12976,0.31089443,0.23729168,0.2844246,0.3822611,0.26816666,0.34168616,0.3878611,0.28231668,0.35272923,0.060872223,0.10341666,0.09660923,0.001838889,0.003025,0.0019092308,0.23779443,0.2577417,0.24110153,0.112911105,0.16145834,0.12607077,0.4265,0.304275,0.38072154,0.53627855,0.24544702,0.45903522
84,1,4300599.978131967,600242.6525972682,0.024357142,0.026216665,0.027166666,0.027714286,0.036,0.03349722,0.0613,0.0583,0.059652776,0.039657146,0.07306667,0.057938892,0.36981428,0.19731666,0.26458332,0.19421428,0.18636666,0.20745556,0.08891429,0.11851666,0.11573611,0.0011142858,0.0020333333,0.0015166667,0.56341136,0.22629145,0.36805186,0.3371199,0.025166668,0.27733332,0.05723333,0.0296,0.36913332,0.075625,0.06566667,0.39586666,0.10538334,0.041966666,0.41276667,0.1043875,0.09708333,0.42406666,0.14372084,0.27698332,0.4735,0.24979582,0.335,0.4847,0.2859625,0.34561667,0.49286667,0.29817083,0.07035,0.17123334,0.08677917,0.0011666667,0.0023666667,0.0015125,0.21385,0.1071,0.219975,0.09885,0.08373333,0.12278334,0.37326667,0.49756664,0.32000417,0.5248605,0.08063196,0.31281596
85,1,4276504.274962619,562935.1394040459,0.020075,0.0562,0.03582143,0.027225,0.07385,0.047457144,0.0697,0.11135,0.08665,0.045675,0.14065,0.08893571,0.4568,0.31495,0.37312856,0.211775,0.37275,0.28685,0.08995,0.23925,0.15844285,0.001,0.002,0.0014357142,0.6561538,0.26368976,0.44780892,0.39246404,0.0284,0.049163636,0.03858387,0.030684616,0.06980909,0.047817744,0.070815384,0.1035,0.08412258,0.046030767,0.13775454,0.086474195,0.111207694,0.17420909,0.13914193,0.31833845,0.23295455,0.2683484,0.39354613,0.2623,0.31629357,0.39891538,0.28212726,0.33043548,0.06285384,0.09477273,0.08919516,0.0014692307,0.0021,0.0019806451,0.22077693,0.36532727,0.28861937,0.09661539,0.22712727,0.15698871,0.4401385,0.3044818,0.35821614,0.5844825,0.22380061,0.39656284
86,1,4395700.565102992,419934.87482034817,0.021233333,0.048175,0.034233335,0.0282,0.0633,0.045938887,0.0634,0.099175,0.08263889,0.046366666,0.125875,0.089716665,0.34656668,0.2964,0.3294389,0.20823333,0.3409,0.27993333,0.09786667,0.218075,0.15882778,0.0010333332,0.00155,0.00175,0.51480037,0.26669535,0.38796058,0.24810502,0.0273125,0.036870003,0.032242857,0.0321125,0.05065,0.042251427,0.06905,0.08401,0.07799143,0.048225,0.11563001,0.08781429,0.1072,0.15925,0.13883144,0.289425,0.22145,0.24833427,0.3599125,0.25176,0.29362,0.3622,0.26444,0.30396858,0.0698,0.1249,0.105617136,0.0021375,0.0033099998,0.0022285716,0.237875,0.339,0.29845428,0.1091625,0.2123,0.1676,0.3998875,0.29271,0.33581144,0.53110236,0.24126886,0.35675552
87,1,4223641.573886063,637137.8097527873,0.0231,0.032333333,0.026,0.02588,0.0416,0.031991307,0.0613,0.0582,0.056804344,0.03262,0.08133333,0.057313044,0.44517997,0.16658334,0.27710435,0.1976,0.25223333,0.22366087,0.0816,0.15775,0.1201,0.00122,0.0013833334,0.0015608696,0.67700785,0.15650436,0.3884184,0.5205035,0.0214,0.027439998,0.02768387,0.022414286,0.031820003,0.0305,0.058814287,0.04994,0.058,0.0307,0.0784,0.060822584,0.09744286,0.09584,0.10489032,0.3169143,0.117759995,0.21081936,0.38987145,0.1366,0.25079355,0.38508573,0.1481,0.25825483,0.063,0.05192,0.076774195,0.0011,0.0013,0.0022290323,0.2017,0.2519,0.24169356,0.0846,0.1566,0.1296387,0.43131432,0.17165999,0.2911,0.6073383,0.13040127,0.35149583
88,1,4253527.488270644,594343.1483020566,0.0173625,0.037633333,0.025492858,0.0218125,0.047444444,0.032609526,0.0539375,0.06965555,0.06041667,0.0332,0.09201111,0.05974048,0.4571625,0.2439111,0.3491119,0.193825,0.2826,0.23027143,0.0766375,0.18074444,0.119626194,0.0014,0.0026,0.0017857143,0.6896648,0.2592614,0.48471284,0.43040338,0.017825,0.1338,0.041073076,0.01895,0.10165,0.03725,0.04685,0.12075,0.062246155,0.029875,0.14245,0.06493461,0.0783,0.183725,0.11033462,0.28705,0.231,0.23067693,0.381075,0.253875,0.28368077,0.389875,0.25535,0.2948423,0.07285,0.14095,0.102446154,0.0009,0.0028,0.0022307693,0.19805,0.229575,0.23302692,0.0788,0.149,0.12296538,0.422625,0.288925,0.32543844,0.61577404,0.17671219,0.3962053
89,1,4293404.013418074,689670.952803657,0.03164,0.04692,0.03487619,0.035979997,0.05746,0.04078095,0.068,0.0808,0.06885714,0.04964,0.10166,0.06383333,0.40324,0.23706001,0.32813808,0.22168,0.27182,0.23145239,0.10042,0.17474,0.12309524,0.00148,0.00154,0.0014095238,0.58067125,0.228555,0.44605747,0.35211626,0.026375,0.0316,0.030108334,0.0320125,0.0427,0.040179167,0.064425,0.0723,0.07112083,0.0458125,0.0742,0.0660125,0.0966875,0.1101,0.111033335,0.2763,0.1983,0.24370417,0.342175,0.2383,0.29379168,0.3609875,0.2599,0.31327918,0.0595375,0.0349,0.07135,0.0011375,0.0015,0.0015916667,0.2193125,0.2502,0.24024168,0.0992875,0.1411,0.12577084,0.3865875,0.2744,0.3331875,0.53567034,0.32284874,0.42003316
90,1,4271272.707334023,580520.7940305049,0.0208,0.043166667,0.028088888,0.025139999,0.051433332,0.033188887,0.05298,0.0723,0.05833333,0.03746,0.08463333,0.05256667,0.35938,0.21326667,0.28814444,0.16854,0.2062,0.18915,0.07372,0.14123334,0.10242778,0.0023,0.0042333333,0.0021333334,0.5553087,0.22704493,0.41641983,0.32826376,0.022185715,0.039166667,0.02842414,0.028685715,0.0493,0.035793103,0.055714287,0.067433335,0.060403448,0.04172857,0.08153333,0.056537934,0.08672857,0.103266664,0.09605517,0.25021428,0.1445,0.20632067,0.3183,0.16593334,0.2492138,0.31567144,0.1783,0.25740343,0.05972857,0.0505,0.075872414,0.0011571428,0.0012,0.002213793,0.19735715,0.2427,0.2171138,0.08632857,0.15503334,0.115596555,0.35644284,0.19553334,0.2830414,0.48371774,0.17606999,0.3604664
91,1,4375211.317121461,442710.03084801737,0.04675,0.0554,0.04636316,0.054975,0.073575,0.05982105,0.088075,0.107575,0.09723158,0.092125,0.143,0.110694736,0.285925,0.25205,0.30853683,0.270725,0.327725,0.2855158,0.166875,0.23245,0.17896841,0.0012,0.001175,0.0012526315,0.32149434,0.17089799,0.31419381,0.15059635,0.033816665,0.0427875,0.040108573,0.045316666,0.0660625,0.056711424,0.07646667,0.101425,0.092905715,0.08168333,0.1439375,0.11464857,0.11523334,0.17585,0.15533143,0.21528332,0.2069,0.22917144,0.2638333,0.2311625,0.26468572,0.25986668,0.2393375,0.2717857,0.036666665,0.1134,0.091325715,0.00165,0.0026125,0.0020028572,0.2666,0.3405625,0.3058,0.15776667,0.2355625,0.19494571,0.29341668,0.2666625,0.3008457,0.3059663,0.15049337,0.25394797
92,1,4247408.4998534,544671.7038711713,0.0243,0.040833335,0.029875,0.0283,0.0515,0.0374125,0.05905,0.0772,0.06540625,0.03885,0.09223333,0.0636625,0.4206,0.26506668,0.3410875,0.1895,0.2532333,0.22075625,0.08105,0.16133334,0.11929375,0.0009,0.004166667,0.00255,0.6304332,0.29068595,0.46427,0.33974725,0.0297,0.03750909,0.03229524,0.028125,0.0446,0.03428254,0.061025,0.06754545,0.06244127,0.03883125,0.08460909,0.057241272,0.096175,0.1201,0.106107935,0.3037625,0.18755454,0.2522905,0.38818124,0.21698181,0.31162062,0.398625,0.23185454,0.32468888,0.0649125,0.114445455,0.10352699,0.0011875,0.002809091,0.0018111111,0.21543124,0.26844546,0.2349476,0.09275,0.16335455,0.12116825,0.43466875,0.25716364,0.35480952,0.60294425,0.25654012,0.4573105
93,1,4250137.782324771,627745.6483016409,0.022375,0.04739,0.03092927,0.0285625,0.06595,0.04142439,0.066325,0.10479,0.078329265,0.04835,0.13601999,0.07852439,0.3970875,0.29102,0.3445488,0.2170375,0.32335,0.25580975,0.097925,0.20542,0.1381683,0.0011,0.0024899999,0.001809756,0.57618654,0.239572,0.43382767,0.33661455,0.022983333,0.0371,0.027711999,0.026833335,0.0643,0.036507998,0.06143333,0.1,0.070788,0.044333335,0.1458,0.068312,0.10366666,0.1634,0.121464,0.27163333,0.1893,0.24818401,0.3354,0.2121,0.295896,0.34121668,0.2226,0.306008,0.056483332,0.0461,0.079908,0.00105,0.0014,0.002084,0.22291668,0.366,0.259356,0.0979,0.2301,0.132624,0.38016668,0.2481,0.337836,0.5127106,0.122097015,0.4042568
94,1,4236157.713725719,605602.4259921549,0.022083333,0.04605,0.034526315,0.02815,0.062709995,0.04568158,0.06561667,0.09814,0.08015,0.0453,0.12956999,0.08938158,0.421,0.2758,0.32681316,0.22323333,0.3281,0.28664473,0.09755,0.20835,0.16181841,0.0010833333,0.00269,0.0020921053,0.6140012,0.2303897,0.38510856,0.3836115,0.02697143,0.04298,0.034755554,0.031142855,0.054279998,0.041881483,0.06864286,0.08442,0.07481481,0.04912857,0.1183,0.08223333,0.10978572,0.15261999,0.12990741,0.30467144,0.2029,0.2449111,0.37847143,0.23046,0.2905,0.38405716,0.24134,0.29994816,0.07355714,0.0807,0.08639629,0.0022428571,0.00176,0.0021444445,0.24447143,0.33864,0.2911926,0.1092,0.20988001,0.1591963,0.42584288,0.26804,0.33213705,0.55748373,0.20167053,0.36351037
95,1,4333147.296997101,421232.8996396876,0.0211,0.041625,0.023826316,0.02925,0.054025,0.03223684,0.0698,0.08495,0.0648,0.05075,0.104125,0.05809474,0.42065,0.293275,0.34640527,0.2299,0.287575,0.2199,0.1033,0.178775,0.113405265,0.0011,0.0035,0.0017894737,0.59953326,0.30642992,0.48509926,0.29310334,0.0225,0.0436375,0.03652963,0.032679997,0.0472125,0.03754074,0.07076,0.0745625,0.06844074,0.059159998,0.0901125,0.06662222,0.110659994,0.1350375,0.11707038,0.26888,0.1995,0.2345074,0.34126002,0.2320375,0.28444815,0.34272,0.240675,0.29351112,0.04684,0.1139875,0.1016963,0.0037,0.002225,0.0024185185,0.23062,0.279775,0.24396667,0.11036,0.1678,0.13138889,0.37908,0.269475,0.32162592,0.47746894,0.2583531,0.39027143
96,1,4267214.942039757,542187.6884505774,0.0287,0.0467,0.031,0.034220003,0.0595,0.038973685,0.073359996,0.08986667,0.07191579,0.047420003,0.106133334,0.06383684,0.46192002,0.2901,0.3625053,0.22446,0.30033332,0.23430528,0.09986,0.19206667,0.1243579,0.00106,0.003,0.0018894738,0.6576326,0.29771537,0.49262014,0.35991722,0.0306,0.043463636,0.035128813,0.034369234,0.050845455,0.040345766,0.07505385,0.07740909,0.073261015,0.046523076,0.089472726,0.06439661,0.11373077,0.13315454,0.11999661,0.3366077,0.20898181,0.26981017,0.4199769,0.23897272,0.32371694,0.4259,0.25303635,0.33522713,0.07062308,0.10738182,0.105750844,0.0015615385,0.0019,0.0021932204,0.228,0.27287272,0.25108644,0.10246154,0.16447273,0.13154067,0.4658,0.27566364,0.36443222,0.6168508,0.27859187,0.45448104
97,1,4271713.808931995,605136.2129244523,0.032214284,0.03365,0.02722973,0.046042856,0.045925,0.037983783,0.09062857,0.076025,0.07469729,0.08895714,0.0933125,0.07382432,0.36547142,0.23945,0.32550272,0.30222857,0.2383625,0.23866758,0.16401428,0.1479,0.13245405,0.0010857142,0.0015875,0.0016216217,0.43780842,0.24965404,0.4187156,0.18815438,0.030125,0.036566667,0.030653846,0.037475,0.0401,0.033457693,0.077025,0.06456667,0.065534614,0.0646,0.0812,0.06214231,0.128225,0.11483334,0.11511154,0.2971,0.17246667,0.2441,0.36225,0.1997,0.29312307,0.359425,0.20256667,0.29516923,0.07225,0.0492,0.08650385,0.00145,0.0015,0.0019,0.268975,0.23926668,0.23836538,0.13455,0.14223334,0.12626153,0.40535,0.23216668,0.3290577,0.48668182,0.21712218,0.40335318
98,1,4225392.3457786525,627406.4800774329,0.0217375,0.042077776,0.030877499,0.0281625,0.057955556,0.0407475,0.0679875,0.09074444,0.0744275,0.0462125,0.11811111,0.076534994,0.4326875,0.25924444,0.33224,0.2354875,0.3173,0.274315,0.1056375,0.2081,0.1546125,0.0011125,0.0029333334,0.0021525,0.6259323,0.2287099,0.42169824,0.39722237,0.0278,0.03252,0.031337038,0.027875,0.0495,0.037762962,0.06675,0.081159994,0.07207037,0.0420625,0.113859996,0.072577775,0.1093125,0.14444,0.124277785,0.3207,0.19318001,0.25703704,0.399,0.22002,0.30894816,0.4040375,0.23222,0.3199,0.076475,0.06946,0.086137034,0.0011375,0.00202,0.0016111111,0.2394,0.32024,0.28154445,0.1046125,0.20306,0.15080741,0.443875,0.25692,0.35094815,0.6012924,0.19654807,0.4138351
99,1,4273956.234536204,531679.8917265725,0.0261,0.0476,0.035364706,0.029975,0.0611,0.043,0.065225,0.09156667,0.07474118,0.041775,0.111833334,0.07152941,0.443425,0.2649,0.3415,0.206425,0.30773333,0.25387058,0.087075,0.19676666,0.13775294,0.0023,0.0029333334,0.002,0.65047276,0.24957062,0.44603464,0.40090215,0.025386667,0.043139998,0.033523332,0.028566666,0.058909997,0.041986667,0.06380667,0.088240005,0.073628336,0.04032,0.10989,0.070321664,0.103719994,0.1472,0.12155,0.31894666,0.20547,0.25295335,0.39944,0.23323001,0.30252334,0.40829334,0.25155,0.31693,0.067159995,0.09617,0.092428334,0.0012466667,0.0020899998,0.0018466667,0.22148667,0.31175,0.262565,0.09324667,0.19341,0.139525,0.44844,0.27056,0.34391168,0.61122644,0.23371823,0.41496935
100,2,4313602.404724187,589933.4810325224,0.036775,0.04265,0.038527776,0.0427,0.05195,0.046777777,0.07245,0.0876,0.07974444,0.067075,0.0934,0.08048333,0.349625,0.35195,0.3342389,0.24805,0.2863,0.25795558,0.1367,0.18525,0.15345556,0.00145,0.00245,0.001438889,0.46761063,0.41010776,0.4153394,0.057502866,0.025833335,0.0321,0.028478263,0.033983335,0.0453,0.040982608,0.06306667,0.0795,0.075134784,0.05741667,0.0794,0.07692609,0.09595,0.1467,0.12684783,0.2676,0.2664,0.25636086,0.3484,0.3077,0.3091739,0.3493,0.3136,0.3162217,0.05516667,0.0506,0.083169565,0.0010833333,0.0016,0.0020391303,0.23578332,0.3059,0.2641739,0.11895,0.1746,0.14887826,0.384,0.3487,0.34523913,0.49069217,0.3892538,0.39860168
101,2,4399807.923047333,524359.7164348323,0.033242855,0.050366666,0.04625641,0.037042856,0.06135,0.057261534,0.06515714,0.08608333,0.09085385,0.048742857,0.110633336,0.10691795,0.45547143,0.18913333,0.29328462,0.22155716,0.30121666,0.29684103,0.11357142,0.24736668,0.21217693,0.0021714284,0.00155,0.0017179487,0.6466461,0.13491186,0.3006132,0.51173425,0.0309,0.10245384,0.055887878,0.03225,0.11051538,0.063268185,0.06349375,0.13343078,0.09491667,0.04805,0.16010769,0.11102273,0.0940375,0.17589231,0.14507121,0.30949375,0.19207692,0.2311515,0.39799374,0.20532307,0.2707303,0.387375,0.21116155,0.2734303,0.0592,0.085346155,0.08044697,0.00151875,0.002323077,0.002322727,0.22195,0.27255386,0.2903,0.11485625,0.21952307,0.2046803,0.43361875,0.22742307,0.3031606,0.5645274,0.080000676,0.26366833
102,2,4351340.94289898,492214.9719637976,0.042039998,0.05746,0.052972093,0.04337,0.06752,0.06306512,0.064679995,0.08572,0.09126047,0.0472,0.111540005,0.10725814,0.55302,0.17582,0.3311465,0.26005,0.31114,0.31236976,0.12663001,0.2547,0.21372327,0.0016600001,0.0030399999,0.0018023256,0.7588969,0.111325376,0.3523435,0.6475715,0.031357143,0.045214284,0.049066667,0.033,0.05434286,0.059842426,0.056614287,0.07277143,0.087203026,0.04217143,0.09942857,0.10761212,0.07955714,0.11307143,0.1348303,0.33212855,0.125,0.22177576,0.47351432,0.13795714,0.27138484,0.4778,0.1463,0.28297576,0.07958571,0.07257143,0.089236364,0.004342857,0.0022857143,0.0026272729,0.24172856,0.27618572,0.3112333,0.113871425,0.21927144,0.21609394,0.5132143,0.15851428,0.30532727,0.6897173,0.08460983,0.2844513
103,2,4294598.081720394,532979.1612058185,0.0358,0.062,0.049142104,0.038633335,0.07263333,0.05883158,0.06716667,0.1005,0.09001053,0.051166665,0.11813334,0.10168421,0.50266665,0.2586,0.2936263,0.2747,0.32066667,0.30016842,0.14286666,0.24916667,0.21082105,0.001,0.0035333333,0.0018526316,0.694416,0.22771682,0.31206676,0.46669918,0.03514737,0.05293333,0.045413557,0.03538421,0.061644446,0.05086271,0.06031579,0.08822222,0.07741187,0.043510526,0.1066,0.08312542,0.08644737,0.14737779,0.12174068,0.3319,0.19218889,0.23965932,0.4557316,0.2115111,0.29608646,0.45524737,0.22083333,0.30205086,0.07076842,0.08417778,0.08009492,0.0015631579,0.0033111111,0.001916949,0.25315264,0.30285558,0.28788304,0.12149474,0.22475557,0.18825933,0.4968316,0.2370111,0.3288678,0.65997326,0.1933964,0.36449865
104,2,4371926.91180102,436576.4044079236,0.025475,0.049525,0.041258823,0.031475,0.064425,0.052111767,0.05775,0.092775,0.08235294,0.045525,0.117775,0.093058825,0.3961,0.2677,0.31984708,0.215225,0.337825,0.29917645,0.101275,0.233925,0.19277647,0.001425,0.001675,0.0015588235,0.58221126,0.24175836,0.3674021,0.3404529,0.021757143,0.040783335,0.039929412,0.0283,0.05723333,0.05055294,0.05671429,0.084533334,0.08172941,0.049014285,0.11953334,0.1010353,0.08418571,0.14986666,0.13522646,0.2438,0.19138333,0.21768235,0.33435714,0.21538332,0.26237646,0.3367857,0.22736667,0.27148822,0.05895714,0.0914,0.083155885,0.0019857143,0.0018833334,0.002,0.22818571,0.3413,0.31363824,0.11125714,0.2348,0.20545588,0.3713,0.24831668,0.29830882,0.4946498,0.17803133,0.28146628
105,2,4324412.995685032,460814.24272910046,0.017325,0.067320004,0.055461902,0.02295,0.08454,0.07025714,0.04475,0.11894,0.103609525,0.039125,0.15436,0.13368572,0.398025,0.23954,0.2828238,0.17085,0.37516,0.33775714,0.080875,0.30846,0.2545095,0.001125,0.0035599999,0.0017571428,0.60140425,0.13226674,0.23249504,0.4691375,0.01446,0.047385715,0.048410714,0.01514,0.06511429,0.06381429,0.0397,0.09582857,0.09757857,0.02318,0.13535714,0.12853214,0.04972,0.15654285,0.15295,0.26102,0.17492858,0.21455716,0.4143,0.19092858,0.25930357,0.41132003,0.19971429,0.26655716,0.057759997,0.09121429,0.08830714,0.001,0.0028285715,0.0020321428,0.15604,0.33945715,0.33588928,0.061540004,0.26538572,0.24925,0.44386002,0.21858571,0.28979644,0.6614736,0.10553318,0.21908255
106,2,4368281.966690046,478859.45465067483,0.0457,0.057120003,0.04301579,0.0496,0.07126,0.052955262,0.0777375,0.09988,0.08398947,0.0655625,0.12226,0.09274211,0.4395125,0.24326001,0.33394474,0.297075,0.32658002,0.2832237,0.16235,0.23276001,0.17207631,0.0011875,0.0018600001,0.0015394738,0.58544487,0.19685246,0.38740543,0.38859242,0.037,0.046385713,0.039428204,0.043955553,0.06675714,0.053115387,0.07298889,0.0923,0.084338464,0.06746667,0.11814286,0.09672308,0.106422216,0.14692858,0.13671282,0.32126668,0.18745714,0.24737693,0.41972223,0.20425715,0.2965513,0.41642222,0.21418571,0.30522308,0.06306667,0.0868,0.08345128,0.0036888889,0.0022714285,0.002625641,0.28643334,0.3126,0.28899232,0.15516666,0.2161,0.1768282,0.45438886,0.23084284,0.33046925,0.5527248,0.16031419,0.3390556
107,2,4275964.544906629,662387.9771711705,0.041616667,0.053775,0.048063636,0.043216664,0.063675,0.056909088,0.06795,0.08875,0.087309085,0.048483334,0.11145,0.096013635,0.49143335,0.1794,0.33292273,0.24023333,0.259825,0.26955456,0.12123334,0.217825,0.18203183,0.0016333334,0.001625,0.0017681818,0.68875456,0.1174078,0.37884715,0.57134676,0.04575,0.0472,0.04850357,0.045725,0.0572,0.056657143,0.0738125,0.0803,0.08924643,0.0618,0.1096,0.10291786,0.10275,0.117,0.14059642,0.324775,0.1327,0.25705716,0.43315,0.1464,0.31354284,0.4262875,0.1468,0.31649643,0.0685,0.0234,0.07505714,0.001225,0.0015,0.0018285715,0.2573375,0.2682,0.28593573,0.1483625,0.2281,0.19368213,0.4684125,0.1675,0.34772855,0.57869583,0.06596493,0.34150732
108,2,4329971.242682042,586245.1367146544,0.040425,0.05775,0.052111767,0.04615,0.0671,0.063929416,0.0726,0.08875,0.09392353,0.06725,0.1077,0.11081177,0.4113,0.2205,0.3130059,0.29025,0.3094,0.3173706,0.17405,0.2443,0.22092941,0.001325,0.0025,0.0017294117,0.54690975,0.19067197,0.3201393,0.35623777,0.03689333,0.10733,0.0557,0.040526666,0.116790004,0.068195,0.06803333,0.13978,0.099643335,0.06164,0.16188,0.11462167,0.1005,0.19211,0.15375833,0.29476002,0.23091,0.25268,0.39368,0.24622,0.29790667,0.39533332,0.25225,0.30560833,0.06334,0.111990005,0.09295,0.0022333334,0.0027100001,0.002315,0.28206,0.28255,0.309815,0.15664667,0.213,0.206045,0.43111333,0.26812,0.33089665,0.54056233,0.13769515,0.3020602
109,2,4361247.384712345,594844.0318740745,0.036960002,0.0551,0.046488237,0.04044,0.0617,0.057458825,0.06396,0.085,0.0896,0.05582,0.0994,0.09979412,0.49326,0.2535,0.37637645,0.27678,0.286,0.30148235,0.14946,0.2164,0.18924706,0.00136,0.0023,0.0015058824,0.6720632,0.2582001,0.42791224,0.41386306,0.039933335,0.11376364,0.059364147,0.042358335,0.12057273,0.07002264,0.06734167,0.14451818,0.10112265,0.06024167,0.15914546,0.11150754,0.09835833,0.19799091,0.15337358,0.30859166,0.26664546,0.2798264,0.41550836,0.2899818,0.3354547,0.41768336,0.29364547,0.34302264,0.07445,0.13085455,0.10783208,0.00195,0.0023363635,0.002162264,0.28318334,0.2684182,0.30125096,0.15398334,0.18876363,0.18848868,0.4541,0.3138818,0.36939058,0.57199335,0.20067506,0.3593525
110,2,4321587.565310929,500979.89571483125,0.018855555,0.08981429,0.051706817,0.022322223,0.1059,0.06321137,0.042711113,0.13205715,0.089156814,0.028633334,0.16042858,0.10812046,0.4399778,0.23985715,0.27826136,0.15407778,0.27295715,0.2818682,0.06277778,0.2107,0.200425,0.0019222221,0.002657143,0.0020431818,0.68162173,0.12220638,0.27660683,0.55941534,0.0187,0.044483334,0.04309375,0.020985715,0.05288333,0.05201875,0.041842856,0.07551667,0.07811563,0.031957146,0.10653334,0.10053437,0.05614286,0.1283,0.124396876,0.23024285,0.1527,0.189575,0.35325715,0.16868334,0.23345,0.34895715,0.17696667,0.23944375,0.05717143,0.08506667,0.07964688,0.0053714286,0.00195,0.0026,0.15575714,0.29205,0.2937375,0.0669,0.22065,0.20960313,0.38418573,0.19651666,0.2654625,0.55588514,0.1229077,0.23452911
111,2,4316893.703986121,585282.4799664376,0.02185,0.06015,0.0497,0.027025,0.07165,0.06135,0.04665,0.0962,0.089372225,0.039125,0.1182,0.10792222,0.341025,0.21455,0.2691,0.15135,0.2802,0.27974445,0.075425,0.21135,0.2048611,0.001575,0.0023,0.001861111,0.5259857,0.16077307,0.26368752,0.36521265,0.028173333,0.1191,0.05636842,0.01808,0.12963334,0.06061754,0.04074,0.15425555,0.086726315,0.027733335,0.17916666,0.10367192,0.0633,0.2102,0.13493334,0.24782667,0.24264443,0.21376668,0.36915335,0.25793332,0.2617649,0.36801332,0.25948888,0.2625,0.0518,0.12891111,0.08425965,0.0014,0.0023666667,0.002059649,0.17712668,0.2670667,0.27412632,0.08118667,0.19557779,0.18882106,0.39926666,0.2823,0.29161227,0.5929986,0.1188558,0.262732
112,2,4319778.031485345,475053.0089266731,0.035266664,0.05808,0.054495003,0.036,0.0685,0.06607,0.056522224,0.08698,0.092825,0.037133336,0.1138,0.115055,0.5421889,0.18351999,0.30541,0.25195557,0.3362,0.3371475,0.118,0.278,0.2422075,0.0019111111,0.0037,0.0021950002,0.7740035,0.11965893,0.30090097,0.65434456,0.025360001,0.0424,0.046334483,0.026320001,0.05465,0.05962069,0.0537,0.07615,0.08932759,0.03652,0.106633335,0.11527931,0.07866,0.12171666,0.14247587,0.32722,0.13618334,0.21348277,0.4499,0.1506,0.25348276,0.4453,0.16221666,0.26332068,0.065859996,0.081366666,0.087437935,0.00134,0.0026833334,0.0022689656,0.24912,0.31081668,0.3395069,0.114719994,0.24198332,0.24197932,0.48546,0.17701666,0.28863794,0.6666567,0.09798655,0.2403283
113,2,4388632.305688457,574938.0751333367,0.033239998,0.054933332,0.045272727,0.035979997,0.06633333,0.054868184,0.058620002,0.09156667,0.082540914,0.045420002,0.11886666,0.096336365,0.46366,0.24296668,0.31881365,0.22598,0.34756666,0.29993635,0.111980006,0.24946667,0.19209546,0.0013199999,0.0021666666,0.001759091,0.66485745,0.20301045,0.3588295,0.461847,0.03496,0.09967143,0.058635484,0.035653334,0.10293572,0.064762905,0.061740004,0.12278572,0.09220645,0.0527,0.15083572,0.10992258,0.09162667,0.17526428,0.1427871,0.29943332,0.20786428,0.23631452,0.39949334,0.22462143,0.2814371,0.40100667,0.23082143,0.28830644,0.073413335,0.1049,0.09259355,0.0014066667,0.0025571429,0.0022241937,0.24695334,0.28952858,0.30131614,0.13118,0.20554285,0.1977258,0.44186002,0.25321427,0.3184,0.57006496,0.12554047,0.2873228
114,2,4389837.881700605,460628.0414756614,0.0185,0.050366666,0.048066664,0.022925,0.062433332,0.059677776,0.0497,0.0833,0.088755555,0.028875,0.10993334,0.108105555,0.4438,0.18056667,0.28436667,0.160325,0.2865,0.29611668,0.0645,0.21783333,0.20957778,0.00125,0.0015,0.0021166666,0.6855545,0.12225318,0.28543016,0.5633013,0.028214285,0.0440375,0.046791665,0.029942855,0.044725,0.050333336,0.05797143,0.064375,0.0763,0.042457145,0.0938875,0.09810278,0.07727143,0.11355,0.12429722,0.27017143,0.1292625,0.18291666,0.37482858,0.144525,0.21946111,0.37194285,0.1473625,0.2221,0.06812857,0.0802375,0.07711389,0.003842857,0.0023375,0.002727778,0.19015715,0.2698125,0.28877777,0.09355714,0.2017625,0.20433055,0.40551427,0.1690375,0.24945,0.55888987,0.097390704,0.21268138
115,2,4327844.000242854,581906.0748695744,0.0446,0.059,0.05011111,0.052175,0.07835,0.064105555,0.0794,0.1102,0.09698333,0.0859,0.143,0.121355556,0.4274,0.23235,0.32347223,0.29685,0.34715,0.31971666,0.1775,0.2709,0.21707222,0.001075,0.0025,0.0014333333,0.5226316,0.14177588,0.31292728,0.3808557,0.043607146,0.11016999,0.056905456,0.050828572,0.12538001,0.06915091,0.08169286,0.15283,0.101016365,0.08887143,0.18565,0.12480364,0.12277143,0.20633,0.15676181,0.30208573,0.22871001,0.25059092,0.39460716,0.24286,0.2990691,0.39537856,0.25296998,0.30907455,0.064414285,0.113680005,0.09452909,0.002407143,0.0033099998,0.0024872727,0.31628573,0.32405,0.32164726,0.1881,0.24986,0.21450363,0.43554288,0.26578,0.33532727,0.47633624,0.09908565,0.28638342
116,2,4349066.014790072,425384.61645474186,0.035925,0.050066665,0.047472224,0.037525,0.06046667,0.057038892,0.0574,0.08016667,0.07977778,0.0438,0.09993333,0.094722226,0.343525,0.22526668,0.2634111,0.226275,0.2828,0.28378332,0.11715,0.21073332,0.20067222,0.0011,0.0014333333,0.0018444444,0.5172506,0.21386383,0.2828937,0.30338675,0.047642857,0.04382222,0.044716667,0.048557144,0.05282222,0.052756663,0.06945714,0.07122222,0.074640006,0.07165714,0.09195556,0.09280667,0.09492857,0.12774445,0.121083334,0.21462856,0.17008889,0.19011,0.27917144,0.18713334,0.22721332,0.27794284,0.19494444,0.23450667,0.041414287,0.0816,0.07525667,0.0025,0.0024666665,0.0024899999,0.28607145,0.2715111,0.28762,0.18767142,0.1944889,0.20184,0.31074286,0.21156667,0.25732666,0.35568464,0.1818772,0.2430961
117,2,4308251.924896274,608636.3618033665,0.050683334,0.046742857,0.04961143,0.0567,0.05862857,0.0607,0.084,0.08878571,0.09187714,0.08698333,0.10292858,0.108331434,0.3991,0.25262856,0.29521143,0.30986667,0.28565717,0.3101057,0.1936,0.19752857,0.20820571,0.0017833334,0.0017714285,0.0018657142,0.48529825,0.24955702,0.30041018,0.23574123,0.03865,0.03645,0.041383334,0.04555,0.047,0.05375,0.0721,0.0722,0.087116666,0.08275,0.0999,0.1069,0.11375,0.11795,0.14623334,0.2593,0.14975,0.22535832,0.337,0.1682,0.26334167,0.33895,0.16765,0.2705,0.06565,0.03475,0.07583333,0.0013,0.00475,0.002575,0.2996,0.264,0.30990833,0.18755,0.18755,0.20825,0.3764,0.19385,0.2976,0.4165719,0.120345175,0.2678349
118,2,4294572.383427048,523193.63940672134,0.024525,0.05765,0.04638421,0.0301,0.0706,0.05713158,0.05455,0.0938,0.083457895,0.044,0.12,0.0985,0.41495,0.2185,0.2889105,0.1844,0.3074,0.28946316,0.08945,0.2493,0.20869473,0.002825,0.00555,0.0023421054,0.60989445,0.16345836,0.31208482,0.4464361,0.022717647,0.09865555,0.050265625,0.025164707,0.11478889,0.059248436,0.049205884,0.13486667,0.08367969,0.042005885,0.16107778,0.10157969,0.071435295,0.17946666,0.12574844,0.24982941,0.20496668,0.20508437,0.37155882,0.22064443,0.25648594,0.3688588,0.22784443,0.2616922,0.059688233,0.09493333,0.07974844,0.0016470589,0.0024222222,0.002065625,0.19049412,0.26266667,0.28308436,0.0907647,0.20144445,0.20115624,0.4074588,0.24768889,0.29134062,0.555996,0.103390366,0.26588222
119,2,4349117.1679527145,577253.5413323779,0.03395,0.0505,0.046694737,0.03575,0.0619,0.055378947,0.06118333,0.0784,0.08380526,0.043916665,0.0964,0.09128421,0.49556664,0.2039,0.3310421,0.23023333,0.2573,0.2828263,0.1081,0.1953,0.18542632,0.0011333333,0.0046,0.0015526316,0.7052769,0.18724829,0.3866753,0.5180286,0.034057897,0.15694167,0.0637323,0.036457896,0.16296667,0.07222,0.06446842,0.18464166,0.10094154,0.04853158,0.19765,0.111870766,0.09091579,0.23105833,0.14756769,0.32482105,0.28058332,0.2538754,0.4355579,0.29469168,0.3020323,0.4252684,0.28885832,0.30003077,0.07092105,0.13201666,0.089647695,0.0020157895,0.0022416667,0.0021676924,0.23556843,0.24009168,0.2802846,0.111773685,0.17353334,0.17985693,0.4722421,0.3125,0.33263382,0.61089385,0.1293208,0.29990044
120,2,4338336.92647846,504244.9339417546,0.035916667,0.05654,0.05369737,0.03865,0.07056,0.06615526,0.0643,0.09766,0.09893158,0.050433334,0.12641999,0.1199921,0.5031,0.22038001,0.31608683,0.2674167,0.32998002,0.32861844,0.13971667,0.26848,0.23027632,0.0010166666,0.00342,0.0016921053,0.696779,0.15415533,0.305621,0.5426237,0.034733333,0.0513625,0.050836366,0.0407,0.0623625,0.0617,0.06998333,0.0881625,0.092903025,0.065183334,0.11695,0.116703026,0.10588334,0.147675,0.1502909,0.31385,0.1791875,0.2348697,0.42813334,0.1955625,0.27980605,0.42505,0.2013625,0.285403,0.07411667,0.101375,0.09948182,0.0019666667,0.0024,0.0029515151,0.2918,0.312475,0.32974848,0.16408333,0.2383375,0.2294,0.46868336,0.2213,0.31396666,0.56887275,0.14239219,0.26940438
121,2,4273144.546948278,653328.4768281756,0.05944286,0.03978,0.0484875,0.069785714,0.051060002,0.05975,0.10854286,0.082059994,0.09530833,0.1179,0.09596,0.108870834,0.4223,0.28162,0.341525,0.32515717,0.24796002,0.28807917,0.2189,0.15994,0.19012916,0.0019714285,0.0014399999,0.0016041666,0.44626626,0.30699295,0.36288363,0.13927332,0.04432857,0.0449,0.039653845,0.05777143,0.0615,0.05226923,0.09428571,0.0886,0.08626923,0.10472858,0.1115,0.10085769,0.14268571,0.137,0.13618077,0.29671428,0.1861,0.24540769,0.37571427,0.2065,0.29932693,0.37224284,0.2049,0.30147693,0.05858571,0.032,0.079234615,0.0012571429,0.0015,0.0016384615,0.30051428,0.3017,0.27802306,0.19722858,0.2064,0.17966539,0.4095,0.2333,0.33319232,0.41191745,0.15857384,0.32493463
122,2,4310052.813408039,490582.01943956874,0.0501625,0.05458,0.051678948,0.0581625,0.07388,0.06673421,0.0870625,0.10526,0.10092632,0.0916625,0.1393,0.12625526,0.4090875,0.22976,0.31698155,0.3333125,0.33832,0.33318684,0.205575,0.24908,0.22263421,0.0013625,0.00326,0.0020394737,0.48712388,0.1445898,0.29433176,0.34253407,0.037557144,0.04845,0.043134376,0.046157144,0.0659625,0.05985625,0.07577143,0.094075,0.091978125,0.073785715,0.132225,0.11915938,0.114528574,0.1539625,0.14943437,0.31685716,0.1776375,0.23781875,0.41441432,0.1935625,0.28489375,0.41322857,0.199625,0.29231563,0.0724,0.101175,0.09833437,0.0036714287,0.0035875,0.002875,0.29287145,0.33975,0.32366562,0.16355714,0.2450375,0.21124062,0.4567,0.2219375,0.32315314,0.5336097,0.11107703,0.27427685
123,2,4356642.036495186,411424.517691466,0.018066667,0.05686667,0.051775,0.020166667,0.06706667,0.06381875,0.038566664,0.0887,0.0925,0.021433333,0.1154,0.117475,0.50946665,0.1844,0.2943125,0.14583334,0.30626667,0.30729374,0.05246667,0.24576667,0.2231,0.001,0.0013666668,0.00131875,0.7816504,0.11804074,0.2804714,0.6636097,0.0257,0.045942854,0.048585713,0.02532,0.056242857,0.06067857,0.04948,0.0768,0.090325,0.0399,0.108414285,0.12165,0.06964,0.12255714,0.14457142,0.23281999,0.13498572,0.19665357,0.33946002,0.1496,0.23427856,0.3372,0.16061428,0.24278216,0.04844,0.07984286,0.08415,0.00146,0.0027857143,0.0024392856,0.1927,0.29094285,0.31467143,0.09302,0.22794284,0.220975,0.3701,0.17574286,0.26706427,0.5186816,0.0918491,0.1973168
124,2,4386056.539109419,606140.9608608535,0.037233334,0.0545,0.048025,0.039483335,0.0689,0.058190003,0.06626667,0.097,0.088765,0.050116666,0.11565,0.100305,0.51865,0.24905,0.361425,0.24563332,0.30915,0.28351998,0.11928334,0.2239,0.178325,0.00105,0.0026,0.0017299999,0.7146939,0.2184579,0.40745077,0.496236,0.0372375,0.2856875,0.115540735,0.038525,0.2910125,0.12259259,0.0657375,0.315225,0.15198149,0.0481375,0.332675,0.15897407,0.093625,0.3578625,0.1971889,0.3469625,0.4066,0.3277889,0.4792125,0.422075,0.38936296,0.4787,0.41865,0.3933963,0.08045,0.14845,0.11334814,0.001575,0.002,0.0017555555,0.247625,0.228075,0.26934075,0.1182,0.1646375,0.1635889,0.520525,0.4383,0.42172593,0.67518884,0.096946634,0.33018443
125,2,4278583.272606624,562971.517198331,0.0316,0.0448,0.03700667,0.038966667,0.0547,0.044933334,0.0767,0.0752,0.07426,0.06346667,0.09455,0.07594667,0.33006668,0.19035,0.27212667,0.22113332,0.28325,0.25313333,0.1161,0.20515,0.15904666,0.00076666666,0.0018,0.0013866667,0.4496128,0.16898686,0.33721843,0.28062594,0.042045455,0.0455,0.041691802,0.04149091,0.055063635,0.044970494,0.080036364,0.075118184,0.07460492,0.07298182,0.0988,0.07776229,0.12271818,0.120109096,0.12105245,0.25198182,0.14778182,0.21130328,0.2981,0.16407272,0.24312621,0.2982182,0.17767273,0.2520754,0.05009091,0.06117273,0.07384098,0.0017636364,0.0017454546,0.0019016394,0.27176365,0.2929091,0.27390656,0.1559909,0.20626365,0.17099836,0.33159092,0.19223636,0.27504426,0.3821777,0.13937151,0.30289933
126,2,4323861.681600448,468944.79810030863,0.020622224,0.04785,0.04044667,0.025988888,0.058083333,0.05066889,0.05203333,0.08301667,0.07925555,0.0381,0.1043,0.092546664,0.4435778,0.2719167,0.30032665,0.18207778,0.3035167,0.27972445,0.08015555,0.21408333,0.18461555,0.0024222222,0.0028666665,0.0018377777,0.6603797,0.2752803,0.34119597,0.3850994,0.01984,0.03577143,0.033972416,0.02242,0.05215714,0.049203448,0.04578,0.07857143,0.07802069,0.02726,0.10017143,0.095279306,0.05562,0.14608572,0.13146551,0.27934,0.21085715,0.21979655,0.4294,0.23225716,0.26600343,0.4253,0.24585715,0.27513793,0.0609,0.095142856,0.087306894,0.00106,0.002257143,0.002037931,0.17082,0.29187143,0.28718278,0.06562,0.20001428,0.19016898,0.45816,0.26107144,0.29755172,0.66752803,0.24505283,0.29900524
127,2,4317562.512264182,512936.525109452,0.03233,0.10535714,0.059706975,0.0346,0.122285716,0.07241163,0.057740003,0.15045714,0.1025186,0.03957,0.17838572,0.121513955,0.52195,0.2388,0.31202325,0.22905,0.2681857,0.2932163,0.10525,0.22392857,0.20905814,0.0015199999,0.0032,0.001983721,0.7458325,0.090607345,0.296992,0.65522516,0.034020003,0.041914284,0.049722224,0.033893332,0.0545,0.05965,0.059006665,0.07845714,0.08894815,0.04154,0.11058572,0.109537035,0.08444667,0.12524286,0.13824445,0.32315335,0.1402,0.22724074,0.44173336,0.15511428,0.2767352,0.43942,0.16364285,0.28376296,0.07126,0.06648571,0.07915926,0.0019133333,0.0028571428,0.0021851852,0.23039334,0.26604286,0.3023426,0.10771333,0.20571429,0.20982407,0.4836,0.17998572,0.31247407,0.6462801,0.09281898,0.28161788
128,2,4359709.742911724,484973.4014370753,0.025322223,0.05516667,0.058131915,0.032244448,0.06585,0.07117873,0.06028889,0.09121667,0.103276595,0.051755555,0.115216665,0.124731906,0.3430333,0.16623333,0.25511488,0.1878111,0.26091668,0.2999468,0.10192222,0.24385,0.24062341,0.0020222222,0.0025666666,0.0020468084,0.49629992,0.08840157,0.20969023,0.40789837,0.019928573,0.04075,0.050334286,0.02587143,0.0525,0.06405429,0.050814286,0.073625,0.09397143,0.04197143,0.0984875,0.118091434,0.068814285,0.1085375,0.13702285,0.22498572,0.1185,0.18778287,0.31314284,0.1284625,0.21979143,0.30565715,0.1353,0.2235543,0.056085713,0.0603125,0.07267714,0.0014142857,0.002025,0.0018571428,0.17367142,0.230775,0.2932686,0.09088571,0.2039375,0.23371999,0.33694285,0.14475,0.24326572,0.46872842,0.0670943,0.17495802
129,2,4341386.3631136045,402294.95121330157,0.0425,0.04125,0.04641765,0.048266664,0.0502,0.055717647,0.071666665,0.065975,0.07771177,0.07096667,0.081575,0.091464706,0.2196,0.1322,0.19775294,0.23676668,0.217575,0.24766469,0.1542,0.177925,0.18458235,0.0012,0.002425,0.0016941178,0.26734152,0.09530453,0.18748784,0.172037,0.040983334,0.0429375,0.048466664,0.04095,0.0466625,0.052753333,0.06295,0.0624375,0.07569,0.06261667,0.083825,0.09572,0.09003333,0.0977875,0.11619333,0.19423334,0.11355,0.15957667,0.24086668,0.1250375,0.18332668,0.23963332,0.1306875,0.18891333,0.038783334,0.0612375,0.064890005,0.00175,0.001925,0.0018233333,0.23121667,0.2318625,0.26192665,0.146,0.179025,0.19110666,0.2638333,0.1432375,0.20801668,0.3183951,0.08796391,0.1642299
130,2,4319771.062986368,472417.42829823843,0.0185875,0.053316668,0.04855238,0.022875,0.0687,0.06270238,0.0443625,0.0958,0.092290476,0.0332375,0.12566666,0.11725,0.3978125,0.19408333,0.26255,0.1596,0.30725,0.29479048,0.0710625,0.23988332,0.21317619,0.0016125,0.0030333335,0.0018857144,0.61684376,0.114356875,0.23527317,0.5024869,0.01722,0.0421875,0.04482647,0.02014,0.0615,0.06227647,0.04068,0.086425,0.09154117,0.028679999,0.122725,0.123173535,0.05122,0.1359375,0.14127353,0.2408,0.1497375,0.1881353,0.38146,0.165175,0.22564411,0.3758,0.1758625,0.23470588,0.056240004,0.0810375,0.07839117,0.00112,0.0033125,0.0024558823,0.15794,0.3020875,0.3064441,0.06376,0.2274375,0.22047646,0.4103,0.1895125,0.25536177,0.60070664,0.090345174,0.18220401
131,2,4383449.936532637,577226.2953839895,0.0449,0.06213333,0.04878261,0.05065,0.08083333,0.060752172,0.0742,0.108566664,0.086269565,0.07316667,0.13806666,0.1056,0.38626668,0.21453333,0.2627348,0.26458332,0.35283333,0.29321304,0.16128334,0.26696667,0.20250869,0.0012,0.002,0.0018,0.5011631,0.123660974,0.25909743,0.37750214,0.039585713,0.214125,0.08240345,0.043914285,0.22243333,0.09174138,0.0694,0.24584168,0.117705174,0.07036429,0.275325,0.14128448,0.09641429,0.29170832,0.16294828,0.23953572,0.30884168,0.22196035,0.33390716,0.3185,0.26109827,0.33539283,0.3211,0.2678138,0.06335,0.13928334,0.08806896,0.0012857142,0.0026583334,0.0019948278,0.25685,0.27549168,0.30330345,0.16010714,0.20831667,0.21477759,0.36804286,0.33713332,0.29130346,0.44046122,0.057741888,0.19685355
132,2,4392917.751253352,417693.98010712146,0.04416,0.06546667,0.05607,0.047879998,0.0855,0.070315,0.07408,0.118533336,0.10352,0.06662,0.15176666,0.126065,0.41056,0.2562,0.32173002,0.28994,0.38513333,0.350035,0.16326,0.2772,0.23333001,0.0018600001,0.0015,0.001755,0.54751897,0.16111878,0.30115542,0.3864002,0.04477143,0.05745,0.05100606,0.050542857,0.07968333,0.06772121,0.07994286,0.10593334,0.09776969,0.08048571,0.14375,0.12538485,0.12068572,0.1683,0.15605454,0.2738,0.19803333,0.22661819,0.33782858,0.21881667,0.2642,0.33844283,0.22776668,0.2731697,0.05845714,0.0951,0.08721212,0.0022714285,0.002,0.0019060606,0.3143,0.38766667,0.3541788,0.18817142,0.27085,0.2355394,0.37658572,0.25136667,0.30187878,0.42105588,0.13354918,0.23471422
133,2,4344750.492372274,571298.6254262016,0.04435,0.059,0.042039998,0.05161667,0.0765,0.055790003,0.0808,0.1087,0.088855,0.07638333,0.1452,0.103369996,0.3984,0.2212,0.32614,0.2801,0.3361,0.28648502,0.17158334,0.2665,0.18928,0.0016833334,0.0033,0.00205,0.508966,0.12104379,0.35377657,0.38792223,0.050846156,0.2312875,0.0877902,0.03796923,0.234325,0.0838451,0.06796923,0.2562625,0.11495686,0.065069236,0.279425,0.13415098,0.103838466,0.2989625,0.16635294,0.28546923,0.32575,0.26735294,0.37546924,0.33755,0.31654903,0.37713075,0.3389875,0.32250783,0.06000769,0.1500625,0.103119604,0.0017692308,0.002075,0.002172549,0.25734615,0.2504875,0.28722942,0.14797693,0.1908,0.18656471,0.41339228,0.353875,0.35100588,0.508808,0.07409719,0.28634885
134,2,4384429.600110765,492947.5541386718,0.019142857,0.0511,0.047311112,0.024614286,0.0615,0.05871667,0.05464286,0.08425,0.08748611,0.036814284,0.10163333,0.103527784,0.39297143,0.24315,0.27580556,0.17588572,0.30868334,0.30282778,0.0746,0.215,0.20811944,0.0012857142,0.0017166666,0.001786111,0.6010784,0.2379119,0.28255746,0.3631665,0.024142858,0.038325,0.041983336,0.027428571,0.050675,0.053594444,0.05405714,0.0745875,0.08158056,0.040014286,0.095975,0.10023055,0.07384286,0.13315,0.13089167,0.26111427,0.19185,0.20406389,0.36174285,0.2114,0.24155,0.36692858,0.2209875,0.2507111,0.06462857,0.0982875,0.08028611,0.0012857142,0.002975,0.002602778,0.21485715,0.2939125,0.31176668,0.104171425,0.2005625,0.21320279,0.3919,0.237075,0.271825,0.55865103,0.21534164,0.2522701
135,2,4314522.446873375,593901.064447177,0.0394,0.0476,0.03998889,0.0464,0.0562,0.048072223,0.07295,0.0752,0.07435,0.07705,0.0936,0.08482778,0.29315,0.186,0.25370556,0.265125,0.2588,0.26042223,0.1622,0.1925,0.17124444,0.001075,0.0027,0.00145,0.36551043,0.16375548,0.28971156,0.20175496,0.032242857,0.043,0.038657144,0.039485715,0.05245,0.048235714,0.0662,0.0727,0.074757144,0.06514286,0.0928,0.086360715,0.09947143,0.1167,0.12353214,0.23304285,0.1554,0.20487143,0.29464284,0.17795,0.24158216,0.28991428,0.1797,0.246725,0.05312857,0.03835,0.07535357,0.0015,0.0016,0.0020964285,0.23904285,0.2697,0.26609644,0.1318,0.18175,0.16707857,0.32842857,0.20505,0.27428216,0.38853985,0.15491079,0.27573127
136,2,4334495.966086549,497760.568698121,0.018042857,0.032183334,0.026597437,0.020857142,0.03885,0.031438462,0.0442,0.05296667,0.051494874,0.026442856,0.06715,0.050684616,0.4116143,0.14638333,0.26199743,0.16191429,0.22366667,0.19677693,0.06547143,0.16271666,0.11662821,0.0027285714,0.0033333332,0.0022564102,0.6527988,0.15149276,0.38180584,0.501306,0.0173,0.030714285,0.028867649,0.016842857,0.029485716,0.025794117,0.039357144,0.0422,0.045214705,0.022857143,0.0593,0.04642353,0.06172857,0.07765714,0.07968236,0.25718573,0.09842857,0.17313823,0.3547857,0.111914285,0.21649706,0.35137144,0.1187,0.22206177,0.06117143,0.068414286,0.072514705,0.0015,0.0021,0.0020294117,0.15634286,0.20954284,0.20071766,0.06067143,0.14621428,0.11974117,0.39087144,0.13805714,0.24839412,0.5840344,0.11776181,0.32928592
137,2,4330653.422873139,468437.10923512065,0.01555,0.0504,0.04568158,0.0212,0.059740003,0.05725263,0.04305,0.08588,0.08782895,0.0316,0.11,0.11068158,0.4732375,0.21451999,0.30216843,0.1621625,0.31106,0.30963156,0.066975,0.2643,0.22779472,0.0028625,0.0034,0.0020578946,0.71274275,0.17673077,0.3053424,0.536012,0.01478,0.033014286,0.042153124,0.01718,0.045,0.05509375,0.0378,0.07074286,0.08437187,0.02252,0.08935714,0.10897187,0.04484,0.11658572,0.133625,0.27334,0.17531428,0.2063125,0.46506,0.19967142,0.25745,0.45917997,0.20932856,0.26550937,0.06888,0.095214285,0.08705313,0.00122,0.002542857,0.002625,0.15346,0.27897143,0.31784686,0.0546,0.21104285,0.23683438,0.49874,0.22412856,0.28908437,0.7214048,0.21065569,0.2562757
138,2,4341350.160804439,480898.24707361497,0.016725,0.047066666,0.043202437,0.021225,0.05841667,0.05450732,0.041725,0.0848,0.08266829,0.0283375,0.099533334,0.10053415,0.4674375,0.2583,0.29798537,0.15585,0.2971,0.2941561,0.0615,0.21246667,0.20803171,0.0025,0.0031,0.0022121952,0.7149381,0.26510954,0.3206903,0.44982857,0.01322,0.036285713,0.03543871,0.01514,0.047757145,0.045919355,0.0358,0.074514285,0.07327097,0.02224,0.08732857,0.08920323,0.04442,0.12044286,0.11633549,0.25654,0.20647143,0.20460968,0.44334,0.23677143,0.2576,0.43682003,0.24431428,0.26434517,0.057559997,0.10965714,0.08752258,0.0011,0.0022428571,0.0020096775,0.1508,0.27917144,0.28280646,0.053659998,0.18898572,0.19404517,0.47792003,0.26102856,0.28640646,0.69551253,0.26993844,0.29616144
139,2,4324945.244433849,483761.73958043015,0.017933333,0.05667143,0.0514439,0.022316666,0.07084286,0.064112194,0.042733334,0.09691429,0.09129512,0.031483334,0.12424286,0.11525853,0.43753335,0.23348571,0.2736561,0.15883334,0.32335716,0.309761,0.06605,0.24667144,0.22409512,0.0011166667,0.0031285714,0.0020317074,0.67089385,0.17830694,0.25543436,0.4925869,0.014971428,0.0434625,0.042445716,0.018514285,0.0573125,0.055517145,0.040242855,0.0816875,0.08378571,0.0278,0.112125,0.10760571,0.052542858,0.1372625,0.13356285,0.24571428,0.1715375,0.20636858,0.3880143,0.1887625,0.25305143,0.38635716,0.201625,0.26362285,0.05425714,0.0941875,0.085068576,0.0018571428,0.0026875,0.0020457143,0.15592858,0.3065625,0.30700284,0.062242858,0.22585,0.21453713,0.4197,0.2178625,0.28663144,0.6168929,0.15213585,0.25629073
140,2,4357168.993085534,475896.16101313476,0.037436366,0.03912857,0.04403095,0.040836364,0.04807143,0.05217857,0.06540909,0.06657143,0.07730952,0.05262727,0.081685714,0.08662381,0.42181817,0.17097142,0.30286905,0.24384546,0.25145715,0.27604285,0.12512727,0.19838572,0.18516666,0.0022545455,0.0026714285,0.0021785714,0.5961909,0.16328564,0.3578403,0.4329053,0.02715,0.0267125,0.030589474,0.036,0.0416125,0.047239475,0.063725,0.060875,0.07389474,0.0561125,0.0818125,0.08969737,0.0941125,0.105025,0.1190921,0.28,0.1369875,0.20511052,0.3662875,0.152275,0.24762368,0.3661375,0.15875,0.25535265,0.0632125,0.0705875,0.07892632,0.003425,0.0023875,0.0026710525,0.2485625,0.2554875,0.27973685,0.13255,0.1847625,0.18638684,0.3998625,0.1778875,0.28095,0.5164303,0.14194062,0.28160667
141,2,4240373.075346405,563835.4135927665,0.0573,0.039433334,0.042866666,0.06702,0.049933333,0.053766668,0.1061,0.07733333,0.08991667,0.12242,0.089833334,0.10508334,0.35224,0.2859,0.33955556,0.35744,0.2589,0.2845722,0.2463,0.18253334,0.1824111,0.00114,0.004333333,0.002,0.3490481,0.32645133,0.3682604,0.022596776,0.04146,0.030954544,0.03328387,0.048286665,0.040863637,0.04249516,0.08151334,0.0665,0.074277416,0.08556667,0.079263635,0.08506935,0.124353334,0.13034546,0.1323629,0.29353333,0.21903636,0.25549516,0.37030667,0.24619092,0.30751774,0.37092665,0.25468183,0.31803873,0.058640003,0.09963637,0.09234839,0.0017,0.0020363636,0.0018096775,0.30367333,0.25037274,0.26375967,0.18113334,0.15674546,0.15456936,0.40644,0.2756182,0.34543872,0.45258263,0.30350962,0.38261825
142,2,4314100.529746852,592130.5458150324,0.02965,0.0271,0.033377778,0.0316,0.0344,0.039811112,0.0565,0.0543,0.06638889,0.0392,0.06315,0.06727222,0.444625,0.19725,0.30968332,0.2114,0.187,0.22990556,0.09855,0.1225,0.13544445,0.00115,0.00235,0.0014444444,0.6587114,0.24855241,0.41194525,0.41015896,0.02346,0.21033333,0.05225185,0.027,0.2686,0.07015926,0.0497,0.29286668,0.09832593,0.03782,0.3113,0.106481485,0.07502,0.32396668,0.14300741,0.27748,0.3712333,0.24245925,0.37684,0.39006668,0.28505558,0.38084,0.40913332,0.2971074,0.06682,0.13966666,0.09111481,0.00104,0.0024666665,0.002262963,0.20044,0.2071,0.2458111,0.09286,0.14176667,0.14704074,0.41478,0.4104,0.3182333,0.5827299,0.11342975,0.30693382
143,2,4295959.905869155,519633.36143012776,0.0414,0.0641,0.049770586,0.0465,0.0806,0.06274706,0.07376667,0.10995,0.09537059,0.06986667,0.14195,0.11272354,0.4107,0.231,0.2914706,0.29683334,0.35295,0.31337646,0.1704,0.26385,0.21014707,0.0011,0.00715,0.0020941177,0.5398467,0.1416478,0.28608555,0.3981989,0.04214375,0.107181825,0.05791111,0.0429,0.11590909,0.064657144,0.06979375,0.13830909,0.09168571,0.064475,0.16935454,0.10834127,0.1052875,0.18937273,0.14067301,0.2985375,0.21078181,0.22921428,0.39241874,0.2269,0.2733508,0.39383125,0.23229092,0.28056827,0.059725,0.0916,0.08295714,0.00220625,0.0022818183,0.0022587301,0.28583124,0.32367274,0.3083476,0.1558125,0.23719092,0.20194444,0.4314125,0.25362727,0.3069238,0.53170985,0.096013255,0.2794827
144,2,4399613.287413861,475025.4540713,0.0235,0.045766667,0.0416,0.026075,0.058,0.0513,0.0435,0.08713333,0.07911177,0.030625,0.1062,0.09254117,0.379575,0.25166667,0.27887645,0.1607,0.28873333,0.27152354,0.069675,0.2013,0.17915294,0.001225,0.0013666668,0.0013058824,0.60036474,0.24139088,0.310357,0.35897386,0.031675,0.03762857,0.042259462,0.0353375,0.044342857,0.049197298,0.0581375,0.069385715,0.076743245,0.05375,0.0903,0.09521351,0.0805625,0.12944286,0.12690811,0.223075,0.17918572,0.19461352,0.31485,0.19794285,0.23275676,0.314625,0.20615715,0.24012432,0.0544375,0.08964286,0.07919189,0.0021875,0.0022857143,0.0022,0.2196,0.26218572,0.28677836,0.122325,0.18134286,0.19743784,0.3481875,0.22388572,0.26483783,0.4517707,0.2035614,0.24667571
145,2,4312262.350125848,426614.37366551027,0.0443,0.037033334,0.041626316,0.0506,0.05045,0.05491053,0.08015,0.0859,0.09197895,0.0748,0.09021667,0.10366316,0.3935,0.31763333,0.35017368,0.28215,0.24581668,0.26298422,0.1548,0.1608,0.16961052,0.00135,0.0029833333,0.0018210525,0.50650984,0.37058985,0.38542196,0.13591999,0.03595,0.037211113,0.037875,0.043833334,0.0508,0.051490624,0.07316667,0.082677774,0.085725,0.071,0.08752222,0.09251875,0.11061666,0.13781111,0.13795625,0.2911,0.24116668,0.26514375,0.3802167,0.27536666,0.32070312,0.37851667,0.2828,0.32687813,0.06618333,0.11546666,0.10990625,0.00285,0.0020222222,0.0024875,0.2638333,0.2524,0.26053125,0.14425,0.16023333,0.16369063,0.41593334,0.30102223,0.35180625,0.49634153,0.327021,0.3782618
146,2,4349112.571865777,574466.764625956,0.047960002,0.0563,0.051194735,0.0542,0.0643,0.06066842,0.08192,0.0898,0.08966842,0.08572,0.1052,0.10423684,0.3298,0.2626,0.29145265,0.29744,0.2983,0.3090737,0.18081999,0.2159,0.20614211,0.0016600001,0.0033,0.0017368422,0.39738777,0.2597223,0.30360216,0.13766548,0.049116667,0.16415,0.07183387,0.05295,0.17090833,0.07929677,0.08017778,0.19418333,0.10745484,0.08832778,0.21734168,0.12364193,0.12004445,0.24610832,0.15849355,0.2457,0.28169167,0.23992419,0.30472222,0.29503334,0.27554193,0.3067278,0.2972,0.28166613,0.05046111,0.12725,0.08704032,0.0019666667,0.0028,0.002401613,0.30642778,0.27073333,0.30147904,0.18440555,0.20114166,0.19913709,0.34045,0.3148417,0.3065726,0.35951462,0.109766655,0.25029066
147,2,4380347.80493502,435365.7361570452,0.033225,0.04535,0.045942105,0.035725,0.055025,0.05617895,0.06325,0.077525,0.08513684,0.04715,0.097075,0.102410525,0.4214,0.18915,0.28156844,0.222175,0.26715,0.28541052,0.110225,0.202375,0.19445264,0.001175,0.00165,0.0014631579,0.60970247,0.16186109,0.2932489,0.44784138,0.030742856,0.038577776,0.036630556,0.041442856,0.0568,0.055377778,0.072971426,0.08032222,0.08404167,0.07177143,0.10864445,0.10805278,0.109485716,0.1236,0.12993334,0.28772858,0.1487,0.19970278,0.3678,0.16446666,0.23589167,0.36998573,0.17876667,0.2467111,0.0662,0.076811105,0.07823611,0.0018571428,0.0023333335,0.0018805555,0.2539857,0.28737777,0.29028058,0.14374286,0.216,0.20016389,0.40267143,0.18665555,0.26595834,0.4834119,0.12178112,0.2301707
148,2,4382491.043289084,587311.1291343172,0.04318,0.0391,0.040620003,0.04766,0.0507,0.052275,0.07532,0.0847,0.088095,0.06772,0.0962,0.096345,0.45986,0.28735,0.345375,0.26808,0.2527,0.26816002,0.15566,0.17275,0.167945,0.00118,0.00245,0.0018049999,0.6042636,0.314758,0.3948838,0.2895056,0.038992856,0.15095714,0.060442857,0.04482143,0.16123572,0.07309524,0.07398571,0.18870714,0.106149204,0.07285714,0.20067142,0.11458572,0.109714285,0.2497,0.1645762,0.30125716,0.32789284,0.28236666,0.39660716,0.34757143,0.32756191,0.40187144,0.34955,0.33342063,0.06325,0.14431429,0.10299841,0.00155,0.003342857,0.0020936509,0.2764857,0.2198,0.26115716,0.16425,0.14761429,0.16276032,0.4363,0.36885715,0.36042857,0.52167237,0.20325704,0.3401382
149,2,4331279.179024016,469335.7394410394,0.0619125,0.0463,0.039521053,0.078775,0.0572,0.05147368,0.1187625,0.0828,0.083057895,0.1494125,0.10016667,0.09503158,0.3449625,0.24946667,0.34617105,0.3904875,0.29248333,0.2675053,0.2662,0.21828333,0.16957894,0.00175,0.0028333333,0.0019052632,0.28697386,0.25052577,0.39882475,0.03644809,0.043116666,0.0336,0.034488235,0.06863333,0.045625,0.048573527,0.1077,0.0694625,0.08107059,0.14501666,0.0899625,0.09805,0.16715,0.115225,0.13005883,0.23545,0.1699875,0.23500589,0.28265,0.1951125,0.2917912,0.29033333,0.207625,0.3083794,0.047,0.090525,0.09617647,0.0017,0.0024625,0.002132353,0.33806667,0.2624625,0.26827645,0.22873333,0.1856375,0.16874705,0.32213333,0.2208625,0.32877943,0.22173925,0.20663787,0.3406256
150,2,4377161.324631618,604375.0940980494,0.0405,0.0687,0.059655,0.0443,0.07855,0.06902,0.06972,0.1004,0.097065,0.05878,0.1218,0.11061,0.4194,0.2228,0.301675,0.24258001,0.31355,0.30225,0.1273,0.2334,0.20713,0.0012,0.00285,0.0016950001,0.5777419,0.16665345,0.30479902,0.41108847,0.04365,0.23043333,0.09264074,0.0407875,0.25671667,0.10558889,0.0683375,0.28133333,0.13478889,0.0546375,0.30933332,0.14802593,0.1045625,0.32868332,0.1843,0.289875,0.3521833,0.27375185,0.3740625,0.3659,0.31654444,0.381175,0.37135,0.3261333,0.0653,0.15178333,0.101525925,0.00115,0.0022,0.0021333334,0.256425,0.26918334,0.30171853,0.1341125,0.20575,0.2020963,0.4134625,0.38653332,0.35128888,0.539801,0.0733491,0.26482075
151,2,4332479.675286267,551672.2200128505,0.047925,0.0349,0.039865,0.05915,0.0451,0.050875,0.095425,0.0608,0.08082,0.10115,0.0774,0.093395,0.367075,0.1418,0.28204,0.2948,0.208,0.25729498,0.193825,0.1505,0.171865,0.00115,0.002,0.001415,0.4129693,0.121275134,0.3131166,0.29169416,0.03474118,0.043257143,0.039927118,0.039364707,0.05348571,0.047418643,0.0687647,0.07467143,0.0758322,0.069252945,0.09804286,0.09062034,0.10256471,0.119814284,0.12195423,0.2516647,0.15005714,0.2095966,0.34695882,0.16444285,0.26202205,0.34858823,0.17225714,0.26923728,0.051976472,0.0856,0.07675593,0.0019941176,0.0022,0.0021135593,0.23435293,0.2708857,0.25971186,0.13314117,0.18978572,0.16938983,0.38391766,0.18861428,0.29647458,0.4610116,0.1318137,0.3003528
152,2,4347764.199327685,450664.8364277909,0.014675,0.047125,0.0426,0.019275,0.05385,0.052040912,0.0396,0.0662,0.07312727,0.0228,0.0851,0.08828182,0.4952,0.13985,0.2464182,0.149725,0.26925,0.27644092,0.054625,0.2463,0.2187682,0.00115,0.002875,0.0024181819,0.76197475,0.1018347,0.2710981,0.66014004,0.01278,0.038511112,0.036496874,0.015439999,0.040711112,0.041359376,0.03872,0.05591111,0.061615624,0.02376,0.07868889,0.080615625,0.04854,0.08973333,0.09590313,0.2666,0.09954444,0.14648438,0.43104,0.11152222,0.18604375,0.42117998,0.11744445,0.1908,0.061459996,0.06171111,0.0632,0.0034400001,0.0038333333,0.003090625,0.15584001,0.25041112,0.26207188,0.060179997,0.21843332,0.2077,0.46014,0.13316666,0.21202187,0.67213315,0.074170604,0.19899255
153,2,4296391.43383197,673159.2491948407,0.060525,0.04646,0.05130476,0.068375,0.05882,0.062357143,0.10065,0.08494,0.09254286,0.10815,0.1064,0.1086381,0.40655,0.233,0.30061904,0.346525,0.264,0.29499048,0.225175,0.18246,0.19597143,0.001875,0.00154,0.0016666666,0.4477495,0.21265018,0.30739564,0.23509932,0.05117143,0.0502,0.04825,0.05525714,0.0621,0.056911536,0.08354286,0.0903,0.08733461,0.08548571,0.1044,0.10085,0.12081428,0.1418,0.13941154,0.3108143,0.1971,0.25004613,0.4086,0.2147,0.30100384,0.41427144,0.2194,0.30997306,0.083814286,0.0373,0.08566154,0.0016714284,0.0013,0.0019884615,0.30035716,0.306,0.29526925,0.18154286,0.2031,0.18612307,0.4496,0.2414,0.3359077,0.5075617,0.19558355,0.33685777
154,2,4299365.453029368,475909.1492646217,0.042271428,0.05177143,0.048902325,0.0471,0.0652,0.05970465,0.0713,0.08865714,0.08577442,0.06645714,0.11235714,0.10185349,0.36812857,0.20211428,0.26692328,0.26268572,0.3106143,0.30011398,0.15947142,0.24284285,0.21574418,0.0021571429,0.002942857,0.0023093023,0.49369335,0.15246448,0.27304634,0.34122887,0.02755,0.046,0.043568965,0.03835,0.058357142,0.05305172,0.067775,0.082585715,0.0806931,0.05975,0.11,0.10072069,0.09325,0.13382858,0.13043103,0.275025,0.16052857,0.19619656,0.3641,0.17574286,0.22944483,0.363675,0.1863,0.23986897,0.063525,0.08702857,0.08591724,0.001175,0.0026,0.0024,0.25055,0.3101,0.30870688,0.138625,0.23457144,0.21764138,0.401475,0.203,0.26336554,0.5041637,0.1315245,0.23479417
155,2,4302778.280284881,547237.071292465,0.02926,0.042566665,0.04470476,0.03604,0.054733332,0.0568,0.0665,0.0735,0.08514286,0.04732,0.09246667,0.09547143,0.52114,0.21576667,0.30498096,0.24736,0.28636667,0.29626667,0.12081999,0.2018,0.20105714,0.0011,0.005433333,0.0018428572,0.7246248,0.21440695,0.34141815,0.51021785,0.038016666,0.054888893,0.05380536,0.024466667,0.048355553,0.047692858,0.05160833,0.06487778,0.07316607,0.033608336,0.08455555,0.08290179,0.0786,0.122033335,0.12181428,0.31156668,0.16493334,0.21424644,0.412575,0.18146667,0.25348216,0.4001417,0.1906,0.25607145,0.06853333,0.0831,0.07909464,0.00175,0.003388889,0.0020375,0.22023332,0.2725,0.28211966,0.102075,0.18317778,0.18341428,0.448025,0.20663333,0.28501785,0.6188089,0.19024381,0.29753506
156,2,4367749.112245682,513277.1311134018,0.022783333,0.048133336,0.04952927,0.026816666,0.05511667,0.05952439,0.047766667,0.06928333,0.08331707,0.031333335,0.087,0.10230732,0.48353335,0.15816666,0.25942928,0.17571667,0.25763333,0.29082438,0.0735,0.21306668,0.21692927,0.0024666665,0.003,0.0021439025,0.7252684,0.13015434,0.26100567,0.5951141,0.026385715,0.0465875,0.05294857,0.0261,0.0497,0.05692,0.04762857,0.065925,0.08057429,0.03717143,0.0891125,0.10006286,0.06327143,0.10575,0.12413143,0.24832857,0.1224375,0.18792857,0.37852857,0.1372,0.23172,0.37527144,0.1459125,0.23842286,0.07192857,0.07665,0.084348574,0.0012571429,0.003075,0.002177143,0.1947,0.2605625,0.3014,0.0926,0.205375,0.22434285,0.41075712,0.1655125,0.26587716,0.5771662,0.10442847,0.23394166
157,2,4384904.822905571,476730.8878456324,0.0246,0.0662,0.04453158,0.028275,0.08823333,0.05716842,0.054675,0.123333335,0.091,0.034825,0.1603,0.105057895,0.41575,0.2668,0.31050527,0.180975,0.34156668,0.27083156,0.0795,0.2414,0.16849475,0.0012,0.0013333333,0.0014315789,0.63515866,0.1612151,0.3286855,0.47394356,0.03297143,0.0591,0.046062857,0.040614285,0.08392857,0.0622,0.07048571,0.11824286,0.09612286,0.0623,0.1602,0.118745714,0.09262857,0.18648572,0.15139143,0.26005715,0.21888572,0.22578286,0.3451,0.23605715,0.26197714,0.3474,0.24958572,0.27297428,0.055,0.10037143,0.07900857,0.0024142857,0.0024857144,0.0019,0.23641428,0.34594285,0.2985314,0.13195714,0.242,0.19480285,0.3749143,0.26551428,0.29296857,0.47614437,0.13675356,0.24748418
158,2,4314372.964712053,453068.2104318024,0.02425,0.06685,0.053475,0.03215,0.079825,0.06601,0.06185,0.1059,0.097115,0.05725,0.134575,0.11926,0.40555,0.2252,0.282925,0.21215,0.367525,0.33538002,0.110675,0.287975,0.24376,0.0011,0.00405,0.00191,0.564341,0.14634119,0.2607544,0.4179998,0.01665,0.0556625,0.046835292,0.014683333,0.067325,0.057017647,0.042016666,0.092125,0.086620584,0.032666665,0.12125,0.11195588,0.064783335,0.145175,0.1387,0.24783333,0.1716875,0.20018235,0.3687,0.1877625,0.2395353,0.36666667,0.195,0.24536765,0.05386667,0.09775,0.082394116,0.0013,0.0023625,0.002367647,0.18483333,0.3396125,0.3244588,0.08716667,0.2564125,0.23091176,0.3994,0.214625,0.2708912,0.57782805,0.124074675,0.22028784
159,2,4290798.076658633,470482.89827015327,0.0553125,0.04657143,0.047571428,0.0621375,0.05902857,0.05760714,0.0907875,0.08902857,0.08742381,0.0961875,0.10707142,0.10101905,0.3393875,0.3129,0.29607856,0.34155,0.31231427,0.3106262,0.225775,0.20762856,0.20860952,0.001475,0.0029285715,0.0019857143,0.3872026,0.32777935,0.31695879,0.059423238,0.043266665,0.042985715,0.04185625,0.048633333,0.05431429,0.05151875,0.07746667,0.081771426,0.08027188,0.07688333,0.09962857,0.093771875,0.11271666,0.16237143,0.14084062,0.26888332,0.24811429,0.23705626,0.34206668,0.27097145,0.27391562,0.3444,0.27827144,0.281475,0.05775,0.12614286,0.096825,0.0035,0.0022857143,0.002434375,0.2919,0.3115,0.30409062,0.17415,0.20424286,0.19695938,0.38036668,0.2986,0.30820313,0.43742752,0.29432783,0.3114831
160,2,4321301.716309626,486249.3085280646,0.04912222,0.05348333,0.05052857,0.052711107,0.0655,0.06177143,0.07694445,0.08765,0.08996667,0.0671,0.11281666,0.10809762,0.4158778,0.201,0.29376668,0.29154444,0.31218332,0.31369284,0.16977778,0.24558333,0.21771905,0.0022666666,0.00415,0.0023428572,0.5529422,0.14979233,0.29884908,0.4031499,0.0373875,0.04277143,0.045509376,0.039625,0.051757142,0.054940626,0.0661375,0.074028574,0.08173125,0.0553625,0.0994,0.10080312,0.094125,0.12155714,0.1292625,0.292725,0.14958572,0.21798125,0.3797625,0.16498572,0.26175,0.38575,0.17311428,0.27158436,0.0672375,0.09104286,0.08849375,0.001725,0.0022428571,0.00201875,0.26485,0.28632855,0.30817813,0.143075,0.21724285,0.21234062,0.4153,0.19158572,0.29664063,0.5438943,0.13054408,0.28209433
161,2,4307450.258547389,528635.908859535,0.0507,0.05365,0.04406316,0.05786667,0.0715,0.05546842,0.0894,0.1104,0.09024211,0.08656667,0.12855,0.09688947,0.4197,0.3014,0.32625264,0.2913,0.31045,0.26790527,0.19023333,0.219,0.17426842,0.0011333333,0.004,0.0017842106,0.5117381,0.26841396,0.36785516,0.24332416,0.043561112,0.05311111,0.041780647,0.044438887,0.06786667,0.05017258,0.07252777,0.099188894,0.08142258,0.06397778,0.12374444,0.087070964,0.103372216,0.16222222,0.12974678,0.30889443,0.2154889,0.2607968,0.4098,0.23654443,0.31584516,0.41246665,0.24314444,0.32296935,0.061077777,0.09364445,0.09053387,0.0017444445,0.0028333333,0.0020451613,0.26955557,0.30993333,0.2724758,0.15373889,0.21872222,0.1697129,0.44646114,0.2645333,0.34931776,0.5563312,0.19381467,0.3849668
162,2,4356422.2221127255,438102.71163954993,0.0321,0.045033336,0.044905264,0.0335,0.05446667,0.056173682,0.058625,0.07383333,0.0842,0.037025,0.0946,0.09800526,0.482175,0.1564,0.29510528,0.2384,0.24193333,0.27623683,0.107325,0.1907,0.18469474,0.00235,0.0016333334,0.0018105262,0.70837057,0.11167813,0.32199195,0.59669244,0.04265,0.0395625,0.041953124,0.047066666,0.050025,0.051659375,0.07466667,0.0703,0.07667813,0.07061667,0.09555,0.0967875,0.10455,0.11095,0.11853438,0.29406667,0.123575,0.18274687,0.39976668,0.1374625,0.2224125,0.39976668,0.1457625,0.22933437,0.0594,0.07075,0.07214063,0.0023833334,0.002375,0.0021125,0.29836667,0.2597625,0.278525,0.1774,0.2044125,0.19333437,0.43738335,0.161675,0.25210938,0.5243758,0.09128998,0.2267116
163,2,4297333.248820085,631707.8539687467,0.0436375,0.0563,0.04526154,0.0546625,0.073375,0.058664106,0.0901875,0.1055125,0.09083589,0.096975,0.13375,0.11086923,0.3765,0.2349625,0.26538974,0.2946,0.2688625,0.27999744,0.19775,0.194825,0.19688718,0.0009375,0.00265,0.0018333334,0.43425003,0.16262038,0.25224116,0.27162963,0.042266667,0.0461,0.045608696,0.0492,0.06055,0.055243474,0.080633335,0.09065,0.08677826,0.08526667,0.1225,0.110886954,0.1205,0.1507,0.14262609,0.2584,0.1886,0.20185217,0.34623334,0.2115,0.23612173,0.34663332,0.21335,0.24266522,0.0649,0.0301,0.07105652,0.0013666668,0.0015,0.002047826,0.26716667,0.32565,0.3034,0.17843334,0.227,0.21424782,0.3824,0.2416,0.26818696,0.42121306,0.15067834,0.21835035
164,2,4381906.4611569345,486143.27848544286,0.0464875,0.054816667,0.05011579,0.050325,0.0687,0.05997895,0.084775,0.09255,0.08931316,0.0667625,0.1144,0.09844737,0.4541125,0.22225,0.3091158,0.2496625,0.27435,0.26827368,0.139425,0.20326667,0.17961316,0.001025,0.0014333333,0.001236842,0.5998572,0.18013309,0.3408015,0.4197241,0.04187143,0.0898,0.05748108,0.043785714,0.103977785,0.06780811,0.07441429,0.13092221,0.0971081,0.063185714,0.15745555,0.111970276,0.10635714,0.18836667,0.1489946,0.2837,0.22542222,0.23277569,0.3587,0.24342221,0.2692757,0.35815716,0.24641111,0.27504325,0.05837143,0.10262222,0.08775135,0.0017571428,0.0023555555,0.0018918918,0.25697145,0.2459111,0.27307838,0.14934286,0.17673334,0.18323243,0.39107144,0.26855555,0.3002027,0.4884271,0.13691333,0.264082
165,2,4399715.796393498,602727.0505719866,0.0391,0.0541,0.044310525,0.04405,0.06735,0.05677368,0.073425,0.0966,0.09060526,0.068675,0.1182,0.105510525,0.412775,0.2376,0.3119895,0.262125,0.30845,0.28914738,0.14995,0.23155,0.19129474,0.002,0.003,0.002031579,0.545292,0.19621634,0.32979333,0.34907568,0.03216,0.15133572,0.06775,0.03455,0.15912142,0.07905371,0.061070003,0.18377142,0.10950556,0.05003,0.21067144,0.12827037,0.087809995,0.23568572,0.16193333,0.3122,0.26404285,0.25164074,0.42691,0.27699286,0.2948926,0.42196,0.27829283,0.29760185,0.07467,0.13142857,0.100012966,0.00159,0.0046,0.0025018519,0.24101001,0.27630717,0.286,0.11785,0.20892143,0.18835555,0.46337998,0.2980357,0.32627222,0.6029868,0.09476601,0.26368216
166,2,4399481.615264271,471629.6591012519,0.024266668,0.0541,0.048353333,0.032133333,0.06493333,0.060286663,0.06903333,0.084533334,0.09165333,0.051,0.10773334,0.11146666,0.33576667,0.18443334,0.26298666,0.20643333,0.2835,0.30298,0.1019,0.2221,0.21212,0.0019666667,0.0016333334,0.0017,0.48822725,0.13288349,0.24749975,0.35534376,0.0306375,0.050079998,0.04371212,0.0344,0.0581,0.052866668,0.0708875,0.07952,0.08396061,0.0533375,0.10692,0.104796976,0.1053625,0.12658,0.1366303,0.257225,0.14854,0.19964848,0.3105625,0.16448,0.23018181,0.30935,0.17068,0.23697273,0.052075,0.08888,0.07719091,0.0026,0.00244,0.002287879,0.2282875,0.29391998,0.29910907,0.11955,0.22931999,0.20460606,0.340125,0.18918,0.263,0.44528246,0.111680344,0.22199704
167,2,4327897.632464792,456776.9515206561,0.0133,0.04812,0.04274762,0.0193,0.057779998,0.05348095,0.0456,0.08304,0.0819619,0.0309,0.10482,0.10085714,0.39306667,0.15752,0.21782857,0.1477,0.25682,0.2651857,0.05993333,0.21436001,0.20142381,0.0012333333,0.0032799998,0.0017857143,0.6170939,0.09350018,0.20030923,0.5235937,0.01584,0.0413,0.043067742,0.019860001,0.0454875,0.050187096,0.04524,0.06505,0.07623871,0.0331,0.0881625,0.097993545,0.05982,0.1006,0.11655161,0.23573999,0.111,0.1609,0.3542,0.1223625,0.1933742,0.33976,0.124175,0.1938871,0.055740003,0.063925,0.06959032,0.0012,0.0025375,0.0021580644,0.15912,0.232175,0.26824838,0.06606,0.185825,0.20214516,0.3771,0.13835,0.21527097,0.5401987,0.067400515,0.16775498
168,2,4338221.674925049,471619.61223440006,0.0133,0.05566667,0.0476275,0.018828573,0.0649,0.057625,0.040514287,0.08395,0.081420004,0.02922857,0.107266665,0.1011675,0.46864286,0.18908334,0.262025,0.15431428,0.31566668,0.30520502,0.06084286,0.2629,0.2352375,0.0013571428,0.0032166669,0.0020125,0.7138952,0.14140227,0.26723588,0.57249296,0.011116667,0.040814284,0.03959375,0.014766667,0.050142854,0.05045625,0.03725,0.06935714,0.07384688,0.022116667,0.09498571,0.09435625,0.047883336,0.11344286,0.114925,0.27635,0.1319,0.17980938,0.46198335,0.14622858,0.230425,0.45073336,0.15624286,0.2370375,0.06766667,0.0736,0.076346874,0.0020333333,0.0026142856,0.002240625,0.1566,0.29295716,0.303375,0.05986667,0.23252857,0.23059376,0.49536666,0.17244285,0.26091564,0.7125497,0.1106357,0.24373415
169,2,4350685.468584185,601081.1945345257,0.0462,0.0554,0.049875,0.051133335,0.0696,0.059509996,0.08065,0.0986,0.088929996,0.07418333,0.1177,0.101490006,0.43143335,0.2437,0.319955,0.28941667,0.3003,0.306995,0.17556666,0.2264,0.211985,0.0020666665,0.004,0.0017649999,0.5549176,0.20639765,0.3493135,0.34851992,0.046957143,0.0567,0.05145,0.05134286,0.06923333,0.06391786,0.078914285,0.09483333,0.09339643,0.08022857,0.12343334,0.11487858,0.116314285,0.14546666,0.14459287,0.2917,0.17656666,0.23038216,0.38315716,0.19873334,0.27624285,0.38765717,0.20473334,0.28550357,0.06708571,0.05536667,0.085339285,0.0017857143,0.0017,0.0027178572,0.2990857,0.3463,0.33055,0.18154286,0.2591,0.22943929,0.4229143,0.2326,0.3138607,0.48637435,0.13541214,0.27322516
170,2,4297503.341542121,527407.6626450699,0.018633332,0.0492,0.049894445,0.0221,0.0602,0.06141111,0.041666664,0.0791,0.08755556,0.025,0.1001,0.10903889,0.44116664,0.1761,0.2619778,0.1512,0.2835,0.30355558,0.05886667,0.2216,0.22329444,0.0011333333,0.003,0.0017,0.693072,0.13414858,0.25093818,0.5589234,0.02214375,0.05422857,0.04316207,0.02105625,0.06352857,0.051067244,0.04421875,0.08432857,0.07611207,0.03213125,0.10868572,0.093965515,0.05950625,0.12704286,0.11621723,0.240225,0.14824286,0.18657586,0.36354375,0.1624,0.23452932,0.3601875,0.17147142,0.24049138,0.0575625,0.07904286,0.07180862,0.00135,0.0017857143,0.001762069,0.1643875,0.30681428,0.2852707,0.07049375,0.23975715,0.20288102,0.3950875,0.18625714,0.26337758,0.570611,0.10958763,0.24987209
171,2,4270457.961750161,675576.4407537084,0.0188,0.06618,0.05527619,0.022375,0.0802,0.06839048,0.0433,0.10418001,0.09629048,0.027525,0.13486,0.12035714,0.408625,0.2035,0.27351904,0.137675,0.33062,0.31022856,0.0528,0.24323998,0.21669523,0.000925,0.0015199999,0.0013190476,0.6460702,0.11236515,0.24507844,0.53370506,0.022533333,0.061,0.052624,0.02545,0.0799,0.064284004,0.04845,0.1097,0.09208,0.036583334,0.1577,0.117368005,0.065116666,0.165,0.137284,0.24943332,0.1856,0.20250401,0.3608167,0.2054,0.244896,0.36301666,0.2099,0.251096,0.07385,0.0234,0.071968,0.0010333332,0.0017,0.002072,0.1632,0.389,0.305604,0.06915,0.2638,0.214076,0.39055,0.2352,0.27328,0.5624993,0.08215919,0.21811362
172,2,4380156.866124245,525395.4820858825,0.042742856,0.056814287,0.05232368,0.047314286,0.07318571,0.064389475,0.07124286,0.09977143,0.09172895,0.071257144,0.12844285,0.115115784,0.34314284,0.21808572,0.25911844,0.25648573,0.3339,0.31838948,0.16135713,0.24174285,0.22702631,0.0019857143,0.0028571428,0.0020578946,0.44890517,0.14682569,0.23447147,0.3020795,0.043215383,0.19601817,0.074181356,0.050746154,0.2146818,0.08787119,0.07948461,0.23543635,0.115113564,0.085784614,0.2637909,0.13957287,0.113976926,0.28452727,0.16536102,0.23443076,0.30716366,0.22036272,0.30458462,0.318,0.25298306,0.3088,0.31959093,0.26081526,0.054523077,0.13874546,0.088696614,0.002146154,0.002309091,0.002237288,0.29513076,0.24856365,0.31009153,0.19373846,0.18230909,0.22261186,0.34272307,0.33749092,0.28631693,0.3680892,0.07143997,0.189941
173,2,4306070.749679551,516505.0149303277,0.02626,0.050025,0.038597297,0.031579997,0.06455,0.04826216,0.054509997,0.0924,0.07272973,0.04552,0.11965,0.08600811,0.36949,0.201525,0.25564325,0.19127,0.2786,0.24502163,0.10135,0.1987,0.1644081,0.00284,0.0027,0.0020945945,0.5477136,0.13749552,0.29006135,0.41021806,0.025492309,0.0408,0.0352,0.027730769,0.0682625,0.05182407,0.04892308,0.09305,0.07598148,0.039207693,0.1253875,0.09412037,0.06803077,0.1382625,0.11505186,0.22190769,0.1607,0.18197222,0.31861538,0.1790125,0.22417964,0.3196154,0.198325,0.23465371,0.050953846,0.0563125,0.06671667,0.0018384615,0.0016375,0.0019444445,0.17743847,0.290175,0.25471297,0.08557692,0.2042875,0.17277221,0.35053846,0.2085,0.25501853,0.49587065,0.12162289,0.24054986
174,2,4291918.388884989,512899.51609763346,0.039966665,0.05715,0.054194286,0.043655556,0.07445,0.065617144,0.07254445,0.10456666,0.09428286,0.057522222,0.12971666,0.11098572,0.48728886,0.25141668,0.3134,0.29936668,0.34056666,0.33226,0.1662,0.25086668,0.22747429,0.0011222223,0.00345,0.0018600001,0.6610403,0.19469054,0.32032323,0.46634978,0.044121053,0.0595,0.054917242,0.042394735,0.07115714,0.06209655,0.06613158,0.09345714,0.08801551,0.048394736,0.12261428,0.104479305,0.09245263,0.14952858,0.13520862,0.34795263,0.17884286,0.24539138,0.4784579,0.19634286,0.30584827,0.47408944,0.20867144,0.3121,0.07543684,0.100114286,0.084686205,0.0012789473,0.0025,0.0019603448,0.27183157,0.35034284,0.3292931,0.1350421,0.25777143,0.21614656,0.51911575,0.22585715,0.34268966,0.66923165,0.14314748,0.3321186
175,2,4325004.39317241,493335.487689533,0.0276125,0.0453,0.038439024,0.034175,0.06102,0.05212439,0.0643625,0.089540005,0.08612926,0.0499,0.11641999,0.09944634,0.4352625,0.1976,0.29339755,0.212525,0.26976,0.26486585,0.10705,0.21044,0.17868292,0.003,0.00312,0.0021463416,0.6195449,0.13740619,0.3164858,0.48213875,0.022119999,0.044916667,0.046113793,0.0238,0.049333334,0.04817586,0.04944,0.0747,0.079362065,0.03262,0.10553334,0.09645172,0.073920004,0.12846667,0.13331379,0.29692,0.14938334,0.21707933,0.40662,0.16651666,0.25897586,0.38896,0.17225,0.26220688,0.0557,0.07813333,0.08189655,0.0019,0.0019666667,0.0017965517,0.18662,0.2697,0.27935174,0.0819,0.20568332,0.19151379,0.43833998,0.19096667,0.28953794,0.60715705,0.11700327,0.27742544
176,2,4348222.082117917,588159.6581572891,0.043633334,0.05155,0.04620476,0.0483,0.06025,0.05487143,0.07366667,0.0818,0.08140476,0.07101667,0.0997,0.09224762,0.37083334,0.23655,0.29536667,0.27038333,0.2969,0.28460476,0.16215,0.21815,0.19209523,0.0012833333,0.00205,0.0015428571,0.48631325,0.23181869,0.33479083,0.25449455,0.041714285,0.043244448,0.044401783,0.0457,0.053244445,0.0535375,0.071535714,0.07383333,0.0815625,0.06908571,0.092033334,0.0937875,0.10240714,0.13047779,0.13286072,0.27334285,0.18637778,0.22828394,0.3637,0.20605557,0.27125177,0.36825716,0.21627778,0.28110534,0.061142858,0.08473333,0.08319643,0.0018571428,0.0022444446,0.0019589285,0.27431428,0.2825889,0.29445356,0.16006428,0.19382222,0.1928625,0.39912856,0.23213333,0.3034875,0.48754758,0.21612872,0.31091228
177,2,4376146.126266288,484988.46895192226,0.0165,0.046633333,0.0457025,0.0206875,0.05931667,0.0576625,0.043575,0.08225,0.0836975,0.0277875,0.10733334,0.1041875,0.415225,0.17656666,0.25481,0.1541625,0.28745,0.2948825,0.0643,0.22625,0.21533501,0.0016125,0.0012833333,0.0019200001,0.6536095,0.12068563,0.25022677,0.5329239,0.01815,0.044083335,0.044625714,0.020683333,0.05523333,0.055122856,0.043133333,0.07688333,0.08054,0.033583336,0.109916665,0.10737142,0.059333332,0.12695,0.12744857,0.22465,0.14208333,0.17397143,0.32818332,0.15728334,0.20727144,0.3267,0.16623333,0.2147943,0.05236667,0.0849,0.07446286,0.00345,0.0030166665,0.0026200002,0.17323333,0.3011833,0.3095457,0.08023333,0.23346667,0.22654285,0.35556668,0.18298334,0.23746002,0.5207075,0.09845342,0.18238355
178,2,4362653.404286477,414952.0156728944,0.05495,0.05205,0.047866665,0.066,0.0619,0.05883333,0.0995,0.0859,0.092022225,0.116125,0.1029,0.10513334,0.297175,0.221875,0.2991611,0.3602,0.3026,0.30785,0.2328,0.2232,0.20182222,0.001725,0.001375,0.0015555555,0.28722137,0.20249891,0.31264925,0.08472246,0.03716,0.039657146,0.040333334,0.0463,0.049542855,0.051990002,0.08136,0.07412857,0.08523333,0.088659994,0.09341429,0.10193666,0.12592,0.12602858,0.14085333,0.23336,0.17032857,0.22078998,0.28056002,0.1882,0.25474,0.2822,0.19664286,0.26316667,0.03326,0.09832857,0.087696664,0.00156,0.0034,0.00241,0.3134,0.29962856,0.30994666,0.19015999,0.21815716,0.20474666,0.31656,0.21247144,0.28761002,0.32364893,0.18163335,0.26732397
179,2,4367498.387931456,462085.8621714616,0.02795,0.046,0.03203158,0.0378,0.0606,0.045389473,0.071275,0.09136667,0.07973684,0.06625,0.1117,0.09143158,0.334275,0.2665,0.31816843,0.255075,0.31366667,0.26912105,0.14185,0.2222,0.16392106,0.00115,0.0017,0.0017631579,0.44872016,0.25218627,0.3686528,0.19653389,0.0345625,0.0473,0.035894286,0.0358375,0.05867143,0.043242857,0.0664375,0.087,0.075040005,0.0570625,0.11032858,0.086559996,0.0977,0.15622857,0.12958857,0.3042125,0.22397144,0.2500857,0.3974625,0.2463,0.3020257,0.39785,0.25535715,0.30935717,0.06625,0.1192,0.09625428,0.0037125,0.0031142856,0.00242,0.2476,0.32402855,0.27634856,0.1255,0.22885716,0.16770858,0.4294875,0.275,0.33648857,0.5551008,0.23851095,0.36714292
180,2,4398266.429339482,417777.40060165373,0.022325,0.0514,0.04374,0.0279,0.068475,0.055940002,0.054575,0.097175,0.085775,0.038675,0.12795,0.101234995,0.4351,0.235025,0.295175,0.177825,0.31115,0.281585,0.078525,0.222425,0.187175,0.003675,0.001425,0.002175,0.648635,0.17358579,0.31521857,0.47504926,0.025333332,0.0403,0.038205713,0.026616666,0.058229998,0.05403714,0.051316667,0.08235,0.08148,0.03705,0.11316,0.10442572,0.07073333,0.14374,0.13494572,0.25633332,0.17779,0.2030343,0.36958334,0.19681999,0.24179143,0.37101668,0.20362,0.24867715,0.06246667,0.08351,0.08203143,0.00165,0.00296,0.0020371429,0.1923,0.31112,0.29584572,0.087516665,0.21907,0.19838858,0.4015,0.22467,0.27368572,0.5718856,0.15330084,0.2405315
181,2,4342310.951457659,471054.9820389593,0.0341,0.049557146,0.0418675,0.037157144,0.06032857,0.051682502,0.061585713,0.07821429,0.0778725,0.04792857,0.09972857,0.091405,0.3401143,0.15654285,0.26412252,0.20504285,0.27415717,0.25842,0.108914286,0.22338572,0.17768,0.0015857143,0.003757143,0.002015,0.50198805,0.10175269,0.2910653,0.40023535,0.031666666,0.03932,0.035729032,0.036533333,0.0541,0.048612904,0.0631,0.072840005,0.0767,0.057477776,0.10046,0.0942871,0.08992222,0.1094,0.12002258,0.2467,0.12024,0.2017516,0.31664443,0.1324,0.2424,0.32343334,0.1434,0.25510645,0.044355553,0.060620002,0.07213871,0.0026,0.0017200001,0.0021483873,0.22562222,0.27086002,0.26600322,0.12692222,0.21621999,0.17914192,0.34118888,0.15264,0.27266127,0.4549733,0.077536784,0.27139843
182,2,4363472.394824803,433212.6425984674,0.036033336,0.059325,0.059005555,0.036666665,0.0788,0.07412222,0.06323333,0.110825,0.107083336,0.037933335,0.144575,0.13488334,0.51633334,0.237925,0.32615,0.24296668,0.35455,0.3551222,0.1075,0.2598,0.24395557,0.0015,0.001825,0.002027778,0.74407107,0.14724857,0.2898208,0.5968225,0.036875,0.0466375,0.044130553,0.0441125,0.07325,0.06572222,0.075325,0.101725,0.09742778,0.06775,0.1411,0.12635,0.11175,0.161325,0.15471944,0.3097375,0.1848375,0.23176111,0.40265,0.2017625,0.2745139,0.4047875,0.212525,0.28506666,0.064925,0.08615,0.083177775,0.0020125,0.003875,0.0024055555,0.2955875,0.35385,0.34648612,0.163325,0.2517375,0.23009443,0.441325,0.2307125,0.31181666,0.53757846,0.11511507,0.24982056
183,2,4304900.816277119,516861.2058793194,0.0237375,0.048720002,0.034481082,0.0273875,0.062920004,0.04257027,0.051425,0.0935,0.07048108,0.039475,0.122659996,0.07834595,0.38065,0.26728,0.28408107,0.179075,0.31493998,0.23894323,0.0835375,0.21638,0.1494027,0.0010375,0.0021799998,0.001572973,0.5781099,0.2315159,0.34938782,0.34659404,0.0299125,0.0490125,0.040408622,0.0293125,0.0546125,0.042781033,0.05718125,0.0810125,0.07171379,0.04595,0.1122375,0.08082759,0.08831875,0.14585,0.12075172,0.2614625,0.1862125,0.22041723,0.352475,0.2105,0.2680431,0.35348126,0.2178375,0.2746276,0.05934375,0.1021125,0.08224828,0.00240625,0.0031,0.0022344827,0.2061375,0.3030875,0.25751898,0.0999,0.209375,0.15935172,0.3882625,0.2461625,0.30239138,0.5252415,0.1775139,0.32990292
184,2,4348929.288799659,429711.7203966924,0.0355,0.0526,0.0561875,0.035866667,0.0617,0.06618125,0.05886667,0.0802,0.092475,0.037366666,0.10425,0.11065625,0.47716665,0.1767,0.288675,0.2246,0.31895,0.323575,0.1042,0.2855,0.2528125,0.0012666667,0.00165,0.00186875,0.70172787,0.126936,0.2863419,0.57479185,0.0327,0.04672857,0.048676666,0.03615,0.05922857,0.06074,0.05915,0.07864286,0.08556667,0.05456667,0.10742857,0.109459996,0.08518333,0.12065714,0.13034667,0.2539,0.13321428,0.18998,0.3386,0.14718571,0.22566001,0.33578333,0.15804286,0.23385666,0.04695,0.07482857,0.07558666,0.0024333333,0.0024857144,0.00246,0.23876667,0.30247143,0.31178668,0.13595,0.25038573,0.23496668,0.3713,0.17264286,0.25681332,0.47932148,0.089369506,0.20780425
185,2,4319992.522012023,472939.5299833236,0.0177375,0.05903333,0.05314146,0.0218875,0.07263333,0.066902444,0.0417125,0.09633333,0.09453659,0.0305,0.12556666,0.12073903,0.3991,0.1915,0.26283172,0.151725,0.342,0.32255366,0.0655,0.27616668,0.24087805,0.0018625,0.00315,0.0020292683,0.62589145,0.11041446,0.22879718,0.515477,0.016460001,0.044428572,0.046921875,0.0174,0.06045714,0.06265,0.039020002,0.08257143,0.09034687,0.025460001,0.1151,0.11921562,0.04944,0.12941428,0.13884063,0.2458,0.1441,0.19056875,0.39012,0.15825714,0.22990625,0.38551998,0.16955714,0.239825,0.056859996,0.08102857,0.08175938,0.0012,0.003342857,0.002409375,0.1554,0.3140143,0.32475314,0.0614,0.24132857,0.23740312,0.41847998,0.18345714,0.26099375,0.6222418,0.09416456,0.19759816
186,2,4387089.496102166,442156.51697395416,0.02875,0.033066664,0.027366666,0.03345,0.040266667,0.034827776,0.05055,0.052733332,0.056366667,0.0424,0.0659,0.05931667,0.31845,0.1176,0.22342221,0.2078,0.18756667,0.19189444,0.1108,0.14096667,0.12066111,0.00215,0.0013333333,0.0018055555,0.48593163,0.10131217,0.30038747,0.38461947,0.037828572,0.0369,0.03576579,0.0398,0.0361625,0.03756316,0.06268571,0.0503,0.05840263,0.05968571,0.070175,0.071042106,0.08964286,0.084075,0.09430263,0.2233,0.0963125,0.15731579,0.28742856,0.108075,0.1904,0.28741428,0.1101875,0.19261578,0.047385715,0.0668,0.06650263,0.0020285714,0.0028,0.0020078947,0.24567144,0.2174375,0.22902368,0.14715715,0.162975,0.15207894,0.31994283,0.12635,0.21608683,0.39794323,0.07823453,0.22297001
187,2,4358682.235538037,481699.5608811038,0.017677777,0.04697143,0.043363042,0.023277776,0.05807143,0.05439783,0.043633334,0.076642856,0.07683913,0.03251111,0.09984286,0.094432615,0.38041112,0.15352857,0.22189783,0.14842221,0.23832856,0.2374239,0.066144444,0.19218571,0.17353696,0.0026111112,0.0030571427,0.0021782608,0.5963573,0.09633861,0.21998972,0.50001866,0.018385714,0.0403875,0.040969446,0.020757142,0.050725,0.050813887,0.03927143,0.0698625,0.07316667,0.030314285,0.099275,0.09528333,0.050557144,0.1110875,0.11026389,0.21782857,0.1219875,0.15684722,0.3396857,0.1336125,0.1928111,0.33278573,0.14025,0.19609444,0.05658571,0.0706125,0.064672224,0.0016857143,0.0024375,0.0020944444,0.15055715,0.2431875,0.24639167,0.06608571,0.187425,0.17936666,0.3658857,0.1535,0.21626943,0.5379986,0.0743103,0.1768896
188,2,4275066.035340116,680541.7818359261,0.047620002,0.039839998,0.036225,0.06686,0.0557,0.050425,0.1122,0.08748,0.086705,0.14202,0.1119,0.10418001,0.34412,0.2332,0.314085,0.34654,0.27784,0.27491498,0.20566002,0.19022,0.16721,0.0012,0.0016600001,0.001395,0.29985732,0.20192972,0.33550078,0.0979276,0.038983334,0.0437,0.027869565,0.05605,0.0671,0.041143477,0.093383335,0.0986,0.073965214,0.12035,0.1399,0.08451739,0.15541667,0.1558,0.1254913,0.25151667,0.1897,0.2545739,0.29591668,0.2122,0.31362173,0.3046167,0.2168,0.32159567,0.05996667,0.0213,0.09141739,0.00125,0.0017,0.0016913044,0.30951667,0.3578,0.2553913,0.17718333,0.2366,0.14253478,0.33713332,0.2415,0.3493826,0.28909898,0.123827755,0.38879636
189,2,4392402.178032697,595802.6045622882,0.0507,0.054166667,0.050852172,0.056483332,0.06353333,0.06033913,0.084583335,0.0847,0.087360874,0.08585,0.10063333,0.10485652,0.45903334,0.1975,0.29865217,0.30565,0.27986667,0.29133046,0.19211666,0.21643333,0.20398696,0.0014666667,0.0023,0.0018608696,0.56031066,0.16828583,0.31251156,0.39202482,0.041381817,0.14661667,0.06727222,0.0466,0.16013333,0.08015555,0.07373636,0.180525,0.10761297,0.07659091,0.19766666,0.12794259,0.11106364,0.21980833,0.15634814,0.3059909,0.24954167,0.23806667,0.41143638,0.2620333,0.2813574,0.41928184,0.26534167,0.29060924,0.064409085,0.115675,0.090535186,0.0017454546,0.0025333334,0.002324074,0.28246364,0.23405,0.28577408,0.17026363,0.173575,0.19829631,0.4523636,0.28063333,0.31353703,0.5344191,0.09724864,0.25453708
190,2,4364972.932330124,438410.3245199128,0.0303,0.05353333,0.05125263,0.03025,0.0671,0.06323684,0.0522,0.08923333,0.09335789,0.0283,0.11496666,0.11175264,0.57245,0.1905,0.32845265,0.235,0.30843332,0.3186263,0.095775,0.23326668,0.21444736,0.0014,0.0012333333,0.0017263158,0.8293098,0.12877168,0.3393023,0.70053816,0.03552857,0.049116667,0.04859375,0.034885716,0.06078333,0.0614375,0.05847143,0.08036667,0.08975313,0.042942856,0.11056666,0.11351875,0.08452857,0.12665,0.14152813,0.32352856,0.1393,0.22203438,0.44385713,0.15501666,0.26780626,0.4434143,0.16486666,0.27632812,0.06347143,0.08005,0.08193125,0.0026142856,0.0019666667,0.002075,0.25092855,0.32193333,0.32610938,0.1174,0.24615,0.21990626,0.4822857,0.1822,0.30199063,0.6473931,0.09491502,0.26280376
191,2,4358109.829608161,527081.166144486,0.061985712,0.042457145,0.053470735,0.068814285,0.05141429,0.064021945,0.09608571,0.0679,0.08986341,0.101742856,0.088214286,0.111290246,0.3293143,0.16001429,0.251461,0.33087143,0.25182855,0.30731222,0.23718572,0.197,0.22652438,0.0024142857,0.0026428571,0.0020780487,0.3615695,0.13085678,0.23076299,0.23071271,0.05592,0.044,0.058598213,0.058413338,0.05234,0.06741786,0.084293336,0.06824,0.0931125,0.085873336,0.09384,0.11693036,0.12038001,0.10898001,0.1418625,0.26338667,0.12506999,0.20769644,0.33361334,0.14041999,0.24681072,0.33451998,0.15114,0.25593033,0.0571,0.06917,0.08158571,0.0019733333,0.0023100001,0.0020964285,0.31118,0.25844,0.33554643,0.20648667,0.19468,0.25144467,0.3726,0.16743,0.2839518,0.40348575,0.10407918,0.226154
192,2,4365681.37204959,520570.18436600437,0.02305,0.044333335,0.04203158,0.028083334,0.050266664,0.05142368,0.0506,0.06131667,0.07151053,0.036616664,0.07655,0.0867,0.37226668,0.12723334,0.19938684,0.17236666,0.22588332,0.24163684,0.08128333,0.17921667,0.1764,0.0012166667,0.0023166665,0.0018052631,0.57468545,0.096653596,0.20015895,0.47803187,0.0285,0.16105,0.07213509,0.029181818,0.15889166,0.0741807,0.05282727,0.17020833,0.09354912,0.045190908,0.18849166,0.11119824,0.072390914,0.19915834,0.12808947,0.20794547,0.208025,0.16880175,0.2815182,0.215175,0.1950228,0.2790909,0.21758333,0.19912106,0.048836365,0.10356666,0.07062456,0.0013363636,0.0027083333,0.0021421053,0.1927,0.19744167,0.25221756,0.101754546,0.15544166,0.18695964,0.3090909,0.23113333,0.21967544,0.42142656,0.043551363,0.14993691
193,2,4309846.012392195,550311.1595653435,0.054933332,0.0495,0.040175,0.06353333,0.05975,0.047085002,0.103033334,0.08255,0.076395,0.111833334,0.09915,0.07785,0.32626668,0.23985,0.302,0.30683333,0.27285,0.245855,0.2094,0.19355,0.154595,0.0012,0.0057,0.002025,0.33617264,0.2380211,0.3763836,0.098151535,0.050608333,0.07205,0.05049649,0.043908335,0.06592,0.04277544,0.07575833,0.08574,0.068285964,0.07209167,0.102790006,0.06896667,0.12016666,0.13741,0.11574736,0.23795833,0.17731999,0.21668772,0.2846667,0.19541,0.25543684,0.28363332,0.19303,0.25452104,0.05130833,0.08395,0.0829386,0.001875,0.0018399999,0.0018210525,0.267825,0.24372,0.24001579,0.16991666,0.16588001,0.14697368,0.31691667,0.22411,0.28879824,0.36306107,0.15669647,0.3266708
194,2,4329482.064460358,439440.87154197274,0.029566666,0.055175,0.04711,0.031266667,0.0655,0.057595,0.05186667,0.088825,0.08612,0.032666665,0.112875,0.100965,0.49363336,0.22775,0.296485,0.19663334,0.322525,0.306465,0.0809,0.24545,0.21313001,0.0012666667,0.0039,0.00195,0.73307395,0.1916308,0.31764996,0.54144317,0.028239999,0.0493375,0.046684846,0.02886,0.0567875,0.052775756,0.05698,0.0814125,0.08277273,0.04476,0.1052,0.09835757,0.08128,0.1368,0.13435759,0.2803,0.1812625,0.2190818,0.38276002,0.2001,0.25663635,0.3845,0.208,0.26556972,0.06094,0.0997125,0.090166666,0.00274,0.0028625,0.0026272729,0.21678,0.30935,0.30650303,0.10526,0.224675,0.2075879,0.41782,0.227,0.28889093,0.56929845,0.17596954,0.27838477
195,2,4371219.679127244,508694.40081845707,0.016657142,0.040766664,0.043172974,0.023742856,0.05281667,0.055632435,0.051142856,0.07593333,0.085808106,0.03412857,0.0981,0.10427567,0.4560143,0.1899,0.28606215,0.17595714,0.25426668,0.28166488,0.07824286,0.19068334,0.1980919,0.0025142857,0.0026833334,0.001989189,0.6858044,0.16101421,0.29581407,0.5247902,0.0171,0.040157143,0.040642858,0.016460001,0.040214285,0.043564286,0.04236,0.0621,0.07213214,0.02606,0.088857144,0.09151786,0.05988,0.11157142,0.11921072,0.26436,0.13917142,0.190325,0.39056,0.15561429,0.23225716,0.38952,0.16678572,0.23996428,0.06482,0.08072857,0.0815,0.0013,0.002142857,0.0017285715,0.16882,0.24521428,0.26558572,0.07136,0.17588572,0.18208572,0.4215,0.18122858,0.26253927,0.6257644,0.14117058,0.2542575
196,2,4326882.657926265,407882.164736351,0.0338,0.058225,0.04668889,0.040566664,0.07155,0.05526111,0.06566667,0.1008,0.07913333,0.06536667,0.128025,0.093205556,0.23063332,0.284525,0.23886667,0.16933334,0.33545,0.27663332,0.0924,0.234975,0.19396111,0.0028333333,0.0038,0.002177778,0.29777485,0.24579327,0.24898316,0.051981583,0.048639998,0.042333335,0.0422,0.05286,0.052,0.051625807,0.07908,0.0764,0.07753549,0.08156,0.09926667,0.09310645,0.10996,0.14503334,0.12757419,0.21601999,0.20496668,0.19683549,0.27182,0.22565557,0.22674194,0.27174,0.23366667,0.23305483,0.042779997,0.094177775,0.08064516,0.0016799999,0.002177778,0.0023387095,0.2897,0.28512222,0.29174194,0.18928,0.1883,0.20033549,0.30506,0.2559333,0.25891292,0.3239899,0.22827536,0.24021178
197,2,4389531.054948607,462828.80888165475,0.03608,0.045866664,0.049705554,0.036879998,0.05813333,0.05991111,0.061459996,0.0827,0.08843333,0.035860002,0.103033334,0.10091667,0.5261,0.21776667,0.3361222,0.22866,0.2865,0.29974443,0.09822,0.21253332,0.19986111,0.00154,0.0015,0.0016722222,0.7602204,0.19578445,0.3725563,0.56443596,0.035366666,0.0403125,0.0471,0.035333335,0.050625,0.05668485,0.06035,0.07425,0.08536667,0.0463,0.0979125,0.10499091,0.08518333,0.1307375,0.13658182,0.31886667,0.1724125,0.22326365,0.44048336,0.188775,0.26705453,0.43376666,0.1975875,0.273,0.07001667,0.0963125,0.09044545,0.0020833334,0.002175,0.0018727272,0.2471,0.274575,0.30235454,0.12175,0.2001625,0.20696364,0.48035,0.2160875,0.30057272,0.62701476,0.17394347,0.2754287
198,2,4388889.221117944,459597.9793472503,0.046175,0.053833332,0.04608235,0.048925,0.06793333,0.0564,0.0742,0.09306667,0.08455294,0.0623,0.12386666,0.1004647,0.43395,0.22593333,0.31398234,0.276025,0.317,0.29282942,0.146075,0.22843333,0.18478236,0.00135,0.0017,0.0019470588,0.58676517,0.16751865,0.34325442,0.41924652,0.043485716,0.045625,0.042880554,0.053357143,0.06315,0.058475,0.08257143,0.0878,0.08728611,0.0862,0.122075,0.11119166,0.12091428,0.1501,0.14388056,0.27641428,0.1822,0.21920557,0.35152856,0.200275,0.25780278,0.35178572,0.2129375,0.2660722,0.0597,0.091975,0.08620278,0.0031571428,0.002175,0.0020777779,0.3162143,0.3168,0.31949168,0.19194286,0.2251125,0.21046667,0.3925,0.23075,0.29494166,0.42598245,0.15084243,0.2525887
199,2,4338194.808566106,421396.7288042495,0.0174,0.0474,0.045677777,0.021766666,0.05625,0.05516667,0.044066664,0.070975,0.07626111,0.029366666,0.0874,0.089772224,0.39346668,0.138475,0.20843889,0.14153333,0.213675,0.23021668,0.05923333,0.18065,0.17798334,0.0012666667,0.002825,0.0017277779,0.62177813,0.09470716,0.2083491,0.527071,0.01855,0.0388,0.04098,0.02235,0.0444,0.049613334,0.0445,0.05843333,0.06982,0.037575,0.07772222,0.08912333,0.059175,0.089155555,0.103253335,0.207775,0.10093333,0.13808,0.31345,0.11038889,0.16368,0.30935,0.112777784,0.16668001,0.035225,0.053344447,0.055066667,0.001975,0.0019111111,0.0020633333,0.159275,0.2006889,0.23348,0.076075,0.16016667,0.17805,0.33525,0.1268111,0.18385,0.48547548,0.067450285,0.14044261
200,3,4313785.421582709,533292.1934670012,0.028866665,0.0357,0.030335294,0.035633333,0.0444,0.039552942,0.0537,0.06,0.062,0.06163333,0.0516,0.06599411,0.06213333,0.0229,0.063517645,0.008533333,0.0572,0.034547057,0.0067,0.0408,0.02592353,0.0008,0.0018,0.0012764706,0.0010330144,-0.06256867,-0.005066825,0.06360169,0.03201765,0.04461,0.037559014,0.041370586,0.04651,0.043457378,0.063747056,0.06705,0.06531803,0.0674,0.066870004,0.06671312,0.0795,0.08148,0.08285409,0.10218235,0.07479,0.09194918,0.12238235,0.08048,0.10450819,0.09515882,0.063190006,0.080854096,0.031288236,0.052640002,0.049342625,0.0017294117,0.0018600001,0.0016836065,0.045870587,0.11133,0.07601475,0.027105885,0.08303,0.051962294,0.11769412,0.08571,0.10551476,0.055212043,-0.0075183143,0.028487854
201,3,4200346.961743417,661510.7994947156,0.018833334,0.027033335,0.021036843,0.019066667,0.031533334,0.024389474,0.041866664,0.040983334,0.04038421,0.0206,0.05403333,0.039789476,0.38653332,0.13326666,0.22986843,0.16336666,0.19845,0.17736842,0.057633333,0.123333335,0.09166842,0.0010333332,0.0014,0.0019736842,0.6370824,0.15684219,0.35854125,0.48024023,0.016333332,0.025816666,0.022629034,0.016333332,0.02925,0.024193548,0.041666664,0.0396,0.04346774,0.020966668,0.05705,0.044248387,0.07125,0.0727,0.07996451,0.2743,0.09355,0.17824517,0.3494,0.10998334,0.21864194,0.3491,0.11976666,0.22604516,0.07616667,0.050183333,0.07330323,0.0010166666,0.0016166666,0.002248387,0.16621666,0.2014,0.20129678,0.05993333,0.122716665,0.10244193,0.38535,0.14033334,0.25471613,0.58619523,0.12476591,0.34114838
202,3,4303910.138901972,409711.6276394101,0.02435,0.0356,0.029088888,0.02595,0.03964,0.033127777,0.05675,0.05054,0.053361107,0.0294,0.061079998,0.05035,0.4342,0.1489,0.24881667,0.18485,0.19632,0.1933611,0.0748,0.1318,0.10937221,0.0012,0.00294,0.0019833334,0.67253244,0.1694723,0.36225623,0.5030601,0.02395,0.02946,0.026634483,0.026275,0.035889998,0.032203447,0.0603,0.04979,0.053889655,0.03085,0.06464,0.054489654,0.086375,0.082,0.08758965,0.300925,0.1099,0.17325862,0.377625,0.12566,0.20566553,0.3862,0.14057,0.21998276,0.06185,0.060890004,0.07315517,0.001025,0.0024,0.002310345,0.191475,0.2039,0.20332758,0.077875,0.1333,0.116055176,0.413025,0.15135999,0.23600689,0.608376,0.14650314,0.30629674
203,3,4206723.52681457,701479.7804361891,0.013133333,0.011266666,0.011223529,0.017,0.014516667,0.014476471,0.0451,0.026166666,0.032711763,0.025866665,0.02695,0.025682352,0.28513333,0.16323334,0.19904117,0.1407,0.1057,0.11868235,0.0582,0.05786667,0.058182355,0.0011,0.0012166667,0.0010882353,0.4811166,0.27746937,0.34378073,0.20364723,0.015358333,0.012808333,0.015663637,0.01705,0.0104416665,0.015612727,0.045625,0.023825,0.036301818,0.024775,0.02715,0.029285455,0.0727,0.05485,0.06608909,0.20931667,0.1193,0.1537291,0.25406668,0.13896666,0.18216546,0.25764167,0.15028334,0.1912491,0.043825,0.06943333,0.06189091,0.0012583333,0.0021833335,0.0018545454,0.14615,0.10848334,0.13432181,0.06225,0.063125,0.068816364,0.28415832,0.16315834,0.2094709,0.44200584,0.25326836,0.32096562
204,3,4328966.025431573,551892.9361502922,0.016825,0.0259,0.02185,0.01995,0.03,0.025511112,0.043875,0.0382,0.0467,0.0222,0.0515,0.040355556,0.398275,0.1351,0.28567222,0.16675,0.1902,0.18600555,0.0592,0.1286,0.09313889,0.001175,0.0016,0.0011888889,0.64771056,0.16604434,0.44360238,0.4816662,0.019107692,0.03395,0.026854545,0.016807692,0.03105,0.02434,0.041476924,0.041975,0.044621818,0.022607692,0.0593375,0.04330727,0.06653847,0.0769625,0.07953636,0.24376924,0.0952375,0.17840546,0.31366155,0.1117125,0.21894726,0.31322306,0.1192625,0.22638908,0.049761537,0.0673625,0.06965455,0.0015307693,0.0032,0.0022454546,0.16241539,0.21125,0.19220546,0.060015388,0.1363125,0.10014909,0.34669232,0.137725,0.25144726,0.53129673,0.1187412,0.34405425
205,3,4390258.2261407245,501493.2420065256,0.025642855,0.031866666,0.027291892,0.02882857,0.038383335,0.032154053,0.05238571,0.05256667,0.053091895,0.03747143,0.06881667,0.053256758,0.32917145,0.16071667,0.24981892,0.18687142,0.20023334,0.19304594,0.08375714,0.12886666,0.10375676,0.0019714285,0.0016666666,0.0016918918,0.51388097,0.17328157,0.35670215,0.34059942,0.018814284,0.0252125,0.023640541,0.021885715,0.029175,0.027424326,0.047914285,0.0427375,0.04854054,0.033757143,0.0593875,0.0513,0.0727,0.0776125,0.082821615,0.21994285,0.1063875,0.1663027,0.27565715,0.1261375,0.2002027,0.2738143,0.1310625,0.20555677,0.0572,0.075975,0.0753973,0.0017857143,0.0021125,0.0021297296,0.17955714,0.189375,0.19475135,0.0782,0.1192125,0.10508108,0.30797145,0.148375,0.23145406,0.44296494,0.14069451,0.2902451
206,3,4317128.876466688,547333.5952299231,0.0221,0.0348,0.02643125,0.02205,0.0376,0.0289125,0.04045,0.0447,0.04480625,0.02285,0.0571,0.0452125,0.3752,0.13075,0.24100626,0.1516,0.19705,0.1803375,0.05505,0.13035,0.09760625,0.0008,0.00225,0.00169375,0.61597925,0.14523304,0.36271098,0.47074622,0.020684617,0.030811112,0.025335714,0.019938461,0.033122223,0.026569644,0.040692307,0.043233335,0.044044644,0.023646154,0.060622223,0.044375,0.06299231,0.072977774,0.07514643,0.25917694,0.0903,0.17819285,0.34003076,0.10535555,0.22275178,0.3405923,0.118988894,0.23432857,0.059384614,0.050544444,0.06756071,0.0020307691,0.0018888889,0.0019446429,0.15813847,0.20194444,0.18265714,0.0589,0.1319,0.09555357,0.37263077,0.1319,0.25448573,0.5670514,0.11539637,0.354172
207,3,4208427.232217791,655740.1092327362,0.0195,0.028,0.023063637,0.020925,0.0325,0.025577271,0.04305,0.04475,0.042313635,0.024025,0.05951667,0.04067727,0.360625,0.157,0.24171364,0.16575,0.22535,0.18951364,0.0631,0.14231667,0.09893182,0.001675,0.0014333333,0.0017136364,0.5933222,0.18749103,0.3752529,0.4058312,0.020342857,0.028183334,0.023219999,0.019185714,0.032216664,0.026139999,0.045957144,0.0473,0.04740333,0.02587143,0.06748333,0.04969,0.071342856,0.08465,0.08133,0.25727144,0.11528334,0.17539333,0.32454285,0.13618334,0.21400666,0.33012855,0.15581666,0.22991668,0.06825714,0.06026667,0.07311,0.0014428572,0.0024,0.0024633333,0.17422858,0.24021667,0.21169,0.06821429,0.14946666,0.11225,0.35907143,0.172,0.25053668,0.54635245,0.16758023,0.33395776
208,3,4280477.685126511,563214.0344569559,0.0208,0.03245,0.02163125,0.022825,0.0365,0.025375,0.044025,0.0475,0.04538125,0.02475,0.06025,0.04096875,0.37405,0.1402,0.26263124,0.15595,0.2165,0.1802375,0.0599,0.1486,0.09641875,0.00295,0.002,0.00205625,0.60919464,0.15556896,0.40718153,0.45362568,0.018884616,0.03121,0.024298305,0.01646923,0.031570002,0.023945762,0.041546155,0.042579997,0.04374746,0.021315385,0.05835,0.04137966,0.06625385,0.07316,0.075837284,0.2584,0.09502,0.17447627,0.33506924,0.109330006,0.21475932,0.33706155,0.1238,0.22335933,0.052761536,0.05238,0.064018644,0.0018384615,0.00158,0.0016745762,0.16191538,0.21267,0.18828136,0.062353846,0.14045,0.10112712,0.37051538,0.13947,0.24821694,0.5686175,0.12946655,0.3439626
209,3,4236487.335838767,511449.22985657584,0.0209,0.030133335,0.023488889,0.022866666,0.034366667,0.02775,0.049866665,0.043733336,0.04755,0.028633334,0.06013333,0.047833335,0.40556666,0.135,0.25895557,0.1934,0.21813333,0.20913333,0.07983333,0.15193334,0.11731666,0.001,0.0035,0.0019111111,0.63917917,0.1463017,0.38420632,0.49287748,0.02081,0.05125,0.028396491,0.022739999,0.06103333,0.03445965,0.052079998,0.07266667,0.055185962,0.02996,0.097391665,0.060678948,0.08198,0.112625,0.09495789,0.27943,0.13015833,0.18334912,0.3498,0.14783333,0.21921755,0.36238,0.16585834,0.23712808,0.053190004,0.0807,0.07630351,0.00183,0.0022666666,0.0019350877,0.19408001,0.22895,0.2232614,0.08043,0.15576667,0.12933683,0.38876998,0.18241666,0.25731754,0.579418,0.122297004,0.31901675
210,3,4276614.638154664,617018.3839826558,0.015283333,0.0250875,0.018225,0.0183,0.0270625,0.0214125,0.03855,0.036925,0.039085,0.023316666,0.0407375,0.0334975,0.31235,0.1637625,0.23721,0.14391667,0.1623875,0.1542,0.05871667,0.1029125,0.0802275,0.0015666666,0.001875,0.0022525,0.5280846,0.24380068,0.3865207,0.28428388,0.02232,0.0283,0.023708696,0.019,0.0227,0.020847825,0.04152,0.0355,0.040226087,0.026139999,0.0392,0.035469566,0.06432,0.0618,0.070086956,0.21946001,0.1103,0.17056957,0.27594,0.1343,0.20826086,0.27484,0.1414,0.2125261,0.06008,0.0253,0.06259566,0.00102,0.0015,0.0013826087,0.15732,0.1722,0.1675913,0.06614,0.101,0.08455653,0.30842,0.1612,0.24015652,0.46483338,0.20680219,0.34110916
211,3,4396258.936973659,512193.9327252869,0.02562,0.041716665,0.03362,0.0292,0.049616665,0.03938,0.05718,0.0657,0.063379996,0.036420003,0.08258333,0.062465716,0.39934,0.17808333,0.27572572,0.17714,0.2641833,0.22110286,0.07442,0.17818333,0.12699144,0.0018,0.0016,0.0019142857,0.6102581,0.17347445,0.3739715,0.43678367,0.028457144,0.0406,0.035347223,0.027,0.0428,0.037302777,0.05425714,0.05785,0.060505554,0.0374,0.0785625,0.063380554,0.08367143,0.0995125,0.100658335,0.27107143,0.1229125,0.19615555,0.34254286,0.141875,0.23485,0.34175715,0.151625,0.24209721,0.060814288,0.0864875,0.08511389,0.0017428572,0.0024375,0.00205,0.18361428,0.260475,0.23223889,0.08025714,0.176,0.13543333,0.3742,0.1727125,0.26840279,0.531529,0.13629285,0.3204621
212,3,4381850.9564161515,559398.2144138673,0.043125,0.05342,0.0473125,0.049425,0.06632,0.057066668,0.077525,0.09384,0.08657083,0.083725,0.12416,0.10472084,0.2888,0.23256001,0.2700625,0.3393,0.34268,0.33861667,0.21735,0.2466,0.22769582,0.001075,0.00236,0.0018041666,0.34414563,0.17706124,0.27169463,0.16708438,0.038525,0.15048666,0.0655,0.04975,0.20155999,0.08902188,0.07789167,0.22994666,0.11846719,0.089025,0.26525334,0.13993125,0.123283334,0.28545335,0.1719,0.20853333,0.30882666,0.229925,0.24811667,0.32466,0.25828594,0.25758332,0.33643332,0.2705375,0.05333333,0.11978667,0.08559062,0.0020333333,0.00284,0.0022234374,0.339875,0.29933333,0.32969064,0.22155,0.21983333,0.22402032,0.28465,0.35306,0.2933625,0.28642157,0.090190694,0.2032627
213,3,4195220.1373264,701442.9060409821,0.017819999,0.03185,0.023204347,0.01994,0.035766665,0.026130436,0.04528,0.04915,0.045426086,0.025139999,0.06436667,0.0422,0.38514,0.16158333,0.25738263,0.16794,0.21648332,0.18828695,0.06634,0.13646667,0.09886522,0.0015199999,0.0014833333,0.001626087,0.62263227,0.18467322,0.3959457,0.43795905,0.0165375,0.024358332,0.021798078,0.017975,0.030633334,0.026557693,0.0445,0.045883335,0.04833077,0.024025,0.06774167,0.051336534,0.0751,0.08765,0.08698077,0.2655875,0.116291665,0.17477693,0.3378375,0.13668334,0.21138269,0.342775,0.154475,0.22560386,0.06245,0.075925,0.076790385,0.001,0.0028,0.002023077,0.177375,0.22539167,0.21357885,0.0718,0.145275,0.11873269,0.3767125,0.169225,0.24705577,0.5690196,0.16463499,0.3230016
214,3,4227899.098827613,568494.1548310725,0.015066667,0.0157,0.0138,0.016666668,0.0177,0.016373334,0.037966665,0.0245,0.032666665,0.021633333,0.0247,0.025286667,0.29913333,0.09553333,0.19421999,0.13073334,0.0877,0.11352,0.050866667,0.05683333,0.05542,0.0009666667,0.0023666667,0.00154,0.51348823,0.15334369,0.33654526,0.36014456,0.016628573,0.01586,0.017025927,0.017214285,0.01684,0.018325927,0.039857145,0.02452,0.03487037,0.0224,0.0271,0.028285183,0.06405714,0.043,0.059474073,0.21425715,0.075559996,0.14517778,0.2713143,0.088479996,0.17653704,0.26852855,0.09042,0.17903334,0.05124286,0.0355,0.05484815,0.0010428572,0.00122,0.0017296297,0.14394286,0.104940005,0.13325556,0.05728571,0.06278,0.06630371,0.2979,0.105459996,0.20001481,0.4653458,0.1370017,0.3022416
215,3,4198293.81263099,585326.7540678503,0.01842,0.0336,0.0254375,0.02234,0.040945455,0.030275,0.05566,0.06095455,0.054765,0.0357,0.073954545,0.0490425,0.40493998,0.17475455,0.29236752,0.18378,0.21569091,0.1925375,0.08042,0.14419091,0.10563,0.00122,0.001809091,0.0017149999,0.61927253,0.18635671,0.43140608,0.4329158,0.020616667,0.03035,0.025511112,0.021433333,0.033925,0.027322223,0.049666665,0.053025,0.052829634,0.0299,0.0689,0.046525925,0.080516666,0.092625,0.09015556,0.26348332,0.1262,0.21083704,0.33353332,0.14575,0.25695926,0.3315333,0.152375,0.2635222,0.0597,0.0492,0.07801481,0.0015166667,0.001325,0.0015592593,0.18476667,0.2277,0.20567036,0.077366665,0.148975,0.10923704,0.372,0.17185,0.29142222,0.5373668,0.15836833,0.3944858
216,3,4239804.243713293,520462.9938564714,0.022566667,0.032966666,0.025283333,0.0225,0.0365,0.0276,0.045033336,0.0467,0.0469,0.022566667,0.061,0.042622223,0.43003336,0.16386667,0.2802778,0.16293333,0.22023332,0.1865,0.05993333,0.14336666,0.09562223,0.0008666667,0.0030666667,0.001711111,0.6863437,0.19627047,0.4297348,0.49007326,0.023576923,0.035,0.028257145,0.02136923,0.034633335,0.027711112,0.0444,0.045625,0.04586349,0.023161538,0.06275,0.04509206,0.0694,0.08269167,0.081382535,0.27007693,0.1114,0.18166508,0.35251537,0.12974167,0.22425874,0.35624614,0.1432,0.23544125,0.06056923,0.06423333,0.07452063,0.0013307693,0.0017583334,0.0017,0.16415384,0.23093332,0.19823493,0.060530767,0.145825,0.10410317,0.3905,0.16384166,0.26076984,0.58980846,0.15545292,0.35416117
217,3,4255529.078445232,545356.8244303421,0.02515,0.03765,0.029735,0.027325,0.047075,0.035320003,0.05355,0.0639,0.058565002,0.034025,0.087425,0.06008,0.4392,0.207875,0.322755,0.19385,0.25975,0.229775,0.07435,0.16405,0.117395,0.00115,0.00665,0.00251,0.66602945,0.21240462,0.44765592,0.45362484,0.0207,0.06220909,0.03287288,0.0248,0.08523636,0.042947456,0.05580769,0.104018174,0.06785593,0.034830768,0.1315909,0.0721678,0.08356923,0.14918183,0.10874916,0.29895386,0.18049091,0.22388475,0.3858077,0.2027,0.27338815,0.4048,0.23620908,0.30469492,0.0594,0.08607273,0.08105593,0.0016076923,0.0029363637,0.0019,0.19573078,0.2612,0.23750508,0.07668462,0.1632909,0.1232322,0.43051538,0.2395,0.31832203,0.6214236,0.1685186,0.39334103
218,3,4265507.774113489,634479.4901937452,0.018114286,0.024725,0.019725714,0.0234,0.0319375,0.025734287,0.053757142,0.0530125,0.05152857,0.035385713,0.0625125,0.04638857,0.34857145,0.1867125,0.25985143,0.17488572,0.1922875,0.17623143,0.08002857,0.1204875,0.09434857,0.0015714286,0.00165,0.0014685715,0.54619175,0.23228107,0.3891944,0.31391066,0.018757142,0.16375,0.027144827,0.024328573,0.21005,0.037706897,0.05402857,0.2234,0.06276552,0.0347,0.244,0.056268964,0.08204286,0.27905,0.09850345,0.23871428,0.31215,0.20542067,0.29795715,0.33995,0.24501723,0.30495715,0.35345,0.25689313,0.042957146,0.1173,0.056665514,0.0009285714,0.00265,0.001475862,0.1771,0.14305,0.17598966,0.08061429,0.09985,0.09125172,0.32934284,0.35675,0.27313793,0.48669124,0.14111291,0.36033228
219,3,4236640.172750088,704106.7239212758,0.0129,0.01816,0.014683333,0.0155,0.02114,0.016933333,0.03905,0.032020003,0.032422222,0.0218,0.0375,0.028272223,0.33515,0.13076,0.2014611,0.15125,0.1435,0.13648888,0.062,0.09228,0.07016111,0.0012,0.00116,0.0011444445,0.5646068,0.19098757,0.34110713,0.3736192,0.022973334,0.027370002,0.025386274,0.016866667,0.01861,0.018350981,0.041160002,0.030870002,0.038715687,0.02336,0.03982,0.032035295,0.065359995,0.06184,0.06783921,0.23378667,0.0986,0.1719451,0.29728,0.11532,0.21053725,0.30180666,0.12494,0.21820393,0.056106664,0.07477,0.06868039,0.0010066667,0.0026399998,0.0015039216,0.16452,0.16028,0.16367255,0.06646,0.10248,0.08297255,0.32852665,0.14051999,0.23896079,0.5126531,0.17435363,0.35937434
220,3,4356193.382447547,532380.5369680631,0.021566667,0.033066664,0.024203703,0.02405,0.037233334,0.027440742,0.047533333,0.048266664,0.0469,0.026083335,0.0568,0.03764815,0.39138332,0.1345,0.26192963,0.16196667,0.1758,0.16318148,0.06383333,0.1203,0.08568889,0.0010166666,0.0014666667,0.0013888889,0.6281021,0.15285406,0.41463426,0.47524807,0.0296,0.07277,0.038592856,0.023178572,0.03881,0.030175,0.051514287,0.051579997,0.053001788,0.02822857,0.06486,0.04585,0.08024286,0.08732,0.08679286,0.26981428,0.11254,0.19441608,0.35077143,0.12668,0.23885715,0.35453573,0.13421999,0.24756785,0.05434286,0.0607,0.072557144,0.0015,0.00169,0.0018839285,0.17763571,0.17211999,0.18183571,0.07693571,0.11984,0.100625,0.3855,0.15075,0.26934645,0.5735617,0.13443068,0.37145826
221,3,4356634.677234019,575372.9759254816,0.024260001,0.04025,0.027494445,0.025679998,0.04335,0.030538889,0.043679997,0.05075,0.04758889,0.0273,0.0606,0.043883335,0.3539,0.1147,0.23948888,0.14702,0.1825,0.1666111,0.0577,0.13065,0.091694444,0.00112,0.0019,0.0014,0.5752349,0.10732934,0.36363077,0.46790555,0.019857142,0.080515385,0.036357626,0.018821428,0.07589231,0.0360661,0.040407144,0.08439231,0.053655934,0.024407143,0.09671539,0.05247627,0.06249286,0.11003847,0.08195932,0.24009284,0.12486154,0.17359322,0.31507143,0.13657694,0.21279322,0.31525,0.14571539,0.21819322,0.05700714,0.06840769,0.070272885,0.0013571428,0.0023692308,0.0020813558,0.15083572,0.18604615,0.17237796,0.05891429,0.13139232,0.0962339,0.3456,0.15636154,0.23854238,0.52925664,0.088907756,0.308222
222,3,4376775.264393002,472440.5602357247,0.021433333,0.029733334,0.023213333,0.021833332,0.0334,0.025566667,0.039,0.045033336,0.043533333,0.0215,0.055833332,0.037533335,0.3983667,0.13376667,0.26576668,0.1469,0.2102,0.17615333,0.0551,0.14106666,0.0919,0.0015666666,0.0011,0.0013333333,0.6497851,0.15368232,0.42083177,0.49610278,0.0171125,0.0239,0.020697057,0.017925,0.0256,0.021447059,0.0402875,0.03785,0.041679412,0.0246,0.05275,0.038420588,0.0589,0.06826667,0.06922059,0.2576625,0.08921667,0.17542647,0.3498,0.10435,0.22079708,0.3476375,0.11218334,0.22640881,0.0584,0.0562,0.06879412,0.0037875,0.0019833334,0.0023470588,0.1549875,0.20678332,0.18015,0.06035,0.13821666,0.09705294,0.3865,0.12971666,0.25247058,0.5741144,0.11994297,0.35641137
223,3,4237029.918803165,682115.1373360225,0.0172,0.03704,0.025455555,0.020033333,0.0442,0.03015,0.0409,0.061359998,0.050044447,0.0259,0.08906,0.05672778,0.35573334,0.20848,0.27775556,0.16766666,0.30628002,0.23382778,0.06156667,0.1903,0.12324445,0.0009,0.00154,0.0013,0.5815552,0.20991771,0.39081162,0.37163746,0.017033333,0.07995,0.03339,0.017577777,0.0947,0.038976666,0.040566664,0.11338334,0.060890004,0.0243,0.14441666,0.06521,0.06306667,0.16818334,0.100313336,0.23917778,0.19568333,0.20606333,0.31064445,0.21708332,0.25175667,0.3161889,0.23795,0.26818666,0.047288887,0.091066666,0.07182667,0.00095555553,0.00225,0.0017633333,0.16552222,0.27323332,0.22239666,0.060411107,0.17283334,0.11393,0.349,0.2622167,0.29399,0.5308967,0.14757082,0.3561767
224,3,4294227.019111639,617399.1060988011,0.013333333,0.014985715,0.013689189,0.0165,0.016371427,0.016516216,0.036583334,0.024771428,0.03225946,0.021866668,0.023114285,0.024472974,0.27931666,0.12075714,0.19262433,0.12065,0.088285714,0.10778918,0.05128333,0.05438571,0.055397294,0.0012833333,0.0017428572,0.0014972973,0.4832757,0.20753326,0.33593735,0.27574247,0.019783333,0.18825,0.03207692,0.016466668,-0.00265,0.013353847,0.0417,0.00505,0.03327308,0.022916667,0.01025,0.025292307,0.06878333,0.0577,0.06431923,0.23051667,0.115,0.16773847,0.29225,0.1419,0.20553845,0.29403332,0.12585,0.2054923,0.063883334,0.1394,0.07444231,0.0010333332,0.00315,0.0015153845,0.14793333,0.08285,0.1352923,0.061866667,0.05685,0.06756923,0.32186666,0.1652,0.2316,0.5024276,0.25120607,0.35579067
225,3,4227597.749007768,548276.2366330421,0.017066667,0.031066665,0.021346666,0.0182,0.035933334,0.024653334,0.037633333,0.0468,0.043473333,0.021933332,0.06143333,0.041273333,0.37063333,0.1554,0.26606667,0.14936666,0.22733332,0.18310666,0.05406667,0.14463334,0.09178666,0.0011333333,0.0034,0.0017333335,0.61249655,0.18031122,0.4116724,0.43218535,0.017746152,0.047091667,0.02625909,0.016323077,0.049375,0.026530303,0.038053844,0.061725,0.0454,0.021853847,0.0808,0.04511515,0.06079231,0.09993333,0.07927879,0.24880768,0.12364166,0.18232425,0.33077693,0.14303334,0.22745605,0.33597693,0.15590833,0.2390606,0.058346156,0.0769,0.080036364,0.0015769231,0.0022916666,0.0020484847,0.15645385,0.22760832,0.19003788,0.056461535,0.14213334,0.096433334,0.36822307,0.176,0.2641879,0.56561005,0.1391072,0.35986808
226,3,4261743.909488935,500871.1121632148,0.01735,0.028528571,0.02380857,0.019625,0.033471428,0.028020002,0.040425,0.044228572,0.04614,0.024125,0.060285714,0.04924,0.3947,0.16398571,0.26268,0.16825,0.23422857,0.21001714,0.06335,0.14347142,0.11166571,0.0011,0.0015428571,0.0014314285,0.63777876,0.19810165,0.38642693,0.43967712,0.02046,0.033391666,0.025760345,0.01911,0.0326,0.025956897,0.039929997,0.042416666,0.04328276,0.023810001,0.062025,0.04605862,0.06505,0.082275,0.08087241,0.25415,0.107225,0.17940862,0.3364,0.12733334,0.22366552,0.33536002,0.142375,0.23281035,0.05845,0.0732,0.08501206,0.00098,0.0019583334,0.0018586207,0.17085,0.238725,0.20872414,0.06471,0.14764166,0.10986552,0.37633002,0.165475,0.26289827,0.55933416,0.15556814,0.34754828
227,3,4293571.918565148,624346.6749543182,0.0213875,0.023975,0.020471795,0.02205,0.0261375,0.022520512,0.0409,0.0326625,0.03647692,0.0240625,0.0372875,0.031905126,0.3306,0.1050875,0.20604871,0.155125,0.137875,0.1486436,0.059175,0.090775,0.07650256,0.001225,0.001575,0.0015076924,0.5519817,0.14189117,0.33942914,0.4100905,0.018957142,0.012,0.020181483,0.017857142,0.0149,0.021488888,0.040042855,0.0238,0.039937038,0.0238,0.0321,0.036414817,0.06221429,0.0412,0.06680741,0.22671428,0.0667,0.16495927,0.28785715,0.0801,0.20134445,0.28997144,0.0885,0.2115963,0.05587143,0.0115,0.057988893,0.0010428572,0.0013,0.0014629631,0.16048571,0.1395,0.16949259,0.061542857,0.083,0.084492594,0.31914285,0.0992,0.22985186,0.49397436,0.120973974,0.3371489
228,3,4200918.643098083,558809.495202007,0.01615,0.02135,0.017683333,0.017675,0.02305,0.02005,0.0386,0.0312,0.036311112,0.021775,0.033525,0.030244445,0.361875,0.127875,0.2373889,0.141975,0.118525,0.13670555,0.05425,0.076175,0.06766111,0.002475,0.002425,0.0020222222,0.60125095,0.1952066,0.3953212,0.40604436,0.01836,0.01418,0.017832143,0.01926,0.01674,0.019078571,0.04166,0.026779998,0.036007144,0.0236,0.032560002,0.030985715,0.06734,0.054259997,0.06510357,0.25398,0.0971,0.16272858,0.33084,0.11476,0.20139642,0.33088002,0.127,0.20992143,0.06652,0.048779998,0.070475,0.0023,0.0017799999,0.0018571428,0.15906,0.13266,0.15081428,0.06186,0.079679996,0.07591071,0.36566,0.13815999,0.2307,0.55364966,0.19591019,0.34831718
229,3,4190546.9065613635,533753.0340240184,0.018366667,0.036220003,0.027010525,0.019833332,0.04054,0.031257894,0.039466664,0.05232,0.050094735,0.023666667,0.0738,0.055273682,0.3742,0.18135999,0.26903155,0.16523334,0.26168,0.22284736,0.06213333,0.16228001,0.11841052,0.0010333332,0.0029799999,0.0019736842,0.6123922,0.19794181,0.3812507,0.41445038,0.02097,0.028864285,0.02417377,0.01929,0.032707144,0.0265459,0.04271,0.046214286,0.046231147,0.0255,0.07160714,0.052340984,0.069340006,0.093707144,0.08859508,0.26782,0.11776428,0.18413278,0.35028002,0.13852857,0.22685246,0.35674,0.15456428,0.24052621,0.06295,0.077214286,0.08768688,0.00128,0.00315,0.0022983607,0.18034,0.26649284,0.22692132,0.068670005,0.16283572,0.119498365,0.39135,0.17919286,0.26825738,0.5840162,0.15635516,0.3443728
230,3,4236370.643401882,654576.6221196813,0.020325,0.0343,0.02505238,0.0227,0.039566666,0.02880476,0.045125,0.05313333,0.04602381,0.0321,0.07135,0.04889524,0.34045,0.16675,0.24288096,0.179,0.24425,0.20530476,0.074575,0.15636666,0.10893334,0.0009,0.0015,0.0012761905,0.543831,0.17825244,0.35653123,0.36557853,0.0249,0.1038,0.0383,0.022244444,0.090925,0.03650645,0.04538889,0.107675,0.05650323,0.03338889,0.13165,0.06104516,0.07264444,0.1483,0.09234194,0.23394443,0.1726,0.18402903,0.30043334,0.196525,0.22535484,0.3092889,0.208075,0.23864517,0.06178889,0.101675,0.07561613,0.0010555555,0.002775,0.0018806452,0.18917778,0.210175,0.21372259,0.08002222,0.139475,0.114787094,0.33888888,0.224225,0.26121935,0.49642938,0.12536623,0.3205421
231,3,4282455.429861169,683959.0326257455,0.02295,0.035660002,0.025194738,0.024075,0.03962,0.02795263,0.04385,0.05082,0.04518421,0.024875,0.06672,0.042494737,0.388675,0.16151999,0.26846844,0.17485,0.25896,0.20828947,0.0643,0.17068,0.10863158,0.001,0.00156,0.0013105263,0.6279451,0.17932156,0.41222364,0.44862357,0.0202375,0.19045,0.036682144,0.019725,0.20515,0.039664287,0.04215,0.22445,0.059785713,0.0230625,0.2444,0.058157142,0.0657875,0.267,0.09352143,0.25945,0.2885,0.20087142,0.335375,0.30645,0.24515356,0.3394,0.31345,0.25524285,0.06885,0.14085,0.07816429,0.0009625,0.00305,0.0016464285,0.1765375,0.18985,0.21619643,0.063825,0.13855,0.11302858,0.37105,0.3269,0.28074285,0.5670147,0.0908548,0.3532458
232,3,4290355.4135361975,684210.1727994594,0.020666666,0.028779998,0.02104762,0.021833332,0.031820003,0.023466667,0.041033335,0.042579997,0.040066667,0.0242,0.053,0.035109524,0.36453333,0.16594,0.25921905,0.15476666,0.19554,0.1595619,0.05766667,0.124859996,0.079338096,0.0012333333,0.0016,0.0014952382,0.5980777,0.21834451,0.41703117,0.3797332,0.0124285715,0.166,0.028538462,0.0132428575,0.1681,0.030426923,0.036,0.1804,0.05111923,0.021771427,0.19495,0.05023846,0.059057143,0.21015,0.08348077,0.2443,0.246,0.19697693,0.3212,0.26515,0.24332693,0.3247857,0.2753,0.2542346,0.06445714,0.1235,0.073446155,0.0010571429,0.0027,0.0016384615,0.15512858,0.1423,0.17590769,0.05984286,0.10045,0.08965384,0.35328573,0.28825,0.2764654,0.55012,0.11523479,0.37095422
233,3,4229600.937755765,627784.0191855507,0.0211625,0.02166,0.017985001,0.02185,0.02413,0.020527499,0.0414125,0.03049,0.03475,0.023925,0.03449,0.0291275,0.3477875,0.10143,0.20395,0.1634,0.12591,0.1374725,0.06215,0.0802,0.0690425,0.0008625,0.0018799999,0.0016975,0.5761827,0.1413183,0.34309706,0.4348644,0.018616667,0.025025,0.023308,0.016633334,0.024175,0.021752,0.038166665,0.032575,0.03796,0.022733333,0.041175,0.03608,0.063766666,0.0559,0.066184,0.22056668,0.081375,0.148852,0.28076667,0.09535,0.182704,0.2871833,0.09925,0.18961601,0.055383332,0.04155,0.064435996,0.00115,0.001075,0.0014399999,0.1636,0.137825,0.167596,0.06361667,0.08325,0.085476,0.31113333,0.116275,0.20950401,0.49273577,0.12118449,0.30076602
234,3,4241995.13596373,643484.0665644282,0.027220001,0.035,0.028881818,0.03318,0.040783335,0.033681817,0.059040003,0.05536667,0.05452273,0.05562,0.069133334,0.055636365,0.34088,0.19588333,0.26735455,0.22488001,0.24358332,0.22150908,0.11016,0.15246667,0.12165909,0.0009,0.0012666667,0.00135,0.48369882,0.23268777,0.3778302,0.25101104,0.0261,0.116,0.040013332,0.0342,0.14445,0.04733,0.063375,0.160625,0.07119,0.0639,0.180125,0.07506667,0.1040875,0.2034,0.11321,0.23985,0.24125,0.20815,0.298375,0.25855,0.24728332,0.290475,0.268475,0.25015,0.0609125,0.108975,0.07756334,0.001025,0.00245,0.0017033332,0.236775,0.20265,0.22718666,0.117975,0.136175,0.12598334,0.338075,0.288225,0.28345,0.39231458,0.12986726,0.3060234
235,3,4195133.02078095,523781.6165528358,0.023466667,0.03074,0.02594737,0.025133332,0.035320003,0.029452631,0.047033336,0.04494,0.045973685,0.033833336,0.06002,0.047289476,0.3438,0.15711999,0.23911053,0.19296667,0.202,0.18967894,0.0863,0.1293,0.10369474,0.0011,0.00232,0.001868421,0.5438012,0.18656313,0.35453996,0.35723805,0.029888889,0.034816667,0.03120357,0.023777777,0.029358335,0.026619645,0.047922224,0.039333336,0.04478393,0.031777777,0.055475,0.04756607,0.077533334,0.079525,0.084325,0.2444889,0.10458334,0.16424821,0.30907777,0.12255834,0.19811964,0.3150889,0.12651667,0.20610356,0.05718889,0.0744,0.08458571,0.0010222222,0.002375,0.0022142855,0.2006,0.21838333,0.21451072,0.087855555,0.13638334,0.11916428,0.34777778,0.15549167,0.23428215,0.509056,0.14099412,0.3002008
236,3,4292619.551684311,608622.2254815309,0.023771428,0.0391,0.028547369,0.024171429,0.0399125,0.030373685,0.048814286,0.0459,0.047323685,0.0259,0.0559625,0.043660525,0.3897,0.129075,0.24032104,0.1802,0.208,0.20001578,0.06794286,0.14085,0.10992894,0.0012428572,0.001625,0.001531579,0.62643784,0.1446758,0.3655111,0.48176205,0.022119999,0.0402,0.031434618,0.02036,0.0348,0.028565384,0.04814,0.0437,0.04757308,0.02402,0.05695,0.046930768,0.08246,0.0712,0.08454231,0.28186002,0.08935,0.17184615,0.35192,0.10595,0.20807306,0.34403998,0.111,0.21151924,0.06922,0.03035,0.073073074,0.001,0.0015,0.0016038462,0.19058001,0.2235,0.22073463,0.0717,0.14255,0.12092307,0.38872,0.1327,0.2417,0.57077605,0.10830102,0.3107429
237,3,4390306.792466022,458947.3416893076,0.01445,0.025033332,0.01756875,0.01905,0.030166665,0.02371875,0.0446,0.037566666,0.04501875,0.029,0.044233333,0.03966875,0.3346,0.0945,0.21335626,0.1464,0.1433,0.14444375,0.06365,0.104433335,0.0839125,0.0012,0.0014,0.0022,0.544082,0.10466465,0.33182913,0.43941733,0.02484,0.0231,0.025625,0.0199,0.0243375,0.02245625,0.04794,0.0401125,0.045346875,0.02896,0.0555,0.04453125,0.07118,0.07025,0.0757125,0.26508,0.0922125,0.15965937,0.34078002,0.1060625,0.19204375,0.33758,0.1145875,0.19614063,0.06286,0.0654375,0.07184375,0.0032400002,0.00195,0.001890625,0.15836,0.17385,0.16446875,0.071320005,0.124275,0.09942187,0.36828,0.1263625,0.21463437,0.5483326,0.11838455,0.29088175
238,3,4323178.306628513,588754.7459860189,0.022775,0.0285,0.021541176,0.023,0.03245,0.024170589,0.0445,0.0442,0.04322353,0.026025,0.0594,0.038588237,0.365,0.1562,0.25977057,0.16055,0.20595,0.1712294,0.06355,0.1371,0.08707647,0.00115,0.00195,0.0013529412,0.59366816,0.1863316,0.40887532,0.40733656,0.020607691,0.116314285,0.03829524,0.020138461,0.11375714,0.039666664,0.044415385,0.1216,0.05859286,0.025607694,0.13511428,0.05513333,0.06843077,0.15565714,0.08919524,0.24995385,0.17938572,0.1930238,0.32196155,0.19691429,0.23698808,0.32466924,0.20827143,0.24715239,0.057246156,0.09768571,0.07405238,0.002123077,0.003342857,0.002402381,0.166,0.18517143,0.18424048,0.06503077,0.12587142,0.09603095,0.35487694,0.22347143,0.2682738,0.5393831,0.11933924,0.34799367
239,3,4203518.201009411,660824.9339659597,0.011066667,0.019866668,0.013830001,0.013433333,0.02505,0.018044999,0.036566667,0.037216667,0.035715,0.0179,0.048233334,0.03386,0.36286667,0.14641666,0.23539,0.1576,0.18095,0.16314,0.055966668,0.108566664,0.079985,0.001,0.0014666667,0.001755,0.61345875,0.19447225,0.3826556,0.4189865,0.0102,0.01572,0.013418518,0.01114,0.023939999,0.019288888,0.03562,0.035520002,0.039522223,0.020060001,0.05018,0.04192963,0.063,0.06852,0.07454074,0.23293999,0.10262,0.1688074,0.29356,0.12161999,0.20592593,0.30242,0.13034,0.22082964,0.0528,0.04924,0.06376296,0.00102,0.0016799999,0.0015703704,0.15196,0.17208001,0.18014444,0.056879997,0.10524,0.09187777,0.3297,0.15124,0.24266668,0.5226705,0.16022103,0.33845124
240,3,4245959.754951908,521266.96348197386,0.019025,0.031625,0.023035001,0.020475,0.03705,0.02726,0.04125,0.049975,0.047265,0.024075,0.0704,0.049185,0.3742,0.16605,0.269425,0.160175,0.243275,0.205275,0.0608,0.164125,0.11036,0.001025,0.00525,0.002185,0.61126024,0.17911851,0.39683768,0.43214172,0.0154153835,0.055,0.026113333,0.014838462,0.05448182,0.027333334,0.03953077,0.06697273,0.047138333,0.022584615,0.090245456,0.053766668,0.06523846,0.10846364,0.08670167,0.2569077,0.12808183,0.17779833,0.33679232,0.14431818,0.21901499,0.34107694,0.15931818,0.23289168,0.05409231,0.08190909,0.07783666,0.001423077,0.0022,0.0020383333,0.1677,0.23355454,0.214445,0.06400769,0.1556091,0.118091665,0.3727923,0.17526363,0.25478834,0.57066023,0.12550396,0.3288069
241,3,4323217.005623526,497306.58439164853,0.021214286,0.04,0.026973171,0.022914285,0.04402857,0.030490244,0.044942856,0.053885713,0.04992439,0.025514286,0.06868571,0.04692927,0.3911143,0.15981428,0.26062194,0.16041428,0.23252857,0.19344634,0.0633,0.15997142,0.10831463,0.0012571429,0.0024857144,0.0018243903,0.6293255,0.17198484,0.38902664,0.45734066,0.0192,0.02882857,0.02482258,0.019783333,0.036814284,0.029019354,0.045583334,0.05112857,0.050635483,0.025933335,0.07241429,0.05250968,0.07203333,0.08775714,0.08606129,0.2795,0.11044286,0.18446773,0.36661667,0.12772858,0.22654839,0.3749,0.14554286,0.24497098,0.06766667,0.07024286,0.07510323,0.0028333333,0.0021142857,0.0019903225,0.16301666,0.2254,0.2023871,0.06568333,0.15505715,0.11690646,0.40281668,0.1583,0.26208386,0.60705066,0.13857068,0.35095206
242,3,4261905.6758121895,687244.1884014711,0.022475,0.031320002,0.022389999,0.02295,0.03594,0.0251,0.039625,0.04492,0.042385,0.022975,0.057540003,0.037475,0.36005,0.121180005,0.257095,0.152925,0.20728001,0.17711,0.056575,0.14242,0.09183,0.0009,0.0015199999,0.00125,0.5954589,0.12634243,0.4075989,0.4691165,0.017428571,0.1397,0.028692594,0.017742857,0.17195,0.033033334,0.0395,0.18455,0.05202593,0.021871427,0.20035,0.047581483,0.061,0.21345,0.08008519,0.25482857,0.23315,0.1949111,0.33044285,0.2414,0.23868889,0.33391428,0.2494,0.24577408,0.06854286,0.1173,0.06871481,0.0009857143,0.0026,0.0015407407,0.16062857,0.14785,0.17236666,0.061828572,0.1171,0.08768519,0.36177143,0.2588,0.26685926,0.56268317,0.07087167,0.36433277
243,3,4267436.5328554055,679207.636490731,0.02915,0.033120003,0.028031817,0.03785,0.04396,0.037627272,0.062025,0.068,0.061709087,0.0682,0.07112,0.06463182,0.06285,0.02664,0.042377274,0.00915,0.0041,0.007409091,0.005325,0.00282,0.0047454545,0.001025,0.00148,0.0014318182,-0.01090475,-0.09287347,-0.046460673,0.08196872,0.04575,0.0101,0.034207694,0.049933333,0.0231,0.04065769,0.0753,0.0475,0.06472692,0.09018333,0.0379,0.06949231,0.0985,0.0293,0.07653077,0.09136667,0.0039,0.06045769,0.102416664,0.0036,0.06559231,0.09093333,0.0018,0.058261536,0.0074,-0.0136,0.0047846152,0.0008833333,0.0009,0.001073077,0.021166667,0.0007,0.014353847,0.016266666,0.0021,0.010726923,0.08646667,-0.0004,0.053873077,0.0014341692,-0.082589045,-0.022919143
244,3,4375736.752350281,589489.1870637507,0.021680001,0.0336,0.02419,0.02244,0.038766667,0.027654998,0.039920002,0.049,0.044745002,0.023,0.062233333,0.042245,0.3699,0.13423334,0.26378998,0.1655,0.2015,0.182945,0.0605,0.1402,0.096820004,0.0010800001,0.0035,0.001965,0.60855377,0.14023136,0.40570715,0.4683224,0.0175,0.050333336,0.029476786,0.016560001,0.048991665,0.028725,0.03607,0.05690833,0.0444,0.02094,0.07168333,0.045032144,0.055740003,0.085316665,0.07399107,0.23872,0.10145,0.16870357,0.3152,0.114933334,0.20949644,0.31475,0.12455,0.21613929,0.05818,0.05390833,0.07108393,0.00138,0.002225,0.0019339285,0.15953,0.19460833,0.183725,0.05829,0.13136666,0.09833929,0.34473002,0.13945,0.23960535,0.53811115,0.10193405,0.32303473
245,3,4229852.666233298,658822.3496595508,0.02492,0.03306,0.02861,0.02872,0.04162,0.035070002,0.060259998,0.058659997,0.060315,0.03878,0.07926,0.06227,0.37254,0.1698,0.2681,0.20222,0.24208,0.23017,0.088259995,0.1576,0.127775,0.00136,0.0017200001,0.0016450001,0.56931853,0.16643089,0.3630036,0.40288764,0.0234875,0.07701667,0.03920333,0.0266875,0.07556667,0.043446667,0.0589375,0.09605,0.06946,0.0370125,0.12461666,0.07500333,0.095325,0.14403334,0.113676675,0.274175,0.16713333,0.20497666,0.3288875,0.1855,0.23823667,0.33635,0.20218334,0.25179666,0.06185,0.09015,0.07706,0.001075,0.0024333333,0.0022033332,0.2117375,0.21651667,0.2381,0.09495,0.14648333,0.13587333,0.3639375,0.21746668,0.27193,0.52508724,0.129169,0.30868968
246,3,4248078.979637775,580049.5561845109,0.01805,0.022533333,0.0175625,0.019,0.026033334,0.02064375,0.03775,0.034966666,0.0382375,0.0217,0.044066664,0.03379375,0.36055,0.10976666,0.24998125,0.15265,0.14616667,0.1500875,0.05385,0.0976,0.07246875,0.0007,0.0031,0.0021875,0.59967935,0.13512659,0.40603584,0.46455276,0.018642858,0.065340005,0.028093548,0.019328572,0.06116,0.029416129,0.041485716,0.06768,0.047025807,0.024257142,0.0799,0.04443871,0.06567143,0.09554,0.07783871,0.2579857,0.11532,0.18673871,0.33522856,0.12958,0.23195806,0.34614286,0.14136,0.24691936,0.06517143,0.06514,0.071412906,0.0014428572,0.0018799999,0.0016322581,0.16872858,0.1519,0.17510968,0.0608,0.09936,0.08530323,0.37132856,0.15326,0.26520324,0.57301134,0.11525595,0.3739746
247,3,4269709.334344966,674764.6463160109,0.020966668,0.03878,0.029904999,0.0268,0.0484,0.036845002,0.0526,0.0663,0.05964,0.0425,0.0839,0.061675,0.314,0.16995999,0.24993001,0.1242,0.23248,0.183255,0.056166667,0.1622,0.10877,0.0010333332,0.0018,0.0017850001,0.47934324,0.15689261,0.33666262,0.32245064,0.037033334,0.1532,0.043361537,0.038066667,0.17685,0.04987692,0.06246667,0.18845,0.07414615,0.052666668,0.2146,0.07548461,0.0881,0.24025,0.11060385,0.23335,0.2694,0.20535386,0.29425,0.28795,0.2455423,0.30145,0.3022,0.26180387,0.043183334,0.10245,0.055903845,0.0012833333,0.00245,0.0018653846,0.13318333,0.1831,0.18092693,0.06593333,0.1355,0.10867307,0.31603333,0.3186,0.27388462,0.43559083,0.12051242,0.32280582
248,3,4197361.146012694,707361.8734339407,0.022025,0.0327,0.026942857,0.03305,0.0437375,0.037232146,0.06545,0.069725,0.06650357,0.070175,0.0870125,0.07548214,0.189725,0.176625,0.19597143,0.15065,0.1933,0.17591071,0.098575,0.132825,0.115239285,0.00105,0.0012125,0.0014071428,0.22006118,0.16170229,0.21873282,0.058358893,0.030485714,0.061830766,0.04083617,0.044414286,0.08230769,0.052019145,0.07918571,0.10749231,0.08117447,0.09777143,0.13048463,0.095334046,0.11574286,0.14908461,0.11983191,0.17342858,0.17747693,0.17284255,0.19835714,0.19427693,0.19558936,0.1978,0.21002308,0.20716597,0.0405,0.09103077,0.06937447,0.00081428577,0.0024153846,0.0015851064,0.19434285,0.19392307,0.18914042,0.14271428,0.13894616,0.1297766,0.21782857,0.21462308,0.21774893,0.17457584,0.13054617,0.19469784
249,3,4193410.6467282684,630498.8516828264,0.022633333,0.020616667,0.019784,0.022583332,0.023533333,0.022032,0.040916666,0.031,0.037272,0.02215,0.035866667,0.030344,0.34455,0.109066665,0.22284399,0.15581666,0.12991667,0.14442,0.059466667,0.08243333,0.071688004,0.00105,0.00145,0.001944,0.5766575,0.15311928,0.37142956,0.4235382,0.0177125,0.019925,0.020389285,0.015125,0.0199,0.019646429,0.037275,0.03025,0.037975,0.020875,0.038325,0.03445,0.0609125,0.052725,0.06664643,0.2239625,0.08075,0.16023214,0.2835125,0.09465,0.19539642,0.28515,0.09985,0.20078929,0.0623625,0.0384,0.06921429,0.0009125,0.001125,0.0022821429,0.148575,0.142,0.16224286,0.0575125,0.087725,0.08323571,0.3166375,0.11665,0.2249,0.4948043,0.12905574,0.32400325
250,3,4205952.744296667,522675.7536809752,0.019833332,0.02924,0.023866666,0.0206,0.032479998,0.02682381,0.039366666,0.0386,0.042390477,0.0222,0.050479997,0.04132857,0.3829,0.1246,0.25337145,0.15253334,0.17345999,0.17151904,0.05553333,0.1106,0.08827619,0.0008666667,0.0022200001,0.0016904762,0.62788093,0.14874549,0.39192873,0.47913545,0.016933333,0.0256,0.021207018,0.017011112,0.028585715,0.02303158,0.038844448,0.038607143,0.041250877,0.021477778,0.0579,0.042698245,0.06375556,0.0731,0.076347366,0.26136667,0.09059286,0.17703508,0.34605557,0.10806428,0.22105789,0.35044444,0.12148572,0.23315789,0.05613333,0.059785713,0.07695789,0.001,0.0017785715,0.0016526316,0.16006666,0.20185713,0.18596315,0.057944447,0.12592858,0.09551404,0.38347778,0.13955714,0.25685963,0.58660614,0.12611751,0.35649675
251,3,4198441.66309049,643933.52422396,0.0249,0.02705,0.024186958,0.02562,0.030033335,0.026217392,0.05034,0.0387,0.043143477,0.030679999,0.051316667,0.04040435,0.36181998,0.13188334,0.2398739,0.18701999,0.1822,0.18043913,0.0745,0.11025,0.08937826,0.00122,0.0015833332,0.0018043478,0.5767173,0.16048585,0.37302315,0.41623145,0.025688889,0.028339999,0.0271125,0.023555556,0.028239999,0.026959375,0.052111108,0.03936,0.048903126,0.031733334,0.059740003,0.0505375,0.08381111,0.07474,0.087671876,0.26566666,0.0937,0.18470626,0.33328888,0.11214,0.22514687,0.3413778,0.1219,0.23668125,0.07173333,0.04904,0.07592188,0.0010666667,0.00138,0.002325,0.20106666,0.19841999,0.21294062,0.08216667,0.1206,0.10936563,0.3742889,0.14274,0.26268125,0.5460956,0.12281905,0.34268722
252,3,4239411.095668446,593405.4424691503,0.020216668,0.032075,0.020196775,0.021433333,0.03575,0.023232259,0.0423,0.04515,0.041358065,0.0248,0.057175,0.036480647,0.36666667,0.14485,0.26486775,0.15983334,0.20585,0.16642581,0.05973333,0.132175,0.0791129,0.0008666667,0.001625,0.0013225806,0.59926707,0.17096376,0.42218187,0.4283033,0.020375,0.0679,0.034761537,0.018975,0.05728333,0.031442307,0.043025,0.06735,0.048946153,0.025325,0.08138333,0.0517,0.069625,0.1043,0.08526154,0.260075,0.12888333,0.17023462,0.3379,0.14503334,0.20778462,0.346075,0.15173334,0.21684614,0.08155,0.07475,0.07841539,0.003375,0.0022,0.0022461538,0.16915,0.17601666,0.18576539,0.066425,0.116516665,0.09974615,0.372325,0.17048334,0.23978077,0.569977,0.13056277,0.30789566
253,3,4237075.799560378,572545.9817499332,0.016675,0.032866664,0.02,0.018275,0.0371,0.023129411,0.039075,0.046966664,0.041135293,0.0221,0.0617,0.036158822,0.385275,0.14133334,0.2679353,0.1608,0.20266666,0.16334118,0.06345,0.13703334,0.08337059,0.000775,0.0034,0.0020235295,0.6312508,0.1543984,0.42772135,0.47685242,0.02105,0.03538,0.026606668,0.0179,0.03026,0.024816668,0.042433333,0.04186,0.043913335,0.025733335,0.06098,0.045526665,0.07005,0.08528,0.08162,0.25398332,0.11208001,0.17935666,0.33968332,0.13205999,0.22399,0.33646667,0.13074,0.22335,0.06665,0.06706,0.08854,0.0010833333,0.0014399999,0.0020333333,0.18278334,0.22742,0.20548001,0.0747,0.14442,0.11141333,0.37923333,0.16404,0.25883332,0.55558467,0.13656025,0.33359873
254,3,4272497.030182967,555020.6870987716,0.021925,0.1729,0.047879998,0.024675,0.18373334,0.05245333,0.04025,0.19733334,0.06284667,0.026125,0.2057,0.057986666,0.02615,0.21176668,0.056093335,0.018775,0.08023333,0.02716,0.014175,0.07066667,0.023133332,0.000975,0.0046,0.0018066667,5.7396705e-05,0.008893095,-0.0039600763,-0.0088356985,0.04301818,0.0573,0.031737037,0.041763633,0.06,0.03239815,0.069954544,0.07055,0.046994444,0.05597273,0.065325,0.03946852,0.061254546,0.06475,0.041587036,0.073209085,0.06533333,0.045105554,0.0827,0.06848333,0.050477777,0.07535455,0.06813333,0.048835184,0.008463636,0.021766666,0.010929629,0.0016818182,0.0013416667,0.0015425927,0.057336364,0.025675,0.033322223,0.041354544,0.019608334,0.022875926,0.082236364,0.06838333,0.050157405,0.040055368,0.0057316963,0.020476991
255,3,4206655.92449232,689869.0338581371,0.016916668,0.030866666,0.020427272,0.0184,0.035366666,0.023068182,0.0398,0.043683335,0.039822727,0.019433333,0.056816667,0.035159092,0.39585,0.13055,0.26801366,0.15383334,0.21115,0.1749091,0.05398333,0.15056667,0.09146363,0.0014666667,0.00135,0.0016545454,0.65237314,0.14549835,0.43044832,0.5068748,0.012228571,0.018633332,0.019548386,0.013371428,0.0216,0.021041935,0.04,0.0357,0.042787097,0.021028573,0.057833333,0.04436774,0.06814286,0.07425,0.07891935,0.27834284,0.09343333,0.17930968,0.36297143,0.110866666,0.22233872,0.36551428,0.1234,0.23132902,0.07114286,0.046933334,0.07096129,0.0012142857,0.0016,0.0020774193,0.16697143,0.21826668,0.19767742,0.06514286,0.14291666,0.11143871,0.40134284,0.14138333,0.25669032,0.60820955,0.12986585,0.34937894
256,3,4339832.235657978,430719.1149736037,0.036633335,0.032833334,0.03231765,0.047266666,0.041133333,0.042011764,0.07196667,0.060366668,0.0643647,0.081766665,0.06063333,0.06834706,0.081766665,0.015333333,0.04622353,0.021133333,0.00036666667,0.011182353,0.017633332,0.0015666666,0.009411764,0.0015,0.0011666667,0.0014352942,0.0,-0.097557545,-0.04570009,0.097557545,0.030639999,0.027111111,0.02979697,0.04266,0.036722224,0.039457574,0.06746,0.056188893,0.061496973,0.07322,0.05521111,0.062360607,0.08026,0.0522,0.06628485,0.080079995,0.02531111,0.048587877,0.09498,0.025022224,0.053639393,0.084,0.0207,0.04769697,0.00416,0.004933333,0.009439394,0.0019200001,0.0015666666,0.0014484848,0.03028,0.010466666,0.018303031,0.021939998,0.009111111,0.014306061,0.08208,0.0169,0.044563636,0.021393506,-0.07481553,-0.030616537
257,3,4240360.925673895,561320.3729581397,0.02375,0.02475,0.02143158,0.025075,0.028025,0.025236843,0.0511,0.0374,0.04458421,0.03,0.04235,0.037457895,0.361375,0.12485,0.23425263,0.187625,0.15345,0.17043158,0.078925,0.103325,0.09164737,0.001,0.0027,0.0020157895,0.5779629,0.1681628,0.37154874,0.40980008,0.024575,0.05635,0.032537706,0.022483332,0.041358333,0.028218033,0.049183335,0.05400833,0.04822295,0.027966665,0.06404167,0.042631146,0.07585833,0.08878333,0.079240985,0.24515,0.12354166,0.17330164,0.30606666,0.13755834,0.20661147,0.307675,0.14390834,0.21286064,0.0545,0.07783333,0.07432295,0.0012833333,0.0021166666,0.001947541,0.18574166,0.1797,0.1863541,0.07875833,0.11886666,0.10117705,0.3433917,0.16125834,0.23599836,0.5086365,0.15387283,0.32358706
258,3,4265854.072805622,519786.2387526368,0.020966668,0.02295,0.020758824,0.0219,0.02505,0.023888236,0.046033334,0.0358,0.043711763,0.0235,0.03855,0.03438235,0.38303334,0.0952,0.23124118,0.1501,0.1246,0.1444294,0.058166668,0.0919,0.07860588,0.001,0.0017,0.0017352941,0.62443554,0.11924107,0.3746099,0.5051945,0.021175,0.06831667,0.028935555,0.018308332,0.05231667,0.025157778,0.043508336,0.06073333,0.04526889,0.0264,0.06763333,0.037677776,0.070975,0.08955,0.073533334,0.25660834,0.11655,0.18299556,0.33326668,0.12788333,0.22405112,0.32925,0.12466666,0.22264,0.05683333,0.08755,0.07717111,0.0013,0.0027833334,0.0017177778,0.16826667,0.13693334,0.15927333,0.072925,0.098633334,0.086733334,0.36631668,0.14323334,0.24871111,0.5436734,0.11078851,0.3521569
259,3,4372504.7863682145,445590.3498997299,0.02145,0.02735,0.020705262,0.022325,0.030675,0.023526315,0.0422,0.038675,0.04296316,0.022575,0.052225,0.036989473,0.39375,0.129275,0.29128948,0.1546,0.178,0.16310526,0.05555,0.1169,0.07807895,0.001225,0.001375,0.0012842105,0.6408718,0.15353313,0.46066695,0.4873387,0.017316667,0.022533333,0.018997058,0.01915,0.028683335,0.023197059,0.044183336,0.040533334,0.044832353,0.025533333,0.06165,0.043544117,0.06765,0.077083334,0.08019117,0.2745,0.0972,0.18885882,0.36413333,0.11491666,0.23436177,0.36355,0.13071667,0.24586177,0.06706667,0.05885,0.07398823,0.00455,0.0015333333,0.002085294,0.16008334,0.20836668,0.18014412,0.06001667,0.13518333,0.092870586,0.39736667,0.14415,0.26695,0.59308255,0.13503544,0.37456033
260,3,4315265.802116199,598802.14177905,0.02626,0.040957145,0.029585715,0.026820002,0.042514287,0.03165143,0.046579998,0.048414286,0.047585715,0.028420001,0.05931429,0.044460002,0.38086,0.14435714,0.2482057,0.17596,0.21675715,0.19380571,0.07288,0.15021428,0.1096,0.0019200001,0.0023428572,0.0018685715,0.608046,0.16523296,0.37593964,0.44281304,0.021671427,0.100833334,0.032740742,0.021771427,0.10096667,0.034744445,0.045614284,0.10926666,0.05446667,0.026285715,0.12116666,0.04905926,0.07211429,0.14316666,0.08657037,0.2784,0.1627,0.20297407,0.36491427,0.17726666,0.25001854,0.37227145,0.1803,0.26045924,0.06385714,0.08813333,0.07309259,0.0012571429,0.002,0.0015814814,0.18752858,0.16003333,0.19392222,0.07482857,0.1125,0.100422226,0.40297145,0.20296666,0.28355557,0.6026127,0.10049171,0.38347074
261,3,4275626.9421134405,546941.4905389011,0.016166667,0.022766666,0.016823528,0.0192,0.0249,0.019858824,0.0377,0.032266665,0.035264708,0.0224,0.032666665,0.026758824,0.27413332,0.1317,0.20602942,0.118433334,0.10713334,0.112188235,0.048666667,0.07083333,0.057358827,0.0010333332,0.0022666666,0.0019529412,0.47393367,0.20459741,0.35282528,0.26933625,0.021408333,0.02256923,0.0225661,0.019058334,0.016223077,0.01791695,0.041025,0.024807692,0.033784743,0.0238,0.027053846,0.027884744,0.0614,0.047153845,0.057994917,0.22098333,0.088738464,0.14807287,0.28041667,0.102661535,0.1804627,0.27041668,0.11013077,0.1803356,0.049083333,0.051315386,0.06234915,0.001175,0.001876923,0.001961017,0.14440833,0.10739231,0.12840678,0.059183333,0.06613846,0.066284746,0.30871668,0.12136154,0.20389491,0.46442533,0.17675038,0.30557176
262,3,4190925.5162799046,632085.4040312893,0.02154,0.021833332,0.019881818,0.02134,0.025616666,0.02205909,0.04178,0.033816665,0.036427274,0.02136,0.040733334,0.031554542,0.3678,0.12556666,0.22248635,0.16188,0.15475,0.1555091,0.05986,0.09693333,0.07749091,0.00096000003,0.0014166667,0.0013954545,0.61033183,0.17336604,0.36768073,0.4369658,0.017,0.018716667,0.019112904,0.015114285,0.018033333,0.018651612,0.03797143,0.02935,0.037138708,0.019742858,0.041833334,0.037790325,0.063514285,0.058,0.06974839,0.24045715,0.08748333,0.15831612,0.30754286,0.103983335,0.19437419,0.30587143,0.115,0.20214193,0.0694,0.041483335,0.066370964,0.0008428572,0.0013333333,0.0019870969,0.15724286,0.15773334,0.17596774,0.05924286,0.09906667,0.09216129,0.34105715,0.12903334,0.22629678,0.5285935,0.15049915,0.3178115
263,3,4225965.127163304,500052.3894379294,0.02205,0.018625,0.02026923,0.027466666,0.02385,0.026061539,0.049266666,0.0336,0.045196153,0.038766667,0.03595,0.043796156,0.16861667,0.05745,0.13928463,0.10086667,0.0785,0.11522693,0.049016666,0.055,0.06665385,0.0008,0.001425,0.0011115385,0.25730062,0.046995353,0.19183709,0.21030526,0.02496,0.044546153,0.029155355,0.028220002,0.038792305,0.030451786,0.04875,0.05033077,0.047841072,0.038060002,0.055584613,0.05140536,0.06123,0.06963846,0.069525,0.12593001,0.07156154,0.09826786,0.15441,0.07775384,0.114725,0.12795,0.072146155,0.10503214,0.03539,0.05639231,0.05818571,0.00133,0.0015076924,0.0015517857,0.10531999,0.10853846,0.12850179,0.04896,0.07300769,0.07792143,0.16925,0.089530766,0.13142857,0.18430746,0.03434439,0.10913905
264,3,4194938.027531343,520473.0042376192,0.0162,0.0117,0.012794444,0.02015,0.015660001,0.0176,0.04855,0.0248,0.037327778,0.0308,0.02484,0.031533334,0.26115,0.118159994,0.17918889,0.1313,0.087740004,0.11603334,0.058,0.054940004,0.06310555,0.0006,0.00154,0.0015833332,0.43134442,0.1980852,0.2941653,0.23325922,0.018866668,0.011807143,0.016729508,0.019816667,0.010942858,0.016239345,0.048083335,0.022171428,0.03632295,0.02705,0.02762857,0.030062295,0.07893333,0.0535,0.06920492,0.21166667,0.0976,0.14791639,0.255025,0.114042856,0.17462295,0.25443333,0.12648572,0.1824377,0.045175,0.05642143,0.06297049,0.00115,0.0021214285,0.0018393443,0.15035833,0.119878575,0.13945901,0.06515833,0.07097143,0.07299672,0.28173333,0.1366,0.19970492,0.43086132,0.20719656,0.30363652
265,3,4294442.156771746,681733.8093852375,0.01995,0.02044,0.02027619,0.0285,0.0276,0.028009525,0.041925,0.0324,0.03495238,0.0293,0.019739999,0.022819048,-0.006625,0.00496,-0.0031619046,-0.0043,-0.00294,-0.004104762,0.00085,-0.00037999998,-0.00030952384,0.00085,0.00146,0.0012666667,-0.08443446,-0.035112355,-0.061765067,-0.049322102,0.019971428,0.2235,0.036403846,0.024457142,0.32305,0.048757695,0.039,0.35055,0.061334614,0.03042857,0.37115,0.0579,0.044914287,0.39085,0.06981154,0.047685716,0.38395,0.063796155,0.05808571,0.39335,0.07031538,0.05134286,0.37635,0.065653846,0.014928572,0.0946,0.025496153,0.0010142857,0.00265,0.0016576924,0.025228573,0.04775,0.027823078,0.010357142,0.0469,0.015984615,0.049714286,0.38545,0.06555769,0.04650218,0.0057341713,0.016091973
266,3,4212493.38237356,643143.2036066732,0.0217,0.032933336,0.028804349,0.024039999,0.03855,0.03239565,0.04756,0.05283333,0.050973915,0.0299,0.06658333,0.050086956,0.37028,0.1607,0.24580869,0.1859,0.23448333,0.21541739,0.077020004,0.15471666,0.121430434,0.0013,0.00165,0.0018652173,0.59010154,0.17818376,0.35819775,0.41191778,0.020128572,0.027725,0.02574138,0.017685715,0.021475,0.024013793,0.042285714,0.03725,0.044541378,0.026057145,0.054625,0.044568967,0.07341429,0.077725,0.08271724,0.26044285,0.103275,0.17674482,0.3353857,0.1215,0.21542415,0.32284284,0.119025,0.21113794,0.07254286,0.0557,0.07524483,0.0010714285,0.002,0.0020551723,0.1855,0.234625,0.21501379,0.07624286,0.1506,0.11682069,0.3716857,0.151625,0.24782068,0.5355673,0.12878713,0.31592545
267,3,4193463.210242528,655228.1002063472,0.020033333,0.0247,0.020271428,0.020133333,0.028657144,0.023038095,0.0401,0.037257142,0.037090477,0.021133333,0.0496,0.03737143,0.38206667,0.12937142,0.21671428,0.16216667,0.18328571,0.17024761,0.0585,0.111842856,0.08642857,0.0008666667,0.0016,0.001447619,0.62977505,0.15974584,0.34319898,0.4700292,0.014928572,0.024483332,0.02034375,0.014885714,0.026366666,0.021915626,0.036642857,0.035433333,0.039396875,0.020614285,0.050883334,0.04120625,0.06152857,0.06683333,0.07382812,0.234,0.08605,0.16197188,0.30264285,0.10298334,0.2002125,0.30557144,0.11061666,0.20775938,0.05638571,0.043466665,0.067725,0.0015857143,0.0016,0.002571875,0.15218572,0.1851,0.18697813,0.05515714,0.11115,0.093909375,0.33804286,0.13115,0.2363125,0.5257334,0.12113967,0.3186633
268,3,4272617.177673606,611618.6237972027,0.0202625,0.028777776,0.02256279,0.0225375,0.031277776,0.025481395,0.0435125,0.03951111,0.042116277,0.02715,0.047033336,0.038239535,0.3431625,0.124966666,0.22895813,0.16395,0.1678889,0.17048371,0.067425,0.11307778,0.09203721,0.0019625,0.002011111,0.0022441861,0.5609732,0.15739697,0.36100897,0.40357625,0.0197,0.1062,0.030944,0.018,0.11236666,0.032068,0.04174,0.121533334,0.051752,0.0232,0.1344,0.049484,0.07102,0.1526,0.086016,0.25662,0.17716666,0.186856,0.32628,0.1898,0.226248,0.32958,0.19423334,0.232752,0.07248,0.0742,0.069976,0.0015199999,0.0021,0.001704,0.17596,0.15533334,0.184092,0.06956,0.1073,0.096832,0.35978,0.2115,0.255992,0.5529287,0.09861816,0.33900508
269,3,4216094.942666866,573598.4686679514,0.017633332,0.029616665,0.02153,0.020066667,0.03455,0.02566,0.0409,0.047233336,0.044460002,0.028433334,0.06058333,0.045470003,0.34566668,0.15573333,0.243845,0.15493333,0.20095,0.17228,0.0634,0.13138334,0.0936,0.00063333334,0.0026833334,0.0019200001,0.56091636,0.18282138,0.36655387,0.37809497,0.021166667,0.028025,0.023541378,0.0199,0.029,0.024075862,0.042166665,0.039075,0.04160345,0.02755,0.052325,0.04223448,0.07038333,0.073525,0.07647241,0.24746667,0.101875,0.17072414,0.3231,0.1199,0.2126,0.32955,0.1257,0.2208862,0.0726,0.0479,0.07342069,0.0020333333,0.001525,0.0024275861,0.17011666,0.20335,0.18901724,0.06998333,0.125825,0.09957241,0.35871667,0.1503,0.24554482,0.5409588,0.14659987,0.33778003
270,3,4211678.174380019,619057.084958602,0.020566666,0.029145457,0.0233125,0.023466667,0.033727273,0.027542498,0.046322223,0.044518184,0.045132503,0.031622224,0.057090912,0.045755,0.34183332,0.1454909,0.2304575,0.17336667,0.1981,0.1879725,0.073355556,0.12711817,0.1018675,0.0023333335,0.0020818182,0.0019325,0.54702204,0.17231846,0.34452492,0.3747036,0.018042857,0.0241,0.020492591,0.019657142,0.027825,0.023933332,0.0438,0.039475,0.04272963,0.028914286,0.0553,0.044096295,0.07238571,0.073275,0.07695556,0.23212856,0.09755,0.16265555,0.29618573,0.1141,0.19891483,0.30008572,0.119675,0.20464444,0.06438571,0.043675,0.065355554,0.00095714285,0.001375,0.0014703703,0.17545713,0.203025,0.19380741,0.07301429,0.126875,0.102981485,0.33095714,0.139375,0.22956668,0.4950263,0.12850377,0.3062784
271,3,4303312.757041346,550162.3323866049,0.023166668,0.027666666,0.023410527,0.025033332,0.031566665,0.026526315,0.048133336,0.039,0.043957897,0.028866665,0.046233334,0.039136842,0.3967,0.14023334,0.2494158,0.17626666,0.16513334,0.16785264,0.07226667,0.1059,0.08838421,0.0009666667,0.004366667,0.001968421,0.62728226,0.18782072,0.39133486,0.43946153,0.022505883,0.030166665,0.025885245,0.018729411,0.025355555,0.02209836,0.04424118,0.0341,0.0414,0.023011765,0.040422224,0.033808198,0.07138823,0.060744446,0.07235409,0.26848823,0.09211111,0.18415573,0.34220588,0.10807779,0.22602952,0.34278822,0.11541111,0.23002131,0.056164704,0.05462222,0.06578852,0.002117647,0.0017222222,0.0021131148,0.16598824,0.16243334,0.1660541,0.06658235,0.10343334,0.08507869,0.3755706,0.132,0.25541148,0.5718396,0.1546259,0.37412092
272,3,4293436.864495412,581654.7054307116,0.0193,0.0274,0.022584615,0.0199,0.0309,0.025476923,0.04545,0.0398,0.046638463,0.02275,0.0519,0.040269233,0.40045,0.1273,0.2577077,0.16205,0.182,0.17702307,0.06105,0.1257,0.09319231,0.00105,0.0028,0.0015538462,0.64894676,0.15057594,0.40136936,0.49837083,0.019725,0.027225,0.021741936,0.020625,0.03495,0.026309676,0.0465875,0.044375,0.04692903,0.0238625,0.0587,0.041748386,0.073625,0.072375,0.07874194,0.2603875,0.094525,0.17945161,0.326825,0.112775,0.21838386,0.331325,0.1238,0.22935483,0.0652625,0.037875,0.06469355,0.0012125,0.0015,0.001732258,0.1681125,0.205675,0.18717097,0.064475,0.12945,0.096370965,0.3622375,0.14005,0.2507387,0.5535496,0.12868868,0.3527628
273,3,4258510.591250033,667558.3616805666,0.02372,0.030783335,0.02455238,0.02396,0.035183333,0.02727143,0.04206,0.0457,0.04372381,0.0247,0.0567,0.04052857,0.36746,0.14625,0.25126192,0.1582,0.21186668,0.1839762,0.05948,0.14085,0.09772857,0.001,0.0016333334,0.0012952382,0.6006,0.17458452,0.3906722,0.4260155,0.0172,0.1543,0.03135926,0.0181875,0.14055,0.032403704,0.0394875,0.15725,0.051422223,0.0227375,0.17275,0.049048148,0.0616625,0.2009,0.08242593,0.249875,0.2333,0.19247407,0.32535,0.24745,0.23561853,0.3262875,0.25515,0.24248518,0.0588375,0.13915,0.06766667,0.00095,0.0031,0.001662963,0.162275,0.1587,0.1869111,0.0609875,0.1194,0.09617407,0.3593125,0.26555,0.26701853,0.54956794,0.12337176,0.35553032
274,3,4302495.529017884,536110.5373796353,0.0209,0.0284,0.024025,0.021266667,0.0301,0.0259125,0.041466665,0.037,0.045925,0.0216,0.0475,0.03829375,0.3796667,0.1096,0.2666,0.1634,0.1752,0.18215625,0.06103333,0.125,0.09533125,0.0009333333,0.0016,0.0012375,0.6253319,0.12687969,0.4201425,0.4984522,0.018782353,0.025544444,0.022696774,0.018805882,0.027955554,0.024245162,0.04194706,0.038244445,0.043920968,0.022617647,0.056044444,0.039585482,0.06637647,0.06896667,0.074624196,0.25871176,0.08511111,0.18655807,0.3376941,0.09892222,0.23195645,0.3409412,0.11081111,0.2398,0.058582354,0.04981111,0.06875645,0.0019588235,0.0020555556,0.001803226,0.16778824,0.21413332,0.18937902,0.06362941,0.14658889,0.09932096,0.37375292,0.124633335,0.26294678,0.5703809,0.10994515,0.37498832
275,3,4283471.291225501,698811.0183892573,0.02345,0.031179998,0.023355557,0.02425,0.03354,0.025261112,0.04395,0.041020002,0.041205555,0.02495,0.05102,0.036205553,0.3817,0.12606,0.24373889,0.15875,0.17722,0.16252221,0.05835,0.11604,0.08153889,0.0009,0.00124,0.0011722222,0.6186788,0.15025935,0.3899149,0.46841946,0.01995,0.09516667,0.03229667,0.019325,0.09866667,0.03336,0.041225,0.11016666,0.05236,0.022875,0.1245,0.04967,0.0643,0.1384,0.083686665,0.2551375,0.16193333,0.18933001,0.332475,0.17853333,0.23371,0.333125,0.18786666,0.24197666,0.066975,0.0872,0.07180666,0.001025,0.0023666667,0.0017433333,0.160475,0.16903333,0.18101333,0.0597125,0.116966665,0.09353333,0.363575,0.20263334,0.26550335,0.55879754,0.10655828,0.35319725
276,3,4274391.15080591,596223.5321961871,0.021016667,0.02562857,0.021132354,0.02725,0.033757143,0.02897353,0.05623333,0.047442857,0.052361768,0.053183332,0.05561429,0.05607647,0.17298333,0.09655714,0.13730589,0.10813334,0.15764286,0.12595883,0.06431667,0.112414286,0.08085883,0.00105,0.0015285714,0.0012441176,0.23027419,0.08321504,0.15966289,0.14705914,0.02825,0.0278,0.02427826,0.030575,0.029,0.0268,0.057575,0.0507,0.05221739,0.055475,0.0584,0.0535087,0.072425,0.0579,0.070865214,0.122225,0.0587,0.107004344,0.143,0.0708,0.12203478,0.1236,0.0775,0.1143,0.0383,0.0244,0.05193913,0.000975,0.0012,0.0018217392,0.116125,0.1525,0.13078696,0.063025,0.1004,0.077143475,0.1547,0.0875,0.1375826,0.13551928,0.03921456,0.12229477
277,3,4207272.762010902,663461.0746985509,0.0195,0.01995,0.01751,0.019033333,0.024066668,0.020035,0.0382,0.0321,0.03445,0.0197,0.0428,0.032339998,0.39373332,0.11303334,0.2355,0.156,0.16026667,0.153805,0.05406667,0.09751667,0.07465,0.0011666667,0.00155,0.0018399999,0.64890677,0.1444235,0.38678992,0.5044833,0.014283333,0.01868,0.016006896,0.0146,0.024360001,0.019668965,0.036833335,0.033660002,0.038272414,0.0195,0.05002,0.03875862,0.0616,0.06182,0.07070345,0.26095,0.07954,0.1711,0.34405,0.093540005,0.21534827,0.35498333,0.107259996,0.23140344,0.07841667,0.0337,0.06794483,0.0013666668,0.00156,0.0021724137,0.15581666,0.16004,0.17767932,0.054733332,0.09776,0.08746897,0.38458332,0.120359994,0.2513138,0.59831524,0.11659664,0.36363885
278,3,4227070.511674629,557711.9447867465,0.016733333,0.022466667,0.018541176,0.018566668,0.027266666,0.022676472,0.041133333,0.0374,0.041270588,0.022933332,0.0472,0.037605885,0.3499,0.13513334,0.23709412,0.16156666,0.16923334,0.16840589,0.06096667,0.11163334,0.0871353,0.0010333332,0.0030666667,0.0019352941,0.5818161,0.1760902,0.37572703,0.4057259,0.020218182,0.026554544,0.023077048,0.018509092,0.025618182,0.021777049,0.043672726,0.035290908,0.040262297,0.024372729,0.047645457,0.038011476,0.07106364,0.0665,0.07274262,0.24539092,0.09481818,0.16378525,0.30931818,0.110563636,0.19884427,0.30986366,0.12075454,0.20691805,0.052409086,0.056490913,0.0710082,0.0017636364,0.0015272727,0.0022540984,0.17123637,0.1846,0.17979836,0.06688182,0.114836365,0.093226224,0.34799093,0.13938183,0.23213606,0.521594,0.14798169,0.32528436
279,3,4296966.987247786,619183.1731615826,0.0238,0.031042855,0.023547368,0.0252375,0.034242857,0.02650263,0.0449625,0.04467143,0.0436,0.0293125,0.059585713,0.04221842,0.3503125,0.16117142,0.2515053,0.181775,0.21684285,0.1893921,0.0743625,0.13547142,0.09781842,0.00115,0.0017857143,0.0015868421,0.5648773,0.19473143,0.3867577,0.37014586,0.02182,0.15145,0.034796,0.023160001,0.1514,0.03546,0.0496,0.16105,0.055935998,0.034220003,0.1827,0.059896003,0.08122,0.20485,0.095032,0.2644,0.24395,0.192812,0.33646002,0.2551,0.234256,0.33008,0.27255,0.239024,0.072179995,0.13295,0.0791,0.00274,0.0034,0.002,0.20206,0.1533,0.210844,0.0855,0.1058,0.110356,0.37438,0.2891,0.271936,0.5237543,0.13128057,0.32385615
280,3,4260848.5646536,704789.1234483917,0.021533333,0.024360001,0.02,0.021166667,0.0278,0.02236842,0.041266665,0.03574,0.037373684,0.0191,0.04444,0.03296842,0.41003335,0.10694,0.22737367,0.16496666,0.15412,0.15502632,0.0597,0.104540005,0.08117895,0.0011,0.00136,0.0014105262,0.6713038,0.12874961,0.3719969,0.5425542,0.017428571,0.1428,0.029957693,0.016042856,0.11685,0.028196154,0.039814286,0.1252,0.048453845,0.022385715,0.1378,0.044646155,0.06858571,0.16275,0.081434615,0.2564,0.18535,0.18559615,0.33237144,0.1986,0.22828846,0.33285716,0.19175,0.23272693,0.06744286,0.1044,0.06955769,0.0010571429,0.0033,0.0018576924,0.16771428,0.1204,0.17131539,0.0669,0.09595,0.09001539,0.36527145,0.2123,0.25731924,0.55977803,0.088589616,0.350929
281,3,4293131.909629337,635028.0115968995,0.0181375,0.026885714,0.019021621,0.0197625,0.027157145,0.020954054,0.038425,0.031414285,0.03625946,0.0229,0.036685716,0.030416217,0.3402375,0.08724286,0.22632703,0.1494375,0.12274286,0.1377919,0.0561625,0.08341429,0.06824324,0.0013125,0.0014,0.0016621622,0.56862473,0.10754198,0.37694702,0.46108276,0.019128572,0.0261,0.022092309,0.017614285,0.02665,0.021973077,0.03737143,0.03335,0.03822692,0.022542857,0.04395,0.035146154,0.06212857,0.05375,0.06699231,0.23528571,0.0699,0.16429615,0.30681428,0.08175,0.20511924,0.3006,0.08665,0.20660768,0.061585713,0.017,0.05935,0.0010428572,0.00115,0.0017538462,0.1584,0.1545,0.16293077,0.06012857,0.10005,0.08332692,0.3372143,0.10125,0.23169614,0.51313305,0.0895456,0.33204308
282,3,4251671.659612136,578195.535526133,0.018933333,0.0263,0.01724375,0.0196,0.0279,0.01921875,0.0396,0.033166666,0.03581875,0.022466667,0.038866665,0.028025,0.3498667,0.0943,0.233275,0.1573,0.1122,0.1325875,0.0597,0.07213333,0.0611375,0.0009,0.0029,0.00189375,0.5830658,0.11669391,0.3945492,0.4663719,0.020885715,0.06403333,0.02970625,0.019357143,0.058616668,0.028334375,0.040742856,0.06183333,0.043253124,0.023542857,0.07125,0.040303126,0.0667,0.08433333,0.07095,0.236,0.09991667,0.15994687,0.29851428,0.11456666,0.19623438,0.29672855,0.1223,0.20172812,0.06764286,0.05936667,0.06693438,0.0016428572,0.002,0.00181875,0.16307142,0.11675,0.15557812,0.063028574,0.07571667,0.07782187,0.33168572,0.1336,0.22406875,0.5046914,0.098681666,0.31080192
283,3,4221680.112693407,611651.938662794,0.020775,0.037609093,0.026666665,0.022075,0.043372728,0.030682053,0.046025,0.057390913,0.052487176,0.0277,0.07992727,0.053253844,0.371575,0.2104182,0.2990872,0.175475,0.2769818,0.22200769,0.063875,0.16816364,0.11154359,0.00075,0.0025818183,0.0019410257,0.5978126,0.23264667,0.43071336,0.36516592,0.021025,0.0352,0.026203705,0.0208375,0.0416,0.029155554,0.0483625,0.057375,0.052655555,0.0276,0.086425,0.052403703,0.07935,0.110325,0.09566297,0.2753,0.146175,0.21544075,0.35005,0.1728,0.26457778,0.355975,0.1952,0.27851853,0.07575,0.071525,0.08767037,0.0012875,0.001525,0.0019296297,0.187175,0.30015,0.22881112,0.0693125,0.17875,0.11285555,0.3889875,0.21895,0.30604815,0.5772246,0.19387822,0.4025437
284,3,4317961.782640526,572623.8676784745,0.019919999,0.0413,0.023205264,0.02242,0.04725,0.02683158,0.0465,0.06225,0.04923158,0.02548,0.076,0.040236842,0.3971,0.16905,0.2852842,0.15016,0.196,0.15672632,0.05836,0.1386,0.080973685,0.00136,0.0023,0.001568421,0.6370984,0.17212993,0.4433312,0.46496844,0.021627272,0.064888895,0.02988772,0.017609091,0.048522223,0.025517544,0.045618184,0.061111107,0.048522804,0.025218183,0.07738889,0.043661404,0.07733636,0.10384445,0.08552632,0.26840907,0.13253334,0.19822982,0.35300907,0.14957778,0.24503332,0.35238183,0.15712221,0.24897017,0.054609086,0.09926667,0.08654211,0.0014454545,0.002288889,0.0018912281,0.16722727,0.18423334,0.17307544,0.069154546,0.120277785,0.09116842,0.38824546,0.17796667,0.27542105,0.57888454,0.14843985,0.37914613
285,3,4320944.311903309,480543.06027765956,0.016057143,0.035583336,0.024676315,0.021171428,0.045083333,0.03079737,0.049185716,0.06205,0.05456842,0.0325,0.07646667,0.05148158,0.32601428,0.16371666,0.24024211,0.14647143,0.19788334,0.1717079,0.0643,0.13398334,0.09515263,0.0021571429,0.0032666668,0.00185,0.522634,0.16190547,0.34601998,0.36072856,0.017233333,0.03145,0.024772728,0.019483333,0.041725,0.030218182,0.045416664,0.0598875,0.05195455,0.03015,0.0752875,0.05296667,0.07208333,0.092975,0.08392121,0.23193333,0.11445,0.16037878,0.2905833,0.1287375,0.18996061,0.2799833,0.1367625,0.18971515,0.0481,0.076625,0.0733697,0.0026,0.002875,0.0020727273,0.14678334,0.205375,0.18067878,0.06045,0.1340375,0.10073031,0.31755,0.152875,0.21599092,0.4618526,0.116655074,0.25961578
286,3,4374165.1210241765,422202.01463995455,0.030125,0.035325,0.0317,0.031075,0.04,0.035094734,0.051725,0.051875,0.054926317,0.0377,0.064425,0.05338421,0.3471,0.1298,0.2446158,0.186225,0.2018,0.19913684,0.09175,0.1483,0.122,0.001175,0.0013,0.0015789473,0.53805697,0.12724616,0.34826675,0.41081083,0.037633333,0.04301111,0.036458336,0.026933335,0.035466667,0.030286111,0.05415,0.04871111,0.05015,0.0446,0.0649,0.054772224,0.09095,0.08401111,0.08661111,0.2577167,0.1062,0.16187778,0.3339,0.11844444,0.19508334,0.33383334,0.121633336,0.19501944,0.057016667,0.07345556,0.07231667,0.0022833333,0.0023555555,0.0019444445,0.21775,0.22774443,0.21809444,0.11326666,0.16267778,0.13661945,0.36785,0.14084445,0.22304444,0.50183684,0.11103341,0.2643236
287,3,4299867.204921149,680239.3252900603,0.02236,0.0281,0.023109091,0.024319999,0.0306,0.0255,0.0459,0.0364,0.042736366,0.0259,0.043279998,0.034968182,0.35812,0.1029,0.23626365,0.15988001,0.15968001,0.15845,0.060820002,0.11068001,0.08238637,0.00114,0.00156,0.0014363636,0.584779,0.12351132,0.38118732,0.4612677,0.019133333,0.01745,0.021256,0.020833332,0.02585,0.025232,0.045083333,0.0344,0.045608,0.025266668,0.0431,0.038624,0.06775,0.056,0.073804,0.24105,0.0766,0.175656,0.30481666,0.0895,0.21333201,0.3077,0.095,0.220496,0.06108333,0.03315,0.059915997,0.0010166666,0.00235,0.001716,0.15646666,0.1411,0.16738,0.06195,0.09765,0.087576,0.33275,0.10855,0.2401,0.5160145,0.10826575,0.3462399
288,3,4317284.3859778745,424747.4193969492,0.02135,0.031,0.024735,0.02225,0.033320002,0.027495,0.03995,0.03926,0.04239,0.02105,0.04804,0.03866,0.36705,0.10924,0.22325,0.156,0.17092,0.16643001,0.0585,0.118640006,0.0923,0.0013,0.00266,0.002295,0.6101991,0.1249453,0.3506558,0.4852538,0.02125,0.06699,0.038148277,0.018825,0.05064,0.03234138,0.03995,0.057090003,0.047013793,0.023275,0.07138,0.048648275,0.0618,0.08584,0.07616896,0.253325,0.103080004,0.1549862,0.331175,0.11582,0.18804483,0.333125,0.1201,0.1953138,0.052575,0.05766,0.06974828,0.0014,0.00242,0.0020793104,0.167275,0.17515,0.17641723,0.06315,0.120519996,0.100103445,0.363625,0.13661,0.21426897,0.5576914,0.09431537,0.2794545
289,3,4192782.579568254,681693.761209371,0.01595,0.025533333,0.01796,0.0185,0.031233335,0.021939998,0.0397,0.043566667,0.039575,0.0232,0.06108333,0.03769,0.375725,0.16156666,0.26734,0.159375,0.21238333,0.1737,0.056725,0.12796666,0.08327,0.00105,0.0015333333,0.0019299999,0.6156975,0.1920308,0.42283598,0.42366672,0.015116667,0.024025,0.0181,0.015,0.0271,0.020329168,0.0375,0.040775,0.042266667,0.02215,0.061275,0.0409375,0.06515,0.08085,0.08034583,0.2608,0.110125,0.20121667,0.34291667,0.13105,0.25175834,0.34391668,0.14615,0.26259583,0.06895,0.052825,0.0805125,0.0009666667,0.001175,0.0015833332,0.16485,0.21825,0.19017084,0.059266668,0.13035,0.090875,0.38005,0.1681,0.28983334,0.5757856,0.16407812,0.40720692
290,3,4281457.786822887,627898.9030869838,0.021977777,0.038879998,0.024439132,0.022344444,0.04349,0.027891306,0.041744445,0.05661,0.047913045,0.024255555,0.07819,0.045836955,0.39905557,0.20335999,0.30831304,0.16355555,0.27765,0.20433913,0.060255554,0.18219,0.105034776,0.0010666667,0.00314,0.0020891305,0.6429836,0.22496146,0.4626526,0.41802216,0.022271428,0.115875,0.036673333,0.020128572,0.121025,0.038713332,0.04172857,0.1375,0.05970333,0.024528572,0.168075,0.06241667,0.06664286,0.195775,0.10241333,0.2733,0.230975,0.22198333,0.36325714,0.252875,0.27477333,0.36261427,0.266275,0.28701332,0.06985714,0.10655,0.08750667,0.0011571428,0.0023,0.0017,0.17805713,0.239075,0.21602334,0.06568571,0.158575,0.111930005,0.39731428,0.288475,0.31255665,0.5946004,0.14703636,0.39078954
291,3,4331895.336164068,485803.2037503371,0.01835,0.03404,0.027165713,0.022666667,0.03834,0.03163143,0.047783334,0.048720002,0.051488575,0.03255,0.06206,0.05110571,0.33901668,0.13421999,0.22656858,0.14726666,0.19116,0.17573714,0.06386667,0.13268,0.10236572,0.00155,0.0025799999,0.001862857,0.54064417,0.14058997,0.3251185,0.40005422,0.01545,0.08917,0.042615153,0.02285,0.06288,0.039236363,0.04855,0.07214,0.057512123,0.038583335,0.08963,0.06332727,0.069516666,0.09722,0.083887875,0.22246668,0.1178,0.15234849,0.28156668,0.13279,0.18083636,0.27236667,0.14012,0.18463637,0.048516665,0.064940006,0.067363635,0.00115,0.00375,0.0025636363,0.14611666,0.1513,0.16313636,0.065,0.10744,0.09797273,0.31308332,0.15548001,0.2074606,0.42818508,0.09313903,0.22689497
292,3,4293827.462726137,588362.4462540878,0.025666665,0.0278,0.030507144,0.034066666,0.0344,0.036885716,0.06976667,0.0549,0.06455,0.06326667,0.0703,0.06839286,0.3732,0.166,0.2703857,0.22736667,0.1831,0.20937857,0.12363334,0.1254,0.12624286,0.0008333333,0.0021,0.0013642857,0.5080741,0.17925107,0.35201955,0.32882303,0.02474,0.098675,0.037665386,0.032020003,0.10785,0.046153843,0.063559994,0.12175,0.07030384,0.0534,0.1397,0.07467692,0.103719994,0.163825,0.11316538,0.26618,0.1981,0.20226923,0.33,0.2098,0.23811154,0.32996002,0.211175,0.24375,0.06564,0.072,0.07240385,0.0011,0.0021,0.0020038462,0.22501999,0.1807,0.21383077,0.11681999,0.119875,0.12653077,0.3607,0.2396,0.26860768,0.47417226,0.115546525,0.29704162
293,3,4328265.507552394,419590.1267288073,0.025966665,0.03966,0.02904737,0.026166666,0.04304,0.03163684,0.0488,0.051540002,0.04988421,0.0251,0.06582,0.045142107,0.44123334,0.13998,0.25944212,0.17646666,0.22892,0.19599473,0.06663333,0.157,0.1081421,0.0019,0.00268,0.0017947368,0.69287497,0.14284086,0.39169222,0.5500341,0.0197,0.11221818,0.054790318,0.02225,0.106,0.05646774,0.050575,0.11079091,0.072877415,0.027875,0.124954544,0.075135484,0.074925,0.13989091,0.10396129,0.286325,0.15961817,0.17974839,0.378925,0.17416364,0.21254839,0.383425,0.18277273,0.22621614,0.049025,0.065654546,0.07213226,0.0027,0.0038454544,0.002864516,0.18175,0.18929091,0.20005484,0.0701,0.1335,0.11890968,0.41635,0.19737273,0.24163547,0.6128799,0.097490385,0.2685322
294,3,4338144.511176761,535557.7560651036,0.02472,0.03225,0.029110001,0.02838,0.03795,0.03416,0.053840004,0.0499,0.054955,0.03816,0.0659,0.056684997,0.34088,0.13795,0.23080501,0.1749,0.2049,0.19731,0.08004,0.1414,0.115875,0.00106,0.0019,0.00146,0.5283205,0.13897355,0.31846973,0.38934696,0.027366666,0.0402,0.033420637,0.024016667,0.03924,0.030323809,0.050583333,0.0524,0.05204286,0.033733334,0.07004,0.051844444,0.08011111,0.09055,0.08903968,0.24748889,0.11371999,0.18319365,0.30974445,0.12855999,0.21941745,0.3051,0.13465999,0.22033015,0.057077777,0.067320004,0.07149842,0.0021,0.00206,0.0019714285,0.17969444,0.23062,0.20739524,0.080477774,0.15625,0.11780317,0.34236667,0.1547,0.24854761,0.4894569,0.12400631,0.3132271
295,3,4240603.830290542,520549.3138702634,0.023733333,0.039425,0.02913158,0.022333333,0.04665,0.03248421,0.0459,0.06255,0.05371579,0.021333333,0.084925,0.052757893,0.44686666,0.1917,0.2954579,0.17883334,0.29615,0.2319158,0.0636,0.193425,0.12365264,0.0009333333,0.007275,0.002726316,0.71013755,0.19128175,0.4266647,0.5188558,0.024235714,0.055269234,0.03392222,0.022071429,0.061869234,0.036165077,0.046364285,0.076230764,0.0566873,0.024257142,0.09997692,0.057822224,0.07275,0.121438466,0.095288895,0.27389285,0.14447694,0.1958619,0.35412145,0.16432308,0.23915873,0.36301428,0.1834923,0.25676033,0.06249286,0.08795384,0.08431429,0.0012642858,0.002523077,0.0018682539,0.18167858,0.27056155,0.23133174,0.067514285,0.17428462,0.12445873,0.39605716,0.20230769,0.2798365,0.59588665,0.1466791,0.35638356
296,3,4236589.114146093,562229.2580085135,0.01635,0.0162,0.014788236,0.0184,0.019025,0.01782941,0.040825,0.028275,0.035305884,0.0234,0.029325,0.026735293,0.310075,0.119975,0.21551177,0.139675,0.099125,0.122305885,0.055825,0.062925,0.060005885,0.00105,0.0025,0.0015352941,0.5245712,0.19038437,0.3687973,0.3341868,0.01855,0.01769,0.017380645,0.019014286,0.022939999,0.020030646,0.042364284,0.03115,0.037812904,0.023085715,0.03492,0.029767742,0.06438571,0.05005,0.061575804,0.22712857,0.08638,0.1582016,0.28600717,0.10053,0.19284678,0.29854286,0.1095,0.2071742,0.0438,0.04061,0.05168387,0.0017214285,0.00134,0.0017758064,0.14935,0.11492,0.13722259,0.05995,0.06909,0.06689032,0.31623572,0.12145,0.21970966,0.5086182,0.15624633,0.34687182
297,3,4222555.891398879,514212.1882471297,0.02425,0.00995,0.02354,0.03,0.01895,0.030786667,0.04845,0.0428,0.04949333,0.04235,0.03755,0.04394667,0.0248,0.03005,0.030426666,0.0243,0.02435,0.022146666,0.02345,0.0222,0.020846667,0.0008,0.0015,0.00122,-0.03895014,-0.016738528,-0.02975618,-0.022211613,0.046857145,0.023058333,0.028903704,0.050542857,0.026925,0.0318,0.066214286,0.040533334,0.04573148,0.05997143,0.032991666,0.040116664,0.0619,0.033425,0.042012963,0.06802857,0.025525,0.037562963,0.07302857,0.027716666,0.04098889,0.07145714,0.025725,0.040153705,0.005357143,0.0067833336,0.008331481,0.0009,0.0017166666,0.0013259259,0.06184286,0.036683336,0.041166667,0.0473,0.029441666,0.03228148,0.07258571,0.025725,0.040305555,0.023625595,-0.016441835,8.148421e-05
298,3,4276798.904974599,674263.2858919762,0.022433333,0.02918,0.022235,0.023033332,0.03188,0.024785,0.040933333,0.039079998,0.040285002,0.023266668,0.049960002,0.03658,0.3640333,0.1218,0.23161002,0.1578,0.18441999,0.164575,0.0595,0.12112,0.08636,0.001,0.00156,0.00155,0.5999948,0.14463994,0.36954245,0.45535484,0.0174375,0.1666,0.0325931,0.0183875,0.16255,0.033089656,0.039225,0.17215,0.051234484,0.0218375,0.1857,0.04912414,0.0599875,0.19275,0.07964138,0.24365,0.21815,0.18375517,0.320725,0.23335,0.22754483,0.328575,0.2453,0.24054138,0.0639625,0.1074,0.067968965,0.00115,0.00275,0.0016758621,0.152725,0.14355,0.17743793,0.0574625,0.10185,0.0908,0.3494375,0.25615,0.25942415,0.5552875,0.08811458,0.35227418
299,3,4200278.057640568,636295.6677416108,0.0214,0.028933335,0.021359092,0.022033332,0.034066666,0.024904545,0.044433333,0.043733336,0.04258182,0.025433334,0.06168333,0.042054545,0.39443332,0.15175,0.26082727,0.17216666,0.2136,0.18283637,0.0624,0.13141666,0.09009545,0.0008666667,0.0013833334,0.0018272728,0.6338144,0.17323312,0.40163648,0.46058127,0.01698,0.03175,0.023353573,0.0155,0.02995,0.022960715,0.03966,0.0418,0.044714287,0.023060001,0.064025,0.047307145,0.06906,0.080625,0.08622143,0.2564,0.10185,0.18763928,0.3305,0.1208,0.23076785,0.32886,0.1329,0.23951072,0.067379996,0.05065,0.07961786,0.00091999996,0.001325,0.0022785715,0.16722,0.226,0.2051,0.0604,0.13755,0.10345714,0.36883998,0.155625,0.26955357,0.552303,0.13383558,0.35513076
300,4,4338519.625477842,567040.800785908,0.030933334,0.0534,0.04163,0.039083336,0.0648,0.05197,0.08986667,0.0897,0.087765,0.06566667,0.1239,0.09687,0.4167,0.2035,0.29425502,0.255,0.32,0.29838002,0.12255,0.2397,0.18662,0.0014166667,0.0029,0.001495,0.5574435,0.13259067,0.32321256,0.42485285,0.024558334,0.086754546,0.043657377,0.034633335,0.12231818,0.06147049,0.08045,0.14413637,0.09257049,0.05465833,0.17248182,0.10478853,0.12460834,0.18697272,0.14429836,0.29029167,0.20881818,0.21766558,0.34296668,0.22330908,0.24788032,0.34779167,0.2339,0.257841,0.060908332,0.082090914,0.07667213,0.0022,0.002109091,0.0021819673,0.24255,0.29421818,0.2938377,0.11530834,0.21239091,0.18384427,0.381375,0.24583635,0.2816951,0.49550197,0.0931789,0.25351
301,4,4355982.831751058,544094.9956121206,0.018975,0.048233334,0.034557145,0.025525,0.0637,0.04570476,0.0681,0.08783333,0.077619046,0.0398,0.11706666,0.08473333,0.409225,0.19746666,0.27749047,0.18375,0.287,0.24482857,0.07795,0.19516666,0.14305714,0.00105,0.0019666667,0.0015285714,0.6137668,0.13595533,0.32541627,0.47781146,0.021658333,0.038236365,0.031530354,0.027475,0.056781817,0.04306607,0.06859167,0.08107273,0.074617855,0.039933335,0.11547273,0.081325,0.10499166,0.13032727,0.12123036,0.29954168,0.1522,0.21374285,0.36245,0.16935454,0.24820179,0.36550832,0.18566364,0.26263928,0.056791667,0.07040909,0.07383571,0.00175,0.0020454547,0.002075,0.187725,0.2920091,0.24756606,0.081258334,0.19424546,0.14295892,0.39705,0.19913636,0.282,0.5569771,0.11996,0.3109341
302,4,4367891.349711733,462825.4460017977,0.032375,0.054733332,0.04124706,0.036575,0.06803333,0.05011765,0.057475,0.092366666,0.0758,0.054125,0.122433335,0.090923525,0.2949,0.21013333,0.25241765,0.226575,0.32953334,0.28202355,0.12185,0.24486667,0.18697059,0.001075,0.0017333335,0.0018058823,0.42247158,0.1457805,0.27453145,0.27669108,0.0361875,0.048985716,0.04123889,0.0394625,0.057842858,0.047741666,0.06585,0.0824,0.07385833,0.06935,0.11612858,0.09369722,0.0971375,0.13634285,0.119155556,0.22285,0.15608571,0.18115555,0.29575,0.17358571,0.2171,0.295125,0.18207142,0.22252779,0.0528875,0.09377143,0.07621667,0.0055375,0.003257143,0.003075,0.2559,0.30692858,0.2844278,0.149825,0.22082856,0.19098611,0.328725,0.2032,0.24900278,0.38618708,0.112855524,0.2225205
303,4,4390950.838689454,468749.6754771696,0.018933333,0.043033335,0.03517647,0.0244,0.053966668,0.04365294,0.05313333,0.0701,0.067917645,0.033666667,0.092,0.07679412,0.38796666,0.1516,0.2425,0.18256666,0.259,0.2451353,0.0804,0.1851,0.15816471,0.0012333333,0.0016,0.0016882353,0.60305697,0.10856893,0.29034412,0.49448803,0.028266666,0.0353125,0.03287647,0.033916667,0.0586,0.046111766,0.06063333,0.081475,0.06951177,0.0582,0.11725,0.08938823,0.08676667,0.129375,0.10976471,0.22666667,0.145725,0.16454706,0.30178332,0.1595125,0.19501472,0.28626668,0.1720125,0.19934411,0.05663333,0.074375,0.06712059,0.0042333333,0.0020875,0.0020764705,0.22416668,0.2759875,0.25760293,0.13336666,0.1955625,0.17306177,0.3269,0.18475,0.22300293,0.39985135,0.094196394,0.19442281
304,4,4252777.700654239,521789.25362006255,0.0304,0.0408,0.03528125,0.034433335,0.0472,0.04126875,0.06356667,0.06775,0.0663,0.050533336,0.0767,0.06846875,0.37653333,0.22675,0.28260624,0.22533332,0.237,0.23754375,0.12246666,0.1714,0.15555625,0.0010333332,0.00185,0.0018375,0.5441266,0.26588959,0.36998564,0.278237,0.0321,0.03665,0.03704906,0.03425,0.04294,0.041069813,0.06845,0.06875,0.07009812,0.05282,0.078590006,0.07408679,0.09905,0.11487,0.11252642,0.27653998,0.18755,0.2146415,0.34892,0.21456002,0.25712264,0.35242,0.22811002,0.26733962,0.059809998,0.10572,0.093328305,0.00174,0.00181,0.001773585,0.22661,0.25353998,0.25268114,0.11565,0.17062,0.16116038,0.3822,0.24286,0.28807735,0.5063589,0.26384777,0.3343132
305,4,4309825.398902657,570455.2090929432,0.04175,0.0625,0.052177776,0.049275,0.0752,0.06271667,0.075275,0.09905,0.08903333,0.084825,0.12265,0.10697778,0.25495,0.21645,0.23691668,0.27615,0.31755,0.30332777,0.1774,0.2392,0.2132389,0.00105,0.00215,0.0017,0.2916035,0.15521477,0.21748358,0.13638873,0.051052943,0.057466667,0.052954234,0.055082355,0.06921111,0.060364403,0.081364706,0.09036667,0.08587797,0.0905,0.11468889,0.10316102,0.12132353,0.1349111,0.13077457,0.23028824,0.16222222,0.20085424,0.28062353,0.17906666,0.2348712,0.28412354,0.18737778,0.24346441,0.050235294,0.07893333,0.074196614,0.0022705884,0.0022,0.0021050847,0.30891764,0.29936668,0.30751187,0.19767646,0.21277778,0.20613728,0.31485292,0.20367779,0.26756778,0.32242143,0.12424337,0.23524246
306,4,4299319.189228086,507078.9885474605,0.04618,0.043933336,0.041479997,0.06098,0.050583333,0.052275,0.09982,0.08,0.0862,0.11071999,0.0751,0.09073,0.45538,0.37146667,0.4003925,0.33856001,0.27516666,0.27657,0.1901,0.17018333,0.16005501,0.00187,0.00305,0.0017675,0.5006368,0.477485,0.47842225,0.023151815,0.0352125,0.042444445,0.03575246,0.04605625,0.05108889,0.046591803,0.07741875,0.08073333,0.07919344,0.0777125,0.086322226,0.08246885,0.11536875,0.1285,0.12548196,0.33754376,0.24506667,0.29177868,0.45565,0.28603333,0.36971804,0.4535875,0.2952889,0.37666884,0.06945625,0.13465555,0.11534755,0.0023375,0.0029666666,0.0024459017,0.2766375,0.288,0.2673754,0.13931875,0.18275556,0.14871147,0.4978,0.31615555,0.40732622,0.57294613,0.34770703,0.46710452
307,4,4396691.609168952,602449.6511905151,0.044833336,0.046333335,0.040740907,0.053883333,0.05853333,0.050522726,0.09153333,0.087,0.08307273,0.09751667,0.1116,0.095486365,0.3724,0.2252,0.3025909,0.30545,0.2819667,0.28127274,0.18556666,0.19566666,0.17643182,0.0018333334,0.004933333,0.0023727273,0.42778334,0.19021595,0.33801767,0.2375674,0.029385714,0.100185715,0.04642131,0.045364287,0.14067142,0.06896229,0.08045,0.16364285,0.09971803,0.08137143,0.18842143,0.11225082,0.12362858,0.20876428,0.14838524,0.27255714,0.2414,0.23987705,0.33552143,0.2576,0.27897868,0.34017143,0.27219284,0.28957868,0.05892857,0.10180714,0.08594754,0.0013785714,0.0030285716,0.0020327868,0.27792144,0.25942144,0.27486065,0.15741429,0.17718571,0.17013934,0.37379286,0.28428572,0.31451967,0.4213713,0.121449776,0.28436506
308,4,4334646.544352839,538171.6876218051,0.04905,0.0566,0.050694734,0.0538,0.0687,0.0605,0.08595,0.09475,0.088873684,0.084975,0.1183,0.10638948,0.3391,0.232,0.2545,0.31945,0.33245,0.31654212,0.196275,0.2382,0.21314211,0.001075,0.0021,0.0015473685,0.41172782,0.18750988,0.24524292,0.22421794,0.03686,0.084545456,0.048730157,0.040973336,0.095,0.05877619,0.069079995,0.11569091,0.08609682,0.05942,0.13899091,0.09895556,0.09922667,0.16199091,0.13215238,0.27079335,0.18971817,0.21362539,0.34776667,0.20482726,0.25043014,0.34129333,0.20869091,0.25410318,0.060613338,0.07811818,0.076446034,0.0021600001,0.0043636365,0.0026301588,0.24908,0.27927274,0.28833014,0.13511999,0.19786364,0.18675555,0.38082,0.22830908,0.28076828,0.4748856,0.112982884,0.2600362
309,4,4294706.530203985,442435.4893925314,0.048366666,0.0556,0.04049524,0.0716,0.07574,0.05519524,0.11963334,0.11356,0.09122857,0.15416667,0.14442,0.109319046,0.47136664,0.32902,0.4284619,0.34706667,0.34238002,0.2690762,0.19016667,0.22806,0.15468572,0.0012,0.00296,0.0015714286,0.43065834,0.27541912,0.47187376,0.15523922,0.039166667,0.0469,0.037178572,0.05663333,0.0628,0.04790357,0.106133334,0.09884286,0.08349286,0.12956667,0.12755714,0.10100714,0.1849,0.16522858,0.14353572,0.33503333,0.25432858,0.28853217,0.4113,0.2924,0.36834642,0.42156667,0.3022143,0.37838572,0.086,0.13945714,0.13815714,0.005866667,0.0025857145,0.0025392857,0.2812667,0.3387,0.27072144,0.14633334,0.21838571,0.15469286,0.46846664,0.32845715,0.412525,0.42134994,0.27148473,0.42784134
310,4,4319318.147926386,409302.7077335061,0.0489,0.06548,0.06285556,0.0518,0.08,0.075722225,0.08035,0.106819995,0.10458889,0.06515,0.13542,0.13005555,0.4452,0.2305,0.26531667,0.3004,0.34502,0.3487111,0.1583,0.26174,0.24977222,0.00145,0.0034599998,0.0022944445,0.5932497,0.15281183,0.21436672,0.44043785,0.04365,0.0607,0.05638571,0.044075,0.072222225,0.066407144,0.075175,0.097955555,0.09465,0.061675,0.12864445,0.11838928,0.105425,0.1529,0.14544286,0.334675,0.18343334,0.21353571,0.4319,0.19844444,0.24667144,0.428225,0.20704444,0.25502858,0.048925,0.091344446,0.08578214,0.00345,0.0022777778,0.002817857,0.2971,0.3377,0.33534285,0.15515,0.2492,0.232575,0.46955,0.22364444,0.27793217,0.5813658,0.12930539,0.22193769
311,4,4340173.955323366,521750.4402297503,0.026942857,0.0319,0.043723527,0.030157143,0.0464,0.0572,0.05638571,0.069625,0.089288235,0.03872857,0.0924,0.11113529,0.5108143,0.162625,0.29739413,0.25107142,0.24035,0.31076178,0.118271425,0.1772,0.20691766,0.0010285714,0.0031,0.0017705883,0.7359033,0.12681624,0.2977057,0.6090871,0.039726667,0.144675,0.06955,0.030806668,0.14921667,0.07459355,0.05576667,0.17130834,0.10414678,0.04210667,0.19969167,0.12583387,0.0837,0.2221,0.15704517,0.32909334,0.24625832,0.24799517,0.4545933,0.25956666,0.29665646,0.4497933,0.263825,0.30170482,0.07232,0.12569167,0.097185485,0.0014466667,0.004058333,0.0023693547,0.24326667,0.26926666,0.30935323,0.11407333,0.19931667,0.2035871,0.49328,0.2799917,0.32948548,0.657199,0.091982506,0.2741633
312,4,4372734.920365241,464768.93941325496,0.033766665,0.0422,0.03799375,0.037366666,0.0518,0.04669375,0.06346667,0.0724,0.074325,0.048833333,0.0948,0.08415,0.4313,0.17723334,0.28595,0.2202,0.26423332,0.2513,0.10473334,0.19516666,0.15603125,0.0012666667,0.0018333334,0.001675,0.61747926,0.14670429,0.3390662,0.47077498,0.031,0.04005,0.036076315,0.03583,0.045466665,0.041476317,0.06659,0.06673333,0.07067105,0.053809997,0.09283333,0.08078421,0.09893,0.1101,0.1163,0.29648998,0.13305,0.21312632,0.38753998,0.15021667,0.25895527,0.37406,0.16018334,0.2640342,0.07274,0.07811667,0.08017368,0.0043099998,0.0024833335,0.0028342106,0.23111,0.26325,0.26283157,0.11456999,0.18773334,0.16408683,0.42511,0.17553334,0.29343158,0.5326124,0.12174768,0.31423274
313,4,4330534.5764438985,534647.3778795389,0.0457,0.069,0.05874375,0.05105,0.0946,0.0766875,0.0781,0.1479,0.1149625,0.06925,0.1773,0.14298125,0.4968,0.33,0.30553126,0.2879,0.3635,0.34053126,0.1587,0.2533,0.23276874,0.00095,0.0031,0.00165,0.64273906,0.21745694,0.24648416,0.42528212,0.032353334,0.06367143,0.049812965,0.032933336,0.08867143,0.06374445,0.058033332,0.123414285,0.09571667,0.04072,0.16038571,0.11374815,0.08218666,0.18868572,0.14849259,0.34853998,0.2213,0.26595184,0.49009332,0.2397,0.32734075,0.48581332,0.25292856,0.33546668,0.06892,0.10994286,0.08758519,0.0020133334,0.0026285716,0.0020703704,0.23393333,0.36438572,0.31547406,0.10568667,0.26081428,0.19856852,0.53003335,0.26901427,0.36432406,0.7026866,0.14125621,0.34461257
314,4,4253739.51477184,687953.3380860295,0.050133333,0.035033334,0.035466667,0.05976667,0.047116667,0.044090476,0.09486667,0.07385,0.0695381,0.10476666,0.08858333,0.08053333,0.37136668,0.21498333,0.2562238,0.2888,0.2371,0.2392,0.1942,0.15586667,0.15316667,0.0016,0.0015333333,0.0014761905,0.41070822,0.2213531,0.3030183,0.18935512,0.0248125,0.4475,0.042230766,0.04415,0.7117,0.067265384,0.075575,0.758,0.09556923,0.076725,0.77,0.101723075,0.1061375,0.7486,0.1302423,0.2526,0.7692,0.23398076,0.3232,0.7609,0.27725768,0.33415,0.8103,0.2935077,0.052325,0.3196,0.07673846,0.000925,0.0047,0.001526923,0.240175,0.0983,0.22570385,0.14685,0.1088,0.1401,0.3599875,0.7699,0.31102306,0.4238732,0.027540123,0.3118159
315,4,4310377.21652194,592405.503776859,0.071075,0.0411,0.05512353,0.0809,0.0464,0.06291177,0.1142,0.0639,0.0886647,0.133925,0.0764,0.10581177,0.3075,0.1839,0.23992354,0.371225,0.2003,0.2980353,0.29055,0.1581,0.2373,0.0016,0.0028,0.0018941177,0.2663958,0.19656102,0.22443654,0.06983478,0.0452,0.0421,0.048973914,0.055740003,0.0481,0.060104344,0.080579996,0.06575,0.08461304,0.09868,0.08105,0.1046826,0.121240005,0.10225,0.12975217,0.18876,0.1388,0.18068695,0.22692,0.1602,0.20891738,0.2156,0.1581,0.21156521,0.0502,0.03975,0.07152609,0.00232,0.00145,0.002156522,0.28421998,0.23215,0.2981913,0.20391999,0.15795,0.22846086,0.25696,0.1835,0.2377348,0.20124868,0.1424088,0.1826674
316,4,4309403.697483979,583346.7679118617,0.0421,0.0434,0.045952942,0.047266666,0.05155,0.053894117,0.07423333,0.0736,0.078688234,0.06746667,0.082,0.08735294,0.3935,0.22715,0.26677057,0.25626668,0.21855,0.25768822,0.14606667,0.16665,0.1812706,0.0010666667,0.0021,0.0015882353,0.52402776,0.2548369,0.30380568,0.26919088,0.031764705,0.1260909,0.055145904,0.03711765,0.1471909,0.06741475,0.064311765,0.1739909,0.09435246,0.057105884,0.1880091,0.104914755,0.09501177,0.21406364,0.13481803,0.27284706,0.26925454,0.2221082,0.3502294,0.28893635,0.26088196,0.35010588,0.29152727,0.26592132,0.0596,0.116154544,0.08085901,0.002817647,0.003409091,0.002472131,0.2395,0.22353636,0.2591049,0.12593529,0.16820909,0.17694098,0.38971764,0.30802727,0.29152295,0.49254954,0.14849839,0.26521182
317,4,4380502.781031484,412655.68526843254,0.024133332,0.047575,0.042566665,0.025733335,0.055825,0.050411113,0.041333333,0.0728,0.07202222,0.027933335,0.090825,0.08612778,0.40436667,0.1644,0.24440557,0.15336667,0.2754,0.26434442,0.062533334,0.2064,0.18519445,0.0010666667,0.001625,0.0014166667,0.6395807,0.13305856,0.27268353,0.5065222,0.024283333,0.040455554,0.03866857,0.0261,0.0482,0.0477,0.047283333,0.06645555,0.06964572,0.037516665,0.09151111,0.08832572,0.06696667,0.10831111,0.10993715,0.23631668,0.1297,0.1684657,0.3444,0.14571111,0.20454572,0.34223333,0.15627778,0.21211429,0.0611,0.07621111,0.07565428,0.0021666666,0.0024444445,0.0019057143,0.18526666,0.26655558,0.26853713,0.08495,0.19817778,0.18802285,0.37445,0.17204444,0.23501429,0.5318759,0.11768018,0.21731079
318,4,4398873.963106622,529598.724344939,0.021739999,0.050566666,0.045225,0.024319999,0.0636,0.05620833,0.043879997,0.08636667,0.08196389,0.029020002,0.1088,0.10006389,0.4204,0.20343333,0.255575,0.16096,0.2907,0.28631943,0.067159995,0.21133332,0.19883333,0.0013,0.0016833334,0.0018805555,0.6566567,0.16153958,0.2599254,0.4951171,0.024726667,0.14589286,0.06494853,0.02376,0.15250714,0.07159412,0.046079997,0.17214286,0.09617941,0.03656,0.19753572,0.114201464,0.06466,0.21560715,0.13789265,0.24230666,0.24435,0.20921911,0.35686,0.25705,0.2513897,0.35717335,0.2605,0.25652647,0.059173334,0.1203,0.08534853,0.0013,0.0029214285,0.002414706,0.19014001,0.27027857,0.28250146,0.08744,0.19743572,0.19134265,0.39006668,0.28022856,0.28217354,0.5547261,0.09074831,0.23246455
319,4,4288350.834798202,594519.1223648807,0.029657144,0.043785714,0.04218611,0.033485714,0.05832857,0.05348611,0.06194286,0.086014286,0.08389445,0.045114286,0.11195714,0.09872778,0.4519857,0.19864286,0.2811889,0.19748572,0.25678572,0.2585611,0.09061429,0.18965714,0.17278889,0.0029714284,0.0018285715,0.0018111111,0.65192884,0.14769195,0.3004691,0.5042369,0.018475,0.0347,0.027665216,0.02325,0.0528,0.05053913,0.053675,0.0779,0.083839126,0.037825,0.11025,0.10991305,0.0784,0.1241,0.13665652,0.2754,0.1479,0.2134739,0.3684,0.169,0.25272173,0.365775,0.17275,0.25140435,0.0737,0.02475,0.08792609,0.001075,0.0016,0.001747826,0.195975,0.2774,0.28387392,0.087825,0.191,0.1855087,0.4002,0.19665,0.28517827,0.5628864,0.10870698,0.23345384
320,4,4275419.6861167345,516973.54491549823,0.015366667,0.04545,0.049166664,0.0205,0.05535,0.061038893,0.042333335,0.0812,0.09080555,0.025766665,0.08945,0.1059,0.4563,0.2774,0.3063611,0.14846666,0.2685,0.30159444,0.0562,0.19025,0.21703333,0.0010333332,0.00175,0.0024944444,0.7089816,0.31491274,0.32114452,0.39406884,0.019018183,0.041625,0.042638596,0.021954546,0.0519875,0.05274035,0.045572728,0.07845,0.08179825,0.036345456,0.0892625,0.09903333,0.06489091,0.127825,0.12905964,0.24354546,0.2216125,0.21629648,0.36879092,0.2553,0.26477194,0.36685455,0.2607375,0.26957193,0.064236365,0.1250875,0.09212105,0.0016454546,0.002275,0.001963158,0.16807273,0.26775,0.28892457,0.07611818,0.1782875,0.1990965,0.40322727,0.28385,0.29630876,0.5682429,0.29064202,0.28286347
321,4,4360499.704685213,437932.0601036568,0.031825,0.042725,0.033842854,0.03755,0.053675,0.042690475,0.06185,0.0724,0.06735714,0.0552,0.092675,0.07514286,0.320425,0.176925,0.27188572,0.243925,0.263425,0.24248096,0.138375,0.193025,0.15296666,0.0012,0.00155,0.0016666666,0.45637015,0.15051685,0.3386913,0.3058533,0.036683336,0.08606667,0.04926875,0.047,0.1013,0.060978126,0.07553333,0.1182,0.08570938,0.08355,0.14046666,0.10187812,0.114983335,0.15664445,0.1299375,0.23741667,0.1803889,0.20509376,0.29641667,0.19637778,0.24346563,0.28321669,0.2026,0.24614374,0.051083334,0.084533334,0.083128124,0.0027833334,0.002311111,0.002190625,0.27291667,0.2428,0.25755,0.16135,0.17591111,0.16483125,0.32731667,0.2198,0.27520314,0.33642536,0.100884154,0.24195068
322,4,4319102.066579463,464338.2557397384,0.01928,0.06301429,0.054263636,0.02234,0.07685714,0.06676667,0.0461,0.100514285,0.09341212,0.02686,0.13101429,0.11682727,0.4666,0.20828572,0.26935455,0.15744,0.3348,0.31057575,0.061979998,0.2609143,0.22505455,0.00206,0.0029,0.001909091,0.71803004,0.12686415,0.246053,0.5911659,0.01804,0.0539375,0.050275,0.02038,0.0663125,0.061271876,0.04312,0.0896875,0.08890312,0.0254,0.1231125,0.11547813,0.05278,0.1400125,0.13926563,0.27338,0.1556375,0.19820313,0.42804,0.1705375,0.24027812,0.42132002,0.1807,0.24849063,0.06308,0.0904875,0.08512813,0.0010800001,0.003525,0.00238125,0.16178,0.31205,0.3114,0.06098,0.2313,0.21560937,0.4589,0.19655,0.27255312,0.66775507,0.09752858,0.21796209
323,4,4272546.122257116,616918.6019323887,0.036325,0.0402375,0.037605125,0.0462625,0.0506,0.048002563,0.0878125,0.0828,0.08360256,0.0843375,0.0904875,0.090887174,0.351125,0.259575,0.28385642,0.2961375,0.279075,0.27717435,0.1738625,0.189375,0.18038718,0.0013375,0.0017625,0.0017051282,0.4293233,0.28625035,0.32119024,0.14307293,0.03334,0.14516667,0.046808336,0.03996,0.19036666,0.060116667,0.078559995,0.22733332,0.09798333,0.06698,0.23603332,0.09835417,0.1279,0.2803667,0.15092084,0.28728,0.35123333,0.26237917,0.33111998,0.36843333,0.29455,0.32528,0.3701333,0.2993875,0.06378,0.09913333,0.08757083,0.00118,0.0014666667,0.001875,0.26528,0.1996,0.25331667,0.14486,0.13973334,0.15593334,0.36726,0.38656667,0.32520834,0.43454653,0.17311145,0.32732257
324,4,4353365.137890923,533501.3908542283,0.024833333,0.048166666,0.038213044,0.029083334,0.0627,0.048443478,0.050433334,0.09363333,0.07485653,0.0367,0.109966666,0.08441739,0.48245,0.24313332,0.3024,0.1863,0.2866333,0.24809566,0.0866,0.2095,0.16306956,0.0011333333,0.0022666666,0.0018130434,0.7095535,0.22090568,0.3620969,0.48864782,0.0129,0.038,0.034953706,0.015727272,0.0539,0.045324076,0.037018184,0.08276667,0.07266111,0.024,0.1056,0.087864816,0.04828182,0.13845555,0.117627785,0.2601091,0.18708889,0.2029889,0.4325273,0.20694444,0.2623426,0.42854545,0.213,0.26841667,0.0573,0.09104445,0.07838148,0.0010454545,0.001988889,0.0020648148,0.15401818,0.28406668,0.26149443,0.05888182,0.20312221,0.17261852,0.46917272,0.234,0.2954722,0.680528,0.18309648,0.30513218
325,4,4308782.643486335,422926.8796500027,0.0173,0.05845,0.048057143,0.0209,0.0794,0.06389524,0.042,0.111266665,0.09307143,0.0244,0.14483334,0.11855714,0.3571,0.21893333,0.24697143,0.16395,0.3263333,0.30064762,0.07195,0.26061666,0.2239381,0.0012,0.0029166667,0.0019095237,0.58753514,0.11825473,0.20962058,0.46928042,0.027575,0.050742857,0.052491996,0.0245,0.06652857,0.062136,0.047175,0.09174286,0.089856,0.0395,0.12875713,0.118924,0.06625,0.14685714,0.13976,0.205625,0.16297142,0.184508,0.29235,0.17801428,0.217244,0.294125,0.18514286,0.22553201,0.03955,0.08184286,0.081812,0.00325,0.0021,0.002868,0.200225,0.3207143,0.317644,0.10735,0.2465,0.23490801,0.319775,0.20382857,0.247496,0.45831305,0.09434352,0.17639239
326,4,4348925.181275629,523242.8832986067,0.01768,0.05511667,0.051045947,0.02158,0.07146667,0.06493784,0.04462,0.10233333,0.0974973,0.025820002,0.12966666,0.11977027,0.48802003,0.2487,0.2947838,0.15348001,0.31368333,0.31144056,0.057159998,0.22986667,0.21493514,0.00083999994,0.0028,0.001718919,0.7454897,0.19077078,0.27652943,0.554719,0.023541667,0.12064,0.062275,0.025766665,0.13461,0.07316923,0.0514,0.16131,0.10368269,0.044625,0.19256,0.12678847,0.077375,0.22546999,0.15933654,0.24396667,0.26488,0.23339231,0.3446417,0.28206,0.2744327,0.34343332,0.29018998,0.28107885,0.058458332,0.12948,0.09324808,0.0012833333,0.0024299999,0.0019711538,0.192175,0.30324,0.30767885,0.09020833,0.21807,0.20841345,0.3751833,0.30624,0.3039827,0.51499736,0.13928562,0.24330325
327,4,4398175.110314639,530091.1336042241,0.022828571,0.05765,0.0482675,0.026942857,0.07336667,0.059867498,0.05271429,0.10333334,0.090440005,0.035542857,0.13101666,0.1045,0.4362857,0.24606667,0.31377748,0.18061428,0.3304667,0.3056725,0.07734286,0.2354,0.2043725,0.0013,0.0017166666,0.0019125,0.65842843,0.18431517,0.33439937,0.47411326,0.025733335,0.15965,0.075524196,0.029466666,0.17249286,0.0824258,0.05810833,0.19842142,0.11185968,0.045491666,0.22867857,0.12817742,0.08325833,0.24959284,0.16127259,0.26520833,0.28055,0.24385484,0.360875,0.29723573,0.2855516,0.36068332,0.31027144,0.29790807,0.06115,0.124228574,0.09244032,0.001325,0.0029,0.002280645,0.20655833,0.30500716,0.3112742,0.09809167,0.22155716,0.20960483,0.39796668,0.32345715,0.32036936,0.5360901,0.10972092,0.26429006
328,4,4380848.585019871,468604.86282855785,0.0297,0.043733336,0.0349625,0.0326,0.05356667,0.0408625,0.05566667,0.0738,0.06556875,0.044633333,0.09616667,0.06765625,0.32426667,0.2185,0.28631875,0.22473332,0.30463332,0.25503126,0.1163,0.2053,0.15128125,0.0016333334,0.0013666668,0.0013875,0.48839584,0.21102141,0.37734425,0.27737445,0.029185714,0.0362,0.032102562,0.0325,0.04681111,0.039215382,0.05802857,0.06641111,0.064441025,0.050485715,0.094955556,0.073984616,0.08841429,0.121144444,0.11017179,0.24202856,0.15272221,0.20074359,0.30841428,0.17664444,0.2415513,0.31047145,0.19086666,0.25250256,0.053585712,0.08806667,0.080835894,0.003542857,0.0035222222,0.0024641026,0.23791428,0.29336667,0.26860255,0.12871428,0.19423334,0.16345897,0.3457,0.21843332,0.28168973,0.45400074,0.16900516,0.31207997
329,4,4373730.752705917,469041.1141585783,0.0267,0.046033334,0.03593158,0.027825,0.054733332,0.04245263,0.052325,0.0758,0.06876842,0.029225,0.0983,0.0716,0.521325,0.19593334,0.31545788,0.200975,0.28813332,0.24119473,0.08375,0.20503333,0.14598948,0.001225,0.0014666667,0.0014210526,0.77302986,0.17046672,0.40990087,0.60256314,0.031463634,0.0383625,0.03575,0.029827274,0.0435625,0.0374525,0.057236366,0.060825,0.062929995,0.036872726,0.0842125,0.0657775,0.08309091,0.10595,0.104075,0.32437274,0.12855,0.2190625,0.44253638,0.1463375,0.2746425,0.43644544,0.1612,0.28379,0.07077273,0.0715125,0.0777125,0.004654546,0.002125,0.0027174999,0.20702727,0.260725,0.2435575,0.09311818,0.1792125,0.144625,0.48188183,0.1781625,0.3115275,0.65506303,0.14117755,0.37805912
330,4,4369040.491692966,605541.1400054169,0.035075,0.049033333,0.04144,0.037225,0.05666667,0.047325,0.064425,0.07333333,0.07096,0.051275,0.09176667,0.079454996,0.341675,0.1524,0.23694499,0.228825,0.24436668,0.25329,0.12315,0.18093334,0.16566,0.0026,0.006933334,0.00257,0.49565282,0.11043196,0.2757879,0.38522086,0.041314285,0.14466,0.06272667,0.0416,0.16618,0.07188333,0.0692,0.18536,0.0972,0.05864286,0.2086,0.10661,0.100842856,0.21096002,0.13465333,0.25212857,0.22578001,0.21546333,0.31387144,0.23942,0.25174665,0.31224284,0.2495,0.25977334,0.05321429,0.082540005,0.07569,0.0011,0.0016,0.0028533333,0.2513,0.25443998,0.27473998,0.13275714,0.1905,0.17553668,0.34757143,0.2578,0.28339,0.43634284,0.058423907,0.2526385
331,4,4356314.312232908,598746.0234696853,0.0327,0.0545,0.043926314,0.03522,0.0647,0.05363684,0.061540004,0.0883,0.08281053,0.04928,0.1091,0.09752632,0.4109,0.23045,0.29477367,0.23808001,0.33135,0.29658422,0.12138,0.2443,0.19524737,0.0014,0.00285,0.0015421053,0.5912023,0.20329493,0.3225448,0.3879074,0.031320002,0.0522,0.043844,0.03334,0.063,0.052964002,0.05828,0.087633334,0.081944,0.04816,0.1122,0.098368,0.08678,0.13863334,0.13375601,0.29126,0.1855,0.23001201,0.3956,0.20963332,0.276664,0.39546,0.21663332,0.28511998,0.06748,0.06143333,0.081892,0.0011,0.0016333334,0.002,0.23586,0.34406668,0.30852,0.11851999,0.23836668,0.19596401,0.43296,0.2398,0.312304,0.5746027,0.17570561,0.30691493
332,4,4360842.276691788,510753.49948652694,0.0263,0.050616667,0.042777777,0.03152,0.07225,0.05411111,0.05658,0.11235,0.08320555,0.042779997,0.14748333,0.09900556,0.47022003,0.28671667,0.29503334,0.20114,0.3388,0.27889168,0.09322,0.24078332,0.189275,0.00236,0.003383333,0.0021166666,0.6793856,0.2121584,0.3197537,0.46722722,0.022,0.0463,0.040942308,0.022939999,0.063766666,0.047642305,0.04694,0.09463333,0.07286539,0.03128,0.13366666,0.08824615,0.06454,0.1647,0.11638462,0.27518,0.20763333,0.20243077,0.42822003,0.22976668,0.25545,0.42804,0.2399,0.25779232,0.07316,0.1096,0.08003461,0.00124,0.0027,0.0016461539,0.18502,0.33916667,0.27428076,0.078379996,0.24186668,0.18469615,0.4637,0.2658,0.28960386,0.65989757,0.17016938,0.28842565
333,4,4356984.932788437,558967.9739440944,0.027133334,0.0411,0.030557895,0.033233333,0.05155,0.038042106,0.06826667,0.07395,0.06736316,0.0442,0.09,0.06095789,0.4556,0.21965,0.34476316,0.21156667,0.2645,0.23112105,0.09506667,0.18135,0.12792106,0.004466667,0.00165,0.001968421,0.65858555,0.2257688,0.47584414,0.43281674,0.02745,0.16045,0.05862069,0.032308333,0.16205,0.06092931,0.064666666,0.18366666,0.0899431,0.047016665,0.20281667,0.08575,0.10285,0.23300833,0.13541724,0.31883332,0.2714,0.28221896,0.3936833,0.28815,0.33073103,0.39394167,0.29110834,0.33696896,0.06255833,0.13108334,0.100993104,0.0011333333,0.0023333335,0.0018241379,0.235475,0.24255,0.24294138,0.10800834,0.16744167,0.13463448,0.430675,0.31296667,0.36502415,0.575606,0.12415384,0.40709108
334,4,4366854.423305688,429657.56240983726,0.036625,0.042225,0.03888421,0.040025,0.0544,0.049057893,0.06585,0.0823,0.07949474,0.05305,0.0972,0.08749474,0.4185,0.2474,0.32838947,0.256875,0.276675,0.27018422,0.129325,0.18725,0.16366316,0.00165,0.00145,0.0014421053,0.59102935,0.2535997,0.39147553,0.33742964,0.02837143,0.035085715,0.032488234,0.039514285,0.05462857,0.051617645,0.06827143,0.08175714,0.08138236,0.0633,0.10035714,0.096985295,0.10207143,0.13634285,0.13241176,0.2807,0.1956,0.22763823,0.36302856,0.21591428,0.2698588,0.36825716,0.23502856,0.28650293,0.049914286,0.080628574,0.072367646,0.0016,0.0023857143,0.0018294117,0.26244286,0.28214285,0.28328824,0.1381,0.1888,0.17475882,0.40065715,0.24338572,0.3041559,0.5015158,0.22811969,0.31185687
335,4,4306886.094301708,461550.63251600374,0.040633336,0.043925,0.05218333,0.040216666,0.05865,0.06404167,0.0667,0.0854125,0.09413889,0.040283334,0.1078375,0.11450555,0.5575333,0.199275,0.3106389,0.25893334,0.2700625,0.30390278,0.114933334,0.2036,0.20731944,0.0012666667,0.0038875,0.0020833334,0.781716,0.1567767,0.30927035,0.6249393,0.032757144,0.0422875,0.045134287,0.033314284,0.054875,0.0575,0.05988571,0.0778125,0.0871,0.043642856,0.1044625,0.109897144,0.08612857,0.1265125,0.14101714,0.32704285,0.154675,0.23200572,0.44177145,0.1699,0.2800943,0.4369857,0.1785125,0.2897857,0.06058571,0.0814625,0.08769429,0.0021142857,0.0031375,0.0022742858,0.24655715,0.287925,0.30095714,0.113728575,0.2164875,0.19889714,0.4782,0.193425,0.31535143,0.6378277,0.12952846,0.28948197
336,4,4358428.398995719,412270.1922506712,0.04616,0.048133336,0.042944446,0.04712,0.05833333,0.04887222,0.0625,0.07563333,0.06845,0.051620003,0.0912,0.07372222,0.3013,0.1846,0.25263333,0.24796002,0.2875333,0.2654889,0.14824,0.20853333,0.17063333,0.0014,0.0017,0.001488889,0.43797728,0.16637215,0.3128765,0.27160513,0.04322857,0.040225,0.039444115,0.0421,0.0456625,0.041552942,0.06261429,0.064425,0.0636,0.058357142,0.085375,0.07572647,0.08944286,0.1058875,0.103267655,0.22312856,0.1368625,0.17413235,0.28412858,0.152525,0.20835589,0.27747142,0.1645625,0.21630882,0.05387143,0.0767375,0.07609411,0.0018,0.0023875,0.002102941,0.25494283,0.2741,0.26856765,0.15294287,0.1960625,0.17525,0.31494284,0.1768375,0.23980881,0.38643712,0.14455943,0.25138962
337,4,4251330.943122929,651267.8092889984,0.020019999,0.043133333,0.036818184,0.02926,0.06065,0.052463636,0.072840005,0.09155,0.091,0.05214,0.11818334,0.10327273,0.39576,0.239,0.31489092,0.21978,0.29538333,0.2824909,0.1046,0.19945,0.17035455,0.001,0.0014166667,0.0015181818,0.56483155,0.19836707,0.3385359,0.3664645,0.023114285,0.04125,0.03264,0.026642855,0.0597,0.045612,0.06634286,0.0845,0.081368,0.050085716,0.11525,0.0918,0.10828572,0.13755,0.13735601,0.26832858,0.1625,0.2321,0.32032856,0.17895,0.265616,0.323,0.18515,0.27146798,0.053842857,0.05175,0.075624,0.0010714285,0.0031,0.00212,0.22511429,0.31135,0.274424,0.11235714,0.22,0.16586,0.35488573,0.20905,0.298884,0.47275707,0.119548485,0.30109504
338,4,4330943.952038093,445879.74044791365,0.0327,0.036875,0.035442855,0.042433333,0.045675,0.04348095,0.08113333,0.073625,0.07537143,0.07523333,0.079725,0.07092381,0.3879333,0.3187,0.38660952,0.2884333,0.27185,0.27606666,0.1707,0.186625,0.17584762,0.0014,0.003875,0.0024857144,0.4984082,0.39564347,0.5069378,0.102764726,0.01978,0.0393625,0.036706667,0.0283,0.0353125,0.034793332,0.064959995,0.0645375,0.06656,0.04558,0.065175,0.0615,0.10024,0.1209,0.112923324,0.36694,0.2446875,0.28466,0.48163998,0.274575,0.34293666,0.4756,0.28695,0.35009,0.08502,0.11495,0.10851666,0.00306,0.0026125,0.0024766666,0.23193999,0.2558,0.26512665,0.118640006,0.1674375,0.16507332,0.51378,0.3029625,0.37401998,0.67826843,0.38412708,0.48172516
339,4,4323997.288502809,439959.98455522757,0.0228,0.051175,0.044883333,0.0318,0.062925,0.055355553,0.06373333,0.09385,0.08838889,0.0503,0.1157,0.09825,0.4289,0.27315,0.31868333,0.1921,0.275925,0.2616278,0.09143333,0.198325,0.17945,0.0013,0.003625,0.0018833334,0.6107949,0.25381568,0.35451218,0.35697922,0.030883335,0.037516665,0.045303226,0.032833334,0.036233336,0.040680647,0.06521667,0.06431667,0.07226774,0.056416668,0.08025,0.07863226,0.0936,0.12661666,0.124377415,0.27483332,0.20095,0.23429033,0.36695,0.22905,0.27871293,0.35246667,0.22185,0.2718774,0.0519,0.11828334,0.093577415,0.0027833334,0.0021333334,0.002264516,0.20501667,0.24125,0.2486258,0.1054,0.16401666,0.16427097,0.39983332,0.25578332,0.30654195,0.49744046,0.25027394,0.33076444
340,4,4398492.901916589,409729.006611683,0.017785715,0.0554,0.040803332,0.023842858,0.07108333,0.05325,0.050214287,0.09765,0.08195,0.038757145,0.12706666,0.10210333,0.33564284,0.2093,0.24653332,0.16555715,0.29235,0.26624665,0.0767,0.21636668,0.17693333,0.0016428572,0.0038166668,0.0021,0.5195178,0.1357649,0.24207528,0.38375288,0.024183333,0.04331111,0.038561765,0.02645,0.057811107,0.053705882,0.05236667,0.08195555,0.08271177,0.04035,0.11361111,0.107926466,0.07055,0.13642222,0.13434118,0.2422,0.16493334,0.19394118,0.3329667,0.1814111,0.22675294,0.3299167,0.19004445,0.23341765,0.05911667,0.074588895,0.07683823,0.00165,0.002488889,0.0019088236,0.18956666,0.30744442,0.2951441,0.086733334,0.21748888,0.19535,0.3618833,0.20666668,0.25546765,0.5073863,0.13063642,0.21021125
341,4,4314443.935842368,438499.5863529029,0.0193,0.05782,0.049626086,0.02515,0.07046,0.06276957,0.045475,0.0939,0.090630434,0.03905,0.121819995,0.114408694,0.4338,0.1936,0.26989132,0.176625,0.32686,0.31681305,0.07865,0.25938,0.2283087,0.00115,0.0032400002,0.002052174,0.64606357,0.12076303,0.251676,0.5253005,0.02008,0.0516375,0.04711875,0.019580001,0.0604,0.055278126,0.03982,0.083275,0.08259375,0.030760001,0.11555,0.10864375,0.053340003,0.1306625,0.1296125,0.23946,0.14705,0.186025,0.38818002,0.1622875,0.22788438,0.38612,0.1715875,0.23488125,0.05456,0.0816,0.078634374,0.0017,0.0022875,0.00260625,0.16486,0.3143625,0.3078,0.0689,0.24115,0.21809062,0.4199,0.187925,0.2574125,0.6085165,0.096689224,0.21101113
342,4,4336883.634487018,517616.32434470113,0.019671427,0.055883333,0.045873683,0.024157142,0.071716666,0.05821316,0.044342857,0.10603334,0.08904737,0.0325,0.13336666,0.10870526,0.4503143,0.26833332,0.28779212,0.16288571,0.30846667,0.28106052,0.06612857,0.2322,0.19815525,0.0009714286,0.0032666668,0.0017973684,0.6834561,0.21242373,0.2890951,0.47103238,0.02025,0.14168182,0.057006896,0.021925,0.18226364,0.07665172,0.044391666,0.21002728,0.1050569,0.031683333,0.23939092,0.12473103,0.06018333,0.2645,0.15151034,0.25591668,0.29785454,0.22719139,0.38668332,0.3115,0.27143794,0.3850667,0.31895453,0.27717584,0.067208335,0.13122727,0.090427585,0.0015666666,0.002409091,0.0021189656,0.16903333,0.2704182,0.27221897,0.0702,0.20375454,0.18872587,0.41896665,0.33272728,0.29958275,0.60465014,0.10504874,0.24174102
343,4,4330888.799103397,414646.60174174345,0.0613,0.1298,0.06375263,0.0772,0.14126,0.07597895,0.11816666,0.16712,0.11015264,0.14783333,0.17041999,0.12179474,0.3269,0.4005,0.4002158,0.38513333,0.19894001,0.2541895,0.25183332,0.1267,0.15483157,0.0013,0.0028,0.0018736841,0.2661989,0.3178765,0.41125146,-0.051677585,0.047375,0.037125,0.038320836,0.0541,0.0427125,0.046933334,0.095,0.0702875,0.07984583,0.1027,0.0770625,0.090029165,0.146175,0.1127125,0.13177083,0.316475,0.2313625,0.2707542,0.398475,0.276725,0.3352125,0.401575,0.2824375,0.3442042,0.040175,0.1211875,0.112341665,0.00175,0.0022125,0.0018291665,0.35785,0.2574125,0.27429584,0.203025,0.1679875,0.166225,0.44105,0.3026375,0.370775,0.4533753,0.34989908,0.40726015
344,4,4370758.950028681,497655.7694313029,0.020533333,0.05385714,0.038645457,0.024144445,0.06918571,0.046977274,0.045477778,0.1003,0.072681814,0.028422223,0.12634286,0.08089091,0.4605222,0.27515715,0.29073408,0.16594444,0.3109,0.25143635,0.0649,0.21598572,0.16196364,0.0013222222,0.0027714286,0.0017272728,0.7066297,0.23570731,0.35330173,0.47092238,0.021416668,0.0463125,0.03412857,0.024266668,0.0653,0.043517143,0.0487,0.0941375,0.069397144,0.0316,0.1209125,0.078282855,0.0615,0.1571375,0.111659996,0.26966667,0.20815,0.20111428,0.40601668,0.2291375,0.2449543,0.4076,0.2432125,0.25522572,0.06953333,0.097525,0.07660857,0.00215,0.0038375,0.0022085714,0.17673334,0.2987375,0.24704856,0.0715,0.2041625,0.15577714,0.43928334,0.25735,0.27326,0.6336623,0.1993932,0.30653158
345,4,4281123.611573626,656855.5578862012,0.04934,0.035979997,0.04134091,0.05416,0.053340003,0.05232727,0.0866,0.09114,0.086127274,0.08004,0.10906,0.094136365,0.45314,0.29984,0.33097726,0.29048002,0.26188,0.26941365,0.1685,0.16566,0.16851817,0.00158,0.00146,0.0015590909,0.56693995,0.30542707,0.38030738,0.26151288,0.048114285,0.0426,0.037834615,0.0547,0.0464,0.042565383,0.0928,0.084,0.07766539,0.10375714,0.0921,0.08634231,0.1422,0.1576,0.13637693,0.3080857,0.2654,0.26043844,0.39585716,0.2884,0.31073076,0.38784283,0.2821,0.31251925,0.067757145,0.0292,0.07760769,0.0011714286,0.0015,0.0015538462,0.31812856,0.2918,0.27188462,0.21107143,0.173,0.16879615,0.43155712,0.3193,0.34485,0.4338882,0.31600517,0.372065
346,4,4372163.428730547,435675.4662409972,0.0299,0.0296,0.027594116,0.031875,0.03335,0.031994116,0.0542,0.043475,0.052711766,0.04,0.057125,0.053211767,0.35205,0.148,0.2534941,0.1863,0.191325,0.19532941,0.090975,0.125325,0.11653529,0.001675,0.0014,0.0015470588,0.53874177,0.17678586,0.36251453,0.3619559,0.0301,0.026266666,0.033972222,0.02445,0.02025,0.023711111,0.047425,0.029466666,0.042094447,0.035325,0.0442,0.045044445,0.0757875,0.0635,0.0792,0.2421,0.08216667,0.15833889,0.318325,0.09698333,0.19735,0.3043875,0.099,0.19308889,0.0467625,0.06185,0.06778889,0.0020875,0.00175,0.0019416666,0.1952,0.17518334,0.20468333,0.094675,0.11268334,0.12055556,0.350075,0.11881667,0.2258139,0.48421538,0.11368539,0.28443927
347,4,4281301.122393368,527644.4236893696,0.03485,0.0555,0.0545,0.03895,0.0674,0.06386316,0.06585,0.0947,0.09361579,0.058025,0.12363334,0.11473158,0.381175,0.21976668,0.27753684,0.235825,0.3335,0.3261579,0.117875,0.2588,0.23794736,0.00125,0.0038333333,0.0022105263,0.53134465,0.15848036,0.26209998,0.3728643,0.027175,0.056245454,0.05074091,0.03043125,0.06278182,0.05689394,0.0602375,0.08830909,0.08620909,0.048425,0.11918183,0.106134854,0.0901625,0.14396363,0.13742879,0.26814374,0.16976364,0.21071516,0.3573125,0.1887,0.25154394,0.35821876,0.19932728,0.25893182,0.06066875,0.09936363,0.08243333,0.0017,0.0033545457,0.0022954545,0.221725,0.32044545,0.31272727,0.10496875,0.24304546,0.21891059,0.3951125,0.21793635,0.28543788,0.52527404,0.13489196,0.25236416
348,4,4331059.185187337,501254.4277409599,0.019433333,0.0667,0.050041024,0.02335,0.08288333,0.06224103,0.046266664,0.10876666,0.08861795,0.03165,0.1431,0.11179744,0.45021665,0.23091668,0.2683564,0.17095,0.37151667,0.3106154,0.0703,0.27865,0.21984358,0.001,0.0039333333,0.0018461539,0.6856458,0.13944852,0.25470492,0.5461973,0.02148,0.0544875,0.048265625,0.0213,0.072825,0.0570625,0.04488,0.10095,0.08406562,0.031,0.14015,0.10844375,0.05958,0.1610125,0.1342125,0.27696002,0.1795,0.19713125,0.4331,0.1966375,0.2411,0.4312,0.2079125,0.24805,0.0751,0.098875,0.08414687,0.00334,0.0040125,0.002571875,0.1764,0.3532,0.3143375,0.072859995,0.2634,0.22032188,0.46907997,0.2260875,0.2734469,0.66451913,0.10969972,0.23139437
349,4,4342726.96011559,496844.2749475139,0.044742856,0.054866668,0.042,0.052857142,0.07098333,0.0531,0.08422857,0.09996667,0.0862125,0.07995714,0.13343334,0.099342495,0.44492856,0.22601667,0.35306498,0.31541428,0.32406667,0.2845725,0.18087143,0.25081667,0.1843975,0.0017,0.00415,0.002295,0.5574378,0.14968945,0.39856198,0.40774834,0.034185715,0.041857146,0.034870967,0.043857142,0.05897143,0.047229033,0.0751,0.08501429,0.07851613,0.073714286,0.12167142,0.094806455,0.114128575,0.14238572,0.13245808,0.28782856,0.16407143,0.24019033,0.36798573,0.18148571,0.2931258,0.36725715,0.19175714,0.3023,0.061657142,0.08767143,0.09484516,0.0020428572,0.0022714285,0.0018096775,0.28574285,0.3065143,0.28131613,0.16461428,0.23161428,0.18204516,0.40407145,0.20894285,0.33040646,0.4752433,0.118087344,0.3390782
350,4,4367150.454407631,430636.39781456784,0.040266667,0.045325,0.045561112,0.043633334,0.05665,0.056805555,0.0682,0.086075,0.08767778,0.06063333,0.099275,0.10272222,0.36726668,0.25335,0.3055889,0.27906668,0.291,0.3075,0.15576667,0.20265,0.20263334,0.0012333333,0.001425,0.0016055555,0.506736,0.25823605,0.32675692,0.24849993,0.0385875,0.077825,0.0479,0.0435875,0.092725,0.060397223,0.07265,0.123475,0.09041667,0.06895,0.1399875,0.10515,0.109425,0.181875,0.141675,0.2639,0.243525,0.22829722,0.3308875,0.26745,0.2676389,0.3340375,0.2746,0.276325,0.051425,0.098125,0.08152223,0.0015125,0.0023125,0.0018555556,0.29205,0.2654625,0.29860833,0.165025,0.1826875,0.19199722,0.3684,0.293975,0.3013889,0.4419547,0.20895165,0.2799383
351,4,4363437.1539832475,472191.498184425,0.027433334,0.0465,0.039673686,0.029033335,0.055225,0.04675263,0.050733335,0.074075,0.07106842,0.033966664,0.097575,0.08176842,0.38663334,0.197275,0.2648,0.18663333,0.290625,0.26784736,0.0837,0.213775,0.17367367,0.0010666667,0.0029,0.0015842104,0.60052764,0.17412353,0.31318623,0.42640412,0.026925,0.045575,0.039102778,0.0304,0.0523125,0.046186112,0.0551625,0.0717625,0.07100555,0.04415,0.0989125,0.08559167,0.0759875,0.1210625,0.11468055,0.2330375,0.1475625,0.1871861,0.3132375,0.16515,0.22408889,0.31195,0.177725,0.23339722,0.054925,0.0857125,0.07895,0.00265,0.00315,0.002525,0.2131125,0.301175,0.28191668,0.106425,0.2139125,0.18357222,0.3478625,0.1967375,0.2589528,0.47217384,0.1392334,0.2568178
352,4,4380841.834458366,429142.82182024216,0.031525,0.04605,0.042709526,0.0329,0.06115,0.054780953,0.059175,0.088575,0.085028574,0.036925,0.1158,0.10065714,0.42325,0.203225,0.28832856,0.203625,0.283975,0.2775762,0.0912,0.21255,0.18108095,0.00145,0.001775,0.0020714286,0.6388199,0.1475632,0.30667156,0.49125665,0.037233334,0.036157142,0.042138707,0.03655,0.04407143,0.052793548,0.06445,0.07054286,0.08157742,0.05471667,0.098228574,0.10692903,0.09171667,0.12767142,0.13520323,0.27581668,0.15161428,0.19831936,0.36173332,0.17065714,0.23429033,0.3646,0.1794,0.24292903,0.05748333,0.0834,0.078364514,0.0042333333,0.0020428572,0.0022580645,0.24783333,0.26187143,0.30233225,0.12903334,0.18448572,0.2006871,0.39928332,0.20222858,0.26948065,0.51788086,0.14339735,0.2267334
353,4,4315136.917130661,465694.514993049,0.0225625,0.04582857,0.0431275,0.0257,0.055185713,0.051005,0.0461625,0.07251429,0.07321,0.0327875,0.09145714,0.08568,0.3767875,0.18565714,0.24755,0.1639875,0.2559,0.2607075,0.0725875,0.18577142,0.1785175,0.0017625,0.0027142856,0.0017475,0.5908714,0.16759726,0.2784751,0.42327413,0.0216,0.045225,0.042977143,0.024980001,0.0473625,0.05074,0.04708,0.0646,0.07426857,0.032279998,0.0878875,0.09384572,0.058679998,0.112425,0.11936285,0.2449,0.1420625,0.17821142,0.35892,0.1561375,0.21226573,0.35376,0.1608,0.21884571,0.058159996,0.092725,0.08513714,0.0010800001,0.003375,0.0026171429,0.17551999,0.26345,0.28147715,0.074820004,0.1853375,0.19509429,0.39084,0.18295,0.24370286,0.56154424,0.13288417,0.21640141
354,4,4306662.19758198,533002.9818814422,0.0284,0.049133334,0.047926314,0.029933335,0.062033333,0.05815789,0.05373333,0.08556667,0.08456842,0.033766665,0.107266665,0.10303684,0.53363335,0.20833333,0.2738,0.22713332,0.27133334,0.28870526,0.0991,0.19613333,0.19261052,0.0012,0.0042,0.0019052632,0.77394396,0.1723777,0.28065947,0.60156626,0.02823684,0.086679995,0.050292425,0.027894735,0.085209996,0.05401818,0.053626318,0.10129,0.07970909,0.033942103,0.12115,0.09168485,0.0783,0.14086999,0.12429546,0.3306579,0.17036,0.2289303,0.4521579,0.18604,0.27969393,0.45245263,0.19091,0.28530607,0.07567895,0.07918,0.081375755,0.001831579,0.00547,0.0024969697,0.21473683,0.24697,0.2730894,0.09416842,0.17179,0.16866061,0.4924,0.20864,0.31256366,0.682096,0.11770501,0.32155523
355,4,4274597.1226827325,515705.0200289969,0.017433332,0.046766665,0.05053684,0.022766666,0.0581,0.061578948,0.046066664,0.080133334,0.08815789,0.029066665,0.10476666,0.10837368,0.4641,0.1831,0.2724842,0.16463333,0.2643667,0.29211053,0.0635,0.20886667,0.22218947,0.0010333332,0.0030666667,0.0025789475,0.70905,0.136513,0.26770288,0.572537,0.02283077,0.05239,0.04969836,0.025507692,0.059770003,0.05651475,0.0495,0.08266,0.08301475,0.043069232,0.114209995,0.1081,0.07179231,0.13445,0.13185902,0.24993846,0.15019,0.19460164,0.37647694,0.16804,0.24092132,0.3757077,0.18016,0.24864426,0.05973077,0.081590004,0.077008195,0.0016923076,0.00217,0.0018754099,0.19006923,0.29168,0.2975328,0.08989231,0.23029,0.22027048,0.41499227,0.19713001,0.2744623,0.5622411,0.11337352,0.23298477
356,4,4367603.462644647,547041.09947914,0.0321,0.066,0.05606842,0.035125,0.078,0.06756316,0.05895,0.1023,0.09837895,0.04485,0.1292,0.11992632,0.4963,0.2065,0.32886317,0.234675,0.3253,0.3200842,0.11785,0.243,0.21432105,0.00105,0.0021,0.0015736842,0.70365787,0.12742487,0.3230943,0.576233,0.033616666,0.1139,0.06606885,0.033166666,0.12773333,0.07943934,0.05948333,0.156075,0.11157869,0.045075,0.17841667,0.13530819,0.08743333,0.20733333,0.1680082,0.31489167,0.25714168,0.25189838,0.43195,0.2755083,0.29565737,0.43920836,0.28145832,0.30768362,0.069633335,0.11270834,0.09254262,0.001375,0.0031083333,0.0023016394,0.2394,0.28210834,0.32400656,0.1216,0.20665832,0.22091311,0.47659165,0.29713333,0.33401474,0.6367719,0.15067579,0.26398703
357,4,4262184.758179056,527969.0779017257,0.0601,0.046,0.047088236,0.07013333,0.05345,0.056635298,0.1034,0.0825,0.087970585,0.12553334,0.0926,0.10165883,0.32823333,0.2625,0.2802,0.37426668,0.2904,0.3028647,0.2902333,0.2179,0.21852353,0.0009,0.00185,0.0017764706,0.3109824,0.286077,0.29284772,0.024905413,0.0428875,0.0331,0.039050877,0.04723125,0.0408,0.04593684,0.07685625,0.0677,0.07467193,0.07815,0.07648889,0.08267719,0.1150875,0.11823334,0.11946492,0.262025,0.20222221,0.22191404,0.32926875,0.23021111,0.26516667,0.32735625,0.236,0.27051404,0.05306875,0.112055555,0.08781404,0.0015375,0.002788889,0.0017929825,0.296075,0.25384444,0.27725264,0.1903875,0.1697,0.18493508,0.361725,0.25364444,0.29463333,0.4112542,0.28091383,0.3196811
358,4,4368449.460170326,599494.9638432338,0.038283333,0.0441,0.038589474,0.042683333,0.053,0.045536842,0.06723333,0.0757,0.06877368,0.06005,0.0942,0.07316316,0.42656666,0.1809,0.29619473,0.21693332,0.257,0.22691579,0.10316666,0.1781,0.1311421,0.0012833333,0.0032,0.0019526315,0.5833701,0.15405335,0.37884504,0.42931676,0.042064287,0.074363634,0.04811017,0.05407857,0.08162727,0.056054235,0.08768571,0.10077273,0.081584744,0.0888,0.11462727,0.08899322,0.12617858,0.13734546,0.12054407,0.29612857,0.18732727,0.22036272,0.3741,0.20766364,0.26381186,0.3808357,0.21579091,0.2740729,0.06342143,0.094781816,0.087435596,0.0014071428,0.0020545453,0.0022508474,0.24914284,0.24289092,0.24512205,0.12741429,0.15751818,0.14328983,0.4122,0.23034546,0.294461,0.4580361,0.16963558,0.31102553
359,4,4300026.059704329,437699.79873909964,0.0263,0.043279998,0.032885715,0.033866666,0.055959996,0.04464762,0.0852,0.08016,0.077209525,0.05276667,0.10426,0.08606667,0.4187,0.18835999,0.27662382,0.22433333,0.28496,0.23728572,0.103133336,0.22146001,0.15048572,0.0011333333,0.0028600001,0.0016619047,0.5919948,0.14615065,0.3211961,0.44584417,0.032666665,0.04187143,0.035446156,0.0413,0.051057145,0.04513846,0.08566667,0.0762,0.07748077,0.07266667,0.10542858,0.093823075,0.12493334,0.1257,0.12798846,0.2787333,0.15225714,0.20178847,0.33066666,0.16914286,0.23464231,0.32513332,0.1773,0.24025,0.0529,0.090814285,0.089453846,0.0018,0.0023714285,0.0020461539,0.26866668,0.29204285,0.26138845,0.1486,0.21915716,0.17045385,0.3602,0.19515714,0.26418462,0.42090872,0.12562048,0.24980277
360,4,4387190.511280688,503605.2297527712,0.03287143,0.048433334,0.04653077,0.0368,0.05885,0.05635897,0.064,0.08098333,0.083487175,0.0498,0.103766665,0.10013846,0.37587145,0.18941666,0.25408462,0.21698572,0.27645,0.2824513,0.11711428,0.20728332,0.19893333,0.0028714284,0.0017166666,0.0020948716,0.5451272,0.14885746,0.2575355,0.39626974,0.032014284,0.04147143,0.042238887,0.0304,0.04962857,0.050363887,0.0581,0.06975714,0.07659444,0.045042858,0.09581429,0.09515833,0.08274286,0.11794286,0.12233611,0.24684285,0.13861428,0.18604721,0.32614285,0.15322858,0.21896668,0.32805714,0.1583,0.22404721,0.05654286,0.08182857,0.078830555,0.0024,0.0018714285,0.0019416666,0.21025716,0.26508573,0.2826,0.114128575,0.19501428,0.1989,0.3555,0.1803,0.25021112,0.49265802,0.11252569,0.22185083
361,4,4351250.702590293,529768.7999695422,0.0471,0.0466,0.04052857,0.05956667,0.0565,0.050548572,0.09356667,0.081375,0.07986857,0.10648334,0.09325,0.08612857,0.30866668,0.24085,0.2966343,0.32153332,0.275225,0.27816,0.19283333,0.186575,0.16775714,0.0012166667,0.001625,0.0017457143,0.32313624,0.2519373,0.35006273,0.07119894,0.04374,0.05181111,0.045084212,0.053659998,0.061077777,0.052924562,0.08556667,0.085144445,0.08172982,0.10232,0.1039,0.0928614,0.13844667,0.1368,0.13333508,0.21943332,0.18872222,0.22092456,0.25672,0.2121,0.25771227,0.2616,0.22308889,0.26859123,0.047620002,0.09025555,0.084126316,0.0018266666,0.0018,0.002177193,0.32760668,0.30481112,0.3017807,0.20191999,0.2066889,0.18786316,0.29176667,0.23886667,0.2914579,0.26420408,0.20236509,0.29456034
362,4,4382375.923633975,596060.1198929815,0.030320002,0.06885,0.05023,0.03082,0.0803,0.05959,0.05032,0.10505,0.084915005,0.0331,0.12855,0.097985,0.50206,0.2231,0.297055,0.21118,0.3667,0.30070502,0.09308,0.27805,0.20503502,0.0018799999,0.0029,0.00195,0.7413215,0.15433007,0.32480672,0.5869914,0.02985,0.05993333,0.0504322,0.032741666,0.074775,0.06467966,0.05748333,0.096425,0.09225932,0.043158334,0.12256666,0.111132205,0.08194167,0.1442,0.1408017,0.29288334,0.17084166,0.21454914,0.39355832,0.18750834,0.252639,0.3952917,0.19820833,0.2625695,0.07473333,0.09373333,0.09155424,0.0016666666,0.0032916667,0.0028084745,0.22971667,0.3528,0.33070168,0.11275,0.26019168,0.2272288,0.43031666,0.215375,0.2861,0.58733076,0.12671414,0.24756193
363,4,4399926.965845665,416044.7356399562,0.03145,0.051225,0.039729998,0.031825,0.05735,0.047879998,0.050175,0.07155,0.072615005,0.028725,0.082325,0.080405,0.624125,0.212975,0.32888502,0.22735,0.256175,0.25068998,0.09465,0.189325,0.15720999,0.001875,0.0014,0.001825,0.8791747,0.23155779,0.40818557,0.6476169,0.030988889,0.043325,0.037258822,0.029911112,0.0492625,0.043444116,0.05262222,0.068525,0.06919706,0.033322223,0.084825,0.07726177,0.07404444,0.1083,0.11195,0.3437333,0.165275,0.23605882,0.498,0.1907375,0.30064413,0.49634445,0.1988625,0.30715293,0.08877778,0.09515,0.09626177,0.0020555556,0.0027375,0.0021088235,0.2312889,0.2651625,0.2602353,0.1001,0.1902,0.16030589,0.54025555,0.21675,0.33429706,0.7343415,0.20328373,0.38505638
364,4,4288388.467754131,593278.1844204175,0.041242857,0.0543625,0.043627027,0.048942856,0.0704625,0.055654053,0.08305714,0.1018125,0.08716757,0.08657143,0.12815,0.10329459,0.3795857,0.231925,0.28343514,0.29358572,0.2782625,0.28542164,0.17775714,0.2049,0.19012973,0.0021571429,0.0028,0.0019027027,0.46148133,0.16852227,0.29408932,0.29295906,0.03444,0.0453,0.041004166,0.03574,0.05385,0.046016667,0.06632,0.0791,0.07554167,0.0607,0.10615,0.0922875,0.1078,0.1306,0.12904584,0.2885,0.16665,0.2164125,0.36716002,0.18965,0.25775418,0.36563998,0.19135,0.263525,0.05528,0.02605,0.073191665,0.0012,0.0014,0.0016333334,0.26962,0.30205,0.29383332,0.14184,0.20665,0.18566667,0.40448,0.2182,0.2929417,0.5044266,0.1472917,0.2882757
365,4,4319247.768345251,433172.0530659021,0.020133333,0.0537,0.049822725,0.0263,0.064675,0.06147273,0.050366666,0.0875,0.0894,0.036266666,0.110225,0.10900454,0.407,0.2297,0.27274546,0.18023334,0.3121,0.31348634,0.080466665,0.23185,0.22264546,0.0013666668,0.0035,0.0020045454,0.6203538,0.19989258,0.2667909,0.42046124,0.025966665,0.041357145,0.04079706,0.02805,0.05697143,0.053482354,0.05281667,0.0827,0.0803353,0.043116666,0.109314285,0.09908236,0.07328333,0.14138572,0.12731765,0.23473333,0.1883,0.19394706,0.3327,0.20678572,0.22899118,0.3361,0.2203,0.23937353,0.05863333,0.096757144,0.085052945,0.0014833333,0.0022142855,0.0021235293,0.20258334,0.31042856,0.29493532,0.098633334,0.21755715,0.20185588,0.36345,0.23387143,0.25931764,0.5088,0.18714024,0.23743218
366,4,4375777.611792271,509325.42488142883,0.021083333,0.05238333,0.04115,0.02625,0.06648333,0.051405884,0.05085,0.09015,0.076685295,0.0339,0.11508334,0.09094706,0.44395,0.18616666,0.24835882,0.1809,0.29691666,0.26102057,0.074433334,0.22338332,0.17818528,0.0011666667,0.0029166667,0.0018764705,0.6720765,0.121521026,0.26832187,0.55055547,0.022814285,0.041325,0.039121054,0.024457142,0.0524375,0.04536842,0.05022857,0.0754375,0.07106053,0.035657145,0.1066875,0.08736579,0.068885714,0.12515,0.11309736,0.26331428,0.1442625,0.18056579,0.38097143,0.1585125,0.21999212,0.37724283,0.16565,0.22462368,0.063,0.0799125,0.07258158,0.0023857143,0.0032,0.0023131578,0.18545714,0.274075,0.2652105,0.07907143,0.196525,0.17769736,0.41335714,0.1826125,0.24831052,0.5837794,0.10368308,0.23924167
367,4,4279904.407860299,641999.3528980371,0.033844445,0.031557143,0.0308,0.037722223,0.036814284,0.0362775,0.06386667,0.05191429,0.05986,0.056533333,0.06477143,0.06249,0.34866667,0.1653,0.25554752,0.2351,0.21558572,0.22258,0.13122222,0.14638571,0.1363475,0.0009888889,0.0016571429,0.0014975,0.49202344,0.1902867,0.34339076,0.30173674,0.03125,0.0234,0.027865384,0.03855,0.0313,0.035838462,0.0694625,0.0501,0.06428077,0.063675,0.0678,0.067276925,0.1062625,0.0875,0.10575,0.2626625,0.1228,0.21299231,0.3240625,0.1447,0.25382692,0.335625,0.1549,0.26608077,0.0626875,0.0283,0.07367692,0.0011375,0.0012,0.0014,0.2507625,0.2332,0.24143462,0.1396375,0.1449,0.14209616,0.360325,0.1739,0.28680387,0.45676863,0.16526008,0.34815678
368,4,4299292.85353728,439281.6910652324,0.0447,0.05511667,0.054168183,0.045733333,0.06576667,0.06532273,0.06883333,0.08513333,0.09093636,0.049966667,0.10845,0.11195909,0.47276664,0.17278333,0.2574182,0.2643667,0.29008332,0.30572274,0.12976666,0.23368332,0.22067273,0.0015333333,0.0026333334,0.0018318183,0.66365844,0.112230435,0.23828252,0.551428,0.03525,0.047375,0.046964284,0.041625,0.0640875,0.06301786,0.0698,0.08625,0.091110714,0.06845,0.114875,0.11773572,0.100925,0.1299125,0.13910714,0.268025,0.151325,0.19935,0.35535,0.1663375,0.23578572,0.359475,0.17745,0.24554643,0.059625,0.0839375,0.08748929,0.003925,0.002175,0.0024107143,0.26245,0.3078375,0.316525,0.1523,0.240625,0.22870715,0.388525,0.1892625,0.266675,0.47747993,0.10765405,0.20909904
369,4,4336222.990430276,535223.5477779307,0.0177,0.05153333,0.052029997,0.022633333,0.06976667,0.066534996,0.044666667,0.1051,0.10246,0.0274,0.1317,0.12641999,0.4621,0.2656,0.30899,0.1577,0.315,0.32222,0.060933333,0.22563332,0.22395,0.0011333333,0.0042,0.001995,0.71128905,0.21164204,0.28307217,0.49964702,0.020241177,0.0540375,0.045836065,0.024629412,0.070425,0.058063935,0.049688235,0.1035625,0.09163607,0.0403,0.139275,0.11529344,0.0688647,0.1703,0.14393605,0.24635881,0.2110625,0.22664917,0.36225882,0.233675,0.27749673,0.36155292,0.2436125,0.28410655,0.059858825,0.09695,0.08275246,0.0021588237,0.0018625,0.0022262295,0.17914706,0.3509875,0.3122246,0.08131765,0.2518375,0.21070984,0.39665294,0.26445,0.31035736,0.5507421,0.16531359,0.27039328
370,4,4281029.092555548,522970.3954570256,0.0377,0.05195,0.045325,0.040633336,0.0624,0.056825,0.063766666,0.089,0.0903625,0.0528,0.1056,0.10145625,0.5046,0.24895,0.32905626,0.254,0.28385,0.2812,0.13023333,0.20655,0.18339375,0.0011666667,0.002,0.00191875,0.692384,0.2385366,0.3618324,0.4538474,0.035,0.042725,0.040282756,0.038188234,0.0566875,0.051606897,0.06588823,0.0829625,0.08371034,0.051882356,0.1041625,0.091782756,0.09365294,0.140475,0.13491897,0.32019413,0.1957375,0.26084656,0.4362647,0.2142375,0.31622067,0.43728238,0.2199625,0.32305688,0.07010588,0.1020375,0.09118276,0.0016647058,0.0021125,0.00205,0.2416588,0.2776375,0.2761207,0.11871765,0.1963375,0.17085,0.47651178,0.241225,0.35093102,0.6169164,0.19694515,0.3746336
371,4,4346200.221722848,531636.161979815,0.04335,0.061,0.03737143,0.06623333,0.07485,0.050419047,0.11223334,0.0975,0.08035238,0.15173334,0.1259,0.09625238,0.2984,0.202,0.28122857,0.32485,0.3025,0.2496238,0.1951,0.2372,0.15602858,0.001,0.00175,0.0018047619,0.22054343,0.12648256,0.30579948,0.09406087,0.032518182,0.040711112,0.03136,0.04549091,0.05786667,0.040090907,0.084154546,0.0827,0.06839091,0.10674546,0.11532222,0.07785819,0.14718182,0.13403334,0.11438727,0.23696364,0.1560111,0.21931636,0.28024545,0.17312221,0.26704362,0.28447273,0.1835,0.2751,0.04839091,0.07655556,0.08469091,0.0014181818,0.0025333334,0.001750909,0.29193634,0.2949889,0.24921454,0.16424546,0.21752222,0.14941818,0.31928182,0.19937779,0.29964727,0.2883944,0.116720945,0.3372901
372,4,4395807.341397055,431567.57808486244,0.031925,0.031466667,0.026564999,0.032975,0.041566666,0.032904997,0.053475,0.0599,0.05697,0.037175,0.07686667,0.05658,0.374125,0.1526,0.264105,0.1912,0.2113,0.193575,0.090325,0.15153334,0.112830006,0.001425,0.0016,0.00165,0.57565033,0.1416021,0.3706076,0.43404824,0.0377125,0.042083334,0.035587877,0.035925,0.037383333,0.034430303,0.0608,0.05595,0.05793939,0.0529625,0.07865,0.06806061,0.08995,0.105683334,0.10230606,0.2605,0.12938334,0.18218182,0.3391625,0.14233334,0.21866365,0.3430375,0.1419,0.22174849,0.055325,0.08648333,0.0715,0.0042,0.0030833334,0.002539394,0.2334625,0.2533,0.2374879,0.1268,0.18073334,0.15037575,0.3744,0.16715,0.24976668,0.49327528,0.11883202,0.27739614
373,4,4269857.051643727,654920.4862406118,0.042579997,0.04696,0.039977275,0.04874,0.062159996,0.049404543,0.08412,0.09522,0.08404091,0.073740005,0.11811999,0.085768186,0.39886,0.27144,0.34786364,0.26538,0.3017,0.27130455,0.14651999,0.20371999,0.16073637,0.00158,0.0016200001,0.0014454545,0.5157897,0.2465066,0.4217259,0.2692831,0.040375,0.0349,0.039414816,0.042425,0.0418,0.044792593,0.0776,0.078,0.08051111,0.063675,0.0881,0.08174815,0.118275,0.1414,0.13298517,0.2972875,0.2418,0.26016295,0.3676625,0.2837,0.30867037,0.3662,0.2857,0.31335557,0.0716375,0.0368,0.08581111,0.0012875,0.0013,0.0017962963,0.2621625,0.2985,0.2815852,0.138325,0.1738,0.16614814,0.403975,0.318,0.3448148,0.497895,0.32996246,0.38357
374,4,4365998.799402137,506436.8859350537,0.02918,0.047757145,0.038773686,0.0383,0.06532857,0.053063158,0.077,0.09778571,0.091294736,0.066759996,0.1252,0.10091579,0.36066002,0.26102856,0.32388422,0.23361999,0.2824,0.2688421,0.116119996,0.18614286,0.15667894,0.0014,0.002942857,0.0019421052,0.4831072,0.21746367,0.3559335,0.26564354,0.029,0.0452,0.037148386,0.033257145,0.0611,0.048758067,0.07271429,0.09514,0.08689355,0.0602,0.128,0.09628065,0.11894286,0.16421999,0.14666773,0.26975715,0.21536002,0.25196454,0.32892856,0.23908001,0.29323226,0.33002856,0.25494,0.30335483,0.059342857,0.11884,0.09923548,0.0022285716,0.0025,0.0023483871,0.23677143,0.31196,0.2771387,0.11611428,0.20371999,0.15846774,0.36935714,0.27043998,0.3310387,0.45748898,0.20315081,0.33738002
375,4,4392024.898105467,457246.5284665762,0.0296,0.0372,0.034539998,0.03785,0.050233334,0.044366665,0.07025,0.0748,0.074640006,0.055,0.0957,0.07836667,0.3855,0.18186666,0.27155334,0.2221,0.2584333,0.23871332,0.11585,0.18573333,0.15306666,0.0016,0.0013333333,0.0015133333,0.54448104,0.15261035,0.3308822,0.39187068,0.0329,0.0442375,0.041944444,0.029383335,0.0339125,0.032702778,0.06398333,0.05465,0.060055554,0.04395,0.0798125,0.06706389,0.09711667,0.1065125,0.10835834,0.28121668,0.132625,0.19175,0.3487833,0.1479375,0.22385833,0.36295,0.14885,0.23014721,0.053116668,0.08145,0.073919445,0.0028833335,0.00225,0.0021888888,0.23008333,0.2597125,0.25356388,0.12175,0.18445,0.16371945,0.37665,0.1751875,0.25186944,0.543097,0.12876287,0.29308328
376,4,4256423.211355831,549142.2385944626,0.032666665,0.05206667,0.037494116,0.039033335,0.065,0.047294118,0.061533332,0.089833334,0.07758235,0.06493333,0.1075,0.08551177,0.29306668,0.20926668,0.29571766,0.2257,0.3110667,0.25735882,0.1217,0.2239,0.15631765,0.0009666667,0.0017333335,0.0014058824,0.39363015,0.173395,0.35012236,0.22023515,0.03711875,0.04673846,0.03652459,0.04400625,0.05976923,0.04554754,0.07414375,0.083253846,0.07542295,0.0739875,0.10292307,0.08233279,0.1103875,0.12854615,0.121265575,0.30695,0.168,0.23868032,0.395575,0.18526922,0.29001805,0.3989,0.19735384,0.30255902,0.06048125,0.08034615,0.08891639,0.0015,0.002123077,0.0019885246,0.28538126,0.30996925,0.2736918,0.1533,0.21654615,0.16287869,0.4358,0.21287693,0.32718688,0.51525325,0.16344638,0.36700514
377,4,4380883.701066258,589349.8065552453,0.0302,0.0462,0.034873683,0.033125,0.0525,0.041689474,0.057775,0.0713,0.06645263,0.048775,0.092,0.07567895,0.3966,0.18175,0.26383683,0.214625,0.28455,0.2479842,0.11015,0.20255,0.16013157,0.00115,0.002,0.002,0.57447684,0.15997647,0.32542768,0.41450036,0.0287,0.10496154,0.051866133,0.0334,0.124976926,0.06266129,0.060791668,0.14575385,0.08852097,0.055716667,0.17249231,0.10534032,0.08998333,0.18744616,0.13199194,0.25553334,0.2092,0.20456451,0.33783332,0.22518462,0.24152419,0.33930832,0.23968463,0.25157258,0.06370833,0.08933847,0.07866613,0.0018666666,0.0031384614,0.0022919355,0.22608332,0.2595,0.2693516,0.119475,0.1853077,0.17982581,0.37585,0.25033846,0.27393547,0.4813072,0.10158083,0.24300934
378,4,4316268.533334025,447585.9432218273,0.04358,0.03155,0.031645,0.058140002,0.0384,0.041515,0.092640005,0.059975,0.07054,0.11136,0.0587,0.076285,0.34322,0.299675,0.354065,0.31882,0.19455,0.22517,0.18206,0.1173,0.12519,0.00198,0.00285,0.001775,0.35992286,0.4181982,0.45177796,-0.058275342,0.0355,0.0331125,0.030348148,0.0462,0.0368625,0.037122224,0.083825,0.0603875,0.066355556,0.1075,0.0687,0.07801111,0.143175,0.1028,0.11524814,0.2512,0.204375,0.22971112,0.303275,0.247,0.2865963,0.29685,0.2472375,0.28739262,0.038225,0.1184,0.108333334,0.002175,0.002225,0.002125926,0.33865,0.221575,0.23998518,0.189225,0.1377125,0.13917407,0.3439,0.270375,0.31998518,0.3044506,0.31608117,0.35497555
379,4,4375691.072732687,490061.6365499144,0.029085714,0.050633334,0.034686487,0.0315,0.05468333,0.04146216,0.0574,0.069,0.06681351,0.043114286,0.07555,0.070308104,0.4071,0.16776666,0.2635,0.1989,0.16741666,0.2099054,0.09291429,0.118,0.12755136,0.0013571428,0.0016833334,0.0015891892,0.60239625,0.17088722,0.33721995,0.43150902,0.027142856,0.033375,0.03302973,0.0306,0.03685,0.041502703,0.06188571,0.0536125,0.06958378,0.044242855,0.06405,0.075832434,0.08682857,0.0989,0.11735405,0.28622857,0.1483875,0.21262431,0.3635857,0.16485,0.24812163,0.3710143,0.1737,0.26241082,0.07154286,0.07835,0.0834,0.0018714285,0.0020875,0.002172973,0.21872856,0.1932375,0.23436216,0.105714284,0.1302125,0.14383513,0.39827144,0.1834375,0.27847028,0.55302614,0.20650963,0.32293215
380,4,4334874.197181635,486535.3051934154,0.01774,0.052657142,0.04273421,0.021160001,0.06445714,0.05333421,0.04088,0.08631429,0.07726053,0.0272,0.10688572,0.09286579,0.4468,0.20942856,0.24968684,0.14444,0.28992856,0.2704763,0.059720002,0.22561428,0.19811052,0.00124,0.0031428572,0.0019236841,0.6937463,0.17487389,0.26623794,0.51887244,0.019116668,0.0449,0.041818183,0.019166667,0.05424286,0.05109697,0.038066667,0.07654286,0.076633334,0.0239,0.0972,0.09470909,0.043966666,0.12282857,0.11697879,0.25553334,0.16842857,0.19222121,0.42715,0.18558572,0.24125454,0.42503336,0.19987142,0.2512697,0.06796667,0.08874286,0.07825151,0.0012666667,0.0022428571,0.0021363636,0.1497,0.26697144,0.27253637,0.05585,0.19892858,0.19336364,0.45703334,0.20951428,0.27060908,0.6764961,0.17910078,0.26471597
381,4,4356659.348814635,545297.8549603758,0.061359998,0.06283333,0.05286,0.0701,0.0838,0.065955,0.09878,0.1168,0.097215004,0.11688001,0.15786666,0.123569995,0.31052,0.24126667,0.297735,0.37748,0.34503332,0.32714498,0.25108,0.25773332,0.22001001,0.00114,0.0045666667,0.002595,0.3042679,0.12869208,0.27310526,0.17557584,0.039929997,0.04842222,0.040244002,0.04582,0.072177775,0.052926,0.07522,0.10432222,0.086254,0.08614,0.15257779,0.111807995,0.1216,0.17203334,0.14821999,0.25822,0.19,0.235792,0.32876998,0.20993333,0.282442,0.3341,0.22332221,0.294754,0.057590004,0.09053333,0.095136,0.0019299999,0.0021888888,0.0018979999,0.31088,0.33984444,0.307778,0.18724,0.24746667,0.198348,0.37184,0.242,0.324102,0.40231404,0.11126774,0.2926025
382,4,4333721.560131681,496857.23886798345,0.023585714,0.05045,0.0412275,0.028385716,0.06418333,0.0531375,0.05268571,0.0894,0.082075,0.040785715,0.11891666,0.101142496,0.4139143,0.21598333,0.2801175,0.18754286,0.3045833,0.28185,0.090085715,0.22155,0.19094001,0.0024285715,0.003616667,0.0022175,0.61702704,0.16162872,0.29381403,0.45539832,0.026357144,0.0347,0.038232256,0.024514286,0.047933333,0.044858065,0.048628572,0.07418333,0.07389677,0.033642855,0.1141,0.09532259,0.06765714,0.12983334,0.121112905,0.266,0.15375,0.2031129,0.38775715,0.17608334,0.25265482,0.3874,0.19568333,0.26356775,0.064657144,0.0771,0.08374194,0.002657143,0.0019166666,0.0022870968,0.18492858,0.30233333,0.28003547,0.081614286,0.21453333,0.18527097,0.42152858,0.21098332,0.28854838,0.6023888,0.13879216,0.28184754
383,4,4313355.857434012,487568.3855147586,0.026885714,0.03226,0.02703158,0.0327,0.040039998,0.034194734,0.059342857,0.0571,0.057557892,0.05177143,0.0752,0.06204211,0.3479,0.17708,0.25321317,0.2107,0.23886001,0.21729472,0.10302857,0.15794,0.124460526,0.0016428572,0.0030200002,0.0019236841,0.50288403,0.18761602,0.3408621,0.315268,0.01792,0.023185715,0.021406667,0.02676,0.030528571,0.0291,0.0547,0.0465,0.051706664,0.05198,0.06911429,0.062866665,0.08768,0.08711429,0.09252667,0.2434,0.114628576,0.17105666,0.31028,0.13327143,0.20626667,0.30142,0.15228572,0.21578333,0.0612,0.064742856,0.07568666,0.00272,0.0019142857,0.0021533333,0.2109,0.22551428,0.22205667,0.10154,0.14755714,0.12969333,0.34794,0.16451429,0.24160667,0.4372544,0.15774153,0.2797263
384,4,4397815.976025504,553487.3513212509,0.034760002,0.051966667,0.04832857,0.039839998,0.067833334,0.06067619,0.06362,0.09556667,0.08793333,0.053759996,0.1216,0.10750952,0.42272002,0.185,0.26255238,0.22908,0.29553333,0.29269525,0.1275,0.22656667,0.21122856,0.00104,0.0021,0.0017142857,0.594428,0.10732374,0.25490823,0.48710427,0.0333,0.16102307,0.06991017,0.0392,0.18107693,0.0848356,0.068566665,0.20783845,0.11405593,0.06293333,0.24113075,0.1374949,0.094925,0.2588923,0.1620051,0.25819167,0.27534613,0.22272034,0.35108334,0.28652307,0.25851017,0.352225,0.29227692,0.266061,0.06335833,0.1298,0.0907356,0.0022583334,0.0035461541,0.0025423728,0.24335,0.30363846,0.30615255,0.145775,0.23435386,0.22187458,0.38511667,0.30888462,0.2892932,0.48110557,0.06834102,0.20138183
385,4,4363538.022222833,576107.8642356055,0.033166666,0.05805,0.05430476,0.0338,0.07255,0.06551905,0.0529,0.1022,0.09245714,0.034966666,0.1287,0.11108096,0.53325,0.19915,0.32190475,0.22878332,0.31675,0.31303808,0.09995,0.24745,0.21568096,0.00135,0.00595,0.0021857144,0.77030134,0.116791435,0.33179718,0.6535099,0.03112857,0.19292307,0.08365614,0.030214285,0.18948463,0.08939474,0.05272143,0.20288461,0.11439298,0.03705,0.22573076,0.13225964,0.075085714,0.2391,0.15924913,0.3240357,0.24973077,0.2461544,0.45185,0.25912306,0.29311928,0.45193568,0.26056924,0.2997614,0.07427143,0.108784616,0.0902,0.0017071428,0.0023076923,0.0021350877,0.23405716,0.25251538,0.302193,0.1055,0.19803077,0.2073544,0.49320713,0.2762,0.32642457,0.67314166,0.048324414,0.25894043
386,4,4308517.871821688,601798.1003763279,0.04915,0.07238571,0.050525714,0.055925,0.085114285,0.06117143,0.087175,0.11355714,0.09119429,0.091525,0.13875714,0.10680571,0.368575,0.2252,0.2789543,0.3034,0.24365716,0.27424857,0.186125,0.17952858,0.1799657,0.0009,0.0028857144,0.0018200001,0.43609732,0.13868871,0.2803197,0.2974086,0.0493,0.046,0.044476002,0.05288,0.0622,0.05412,0.08472,0.0854,0.08636,0.0853,0.1078,0.102571994,0.12341999,0.1243,0.138104,0.29312,0.1609,0.227712,0.36662,0.1802,0.267644,0.36802,0.187,0.277428,0.0608,0.0267,0.076244,0.00126,0.0013,0.001664,0.30892,0.2937,0.302252,0.18176,0.1961,0.19054,0.40491998,0.2038,0.30468002,0.44940674,0.13695599,0.28691244
387,4,4393417.152587514,549561.7168017756,0.02302,0.0502,0.040933333,0.0295,0.06686,0.0523375,0.06842,0.09734,0.085208334,0.04324,0.12844001,0.09668333,0.44553998,0.21413998,0.2841,0.19172,0.2951,0.2663,0.0871,0.2124,0.17405833,0.00112,0.00394,0.0025375,0.6491574,0.14073206,0.3090359,0.50842535,0.02332,0.14866923,0.06284445,0.029860001,0.16146153,0.07344445,0.06872,0.18630768,0.103711106,0.04512,0.21765386,0.11776666,0.10619,0.23637693,0.15311483,0.3188,0.2552,0.23000556,0.38747,0.26786923,0.26064444,0.38739,0.2731,0.26769075,0.07391,0.12257693,0.090911105,0.00292,0.0031,0.0024666665,0.19848001,0.25467694,0.26117778,0.09575,0.18585384,0.17287222,0.42067003,0.2892077,0.29080558,0.57209843,0.07720285,0.24176146
388,4,4359545.429006285,577404.1964870783,0.044779997,0.0538,0.057344444,0.04854,0.0672,0.0702,0.07446,0.091,0.09961111,0.0681,0.12,0.124727786,0.4942,0.1929,0.31457222,0.29542,0.2981,0.33098888,0.16555999,0.2328,0.22809443,0.0014399999,0.0037,0.0017277779,0.64263046,0.12306706,0.29407367,0.5195634,0.042320002,0.16737273,0.07546949,0.0429,0.17298183,0.08505593,0.0695,0.19173637,0.1137,0.059926666,0.21949092,0.13664746,0.10064667,0.23390909,0.16540848,0.33978668,0.24592727,0.25868645,0.46058,0.25530908,0.30951187,0.46078,0.25813636,0.3175068,0.07806,0.11278182,0.094035596,0.0022666666,0.0031818182,0.0024830508,0.28193334,0.27239093,0.32168645,0.15116666,0.21609092,0.21850169,0.50066,0.27340907,0.3448644,0.6245363,0.054127865,0.27478525
389,4,4310198.433191489,520454.46665738174,0.042157143,0.044239998,0.041539393,0.053957142,0.05458,0.050145455,0.08628571,0.07916,0.07904243,0.102471426,0.09844,0.08991515,0.3065143,0.22151999,0.28273332,0.29735714,0.26393998,0.2580303,0.1815,0.18438001,0.16677576,0.0010428572,0.0029,0.0015424242,0.32858294,0.21107493,0.32167894,0.11750801,0.0421875,0.0421,0.039408334,0.05191875,0.050275,0.047213335,0.0803,0.0703875,0.07445166,0.0940625,0.09355,0.08398666,0.1218125,0.115475,0.11940666,0.2203,0.1458125,0.21070334,0.268175,0.1658375,0.25060833,0.2688375,0.1809,0.259575,0.05026875,0.08275,0.08191166,0.00195,0.0034875,0.0020583335,0.2889625,0.258375,0.25450832,0.17598125,0.177175,0.160275,0.30476874,0.196275,0.28413668,0.29234654,0.15538059,0.30042976
390,4,4302024.041431752,540821.0791299286,0.035,0.0266,0.030242106,0.052975,0.0343,0.040810525,0.0938,0.0538,0.0715,0.12245,0.0814,0.08289474,0.2913,0.1329,0.29610527,0.327575,0.2107,0.24892631,0.20195,0.1616,0.15675789,0.0011,0.002,0.0020421052,0.2662947,0.09693132,0.35652682,0.16936336,0.028239999,0.07193333,0.035470176,0.036973335,0.0599,0.040264912,0.0713,0.08432222,0.07112632,0.07841334,0.1153,0.08334386,0.11033334,0.13644445,0.116229825,0.24418001,0.15563333,0.21786667,0.31969333,0.1715889,0.27244562,0.32024,0.1723889,0.278407,0.048033334,0.06206667,0.08414912,0.0017,0.002711111,0.0019421052,0.27177334,0.23926668,0.2528,0.14990667,0.18403333,0.1578386,0.35247335,0.19282222,0.30443156,0.40079144,0.09848967,0.32984793
391,4,4208235.066069386,687767.9044644391,0.029816665,0.040366665,0.036734782,0.0318,0.057583332,0.047534782,0.056933332,0.08701667,0.07544783,0.03575,0.11335,0.0866,0.5186,0.19505,0.29049566,0.22405,0.2805333,0.26358697,0.099,0.20146666,0.16766956,0.00125,0.0014,0.0014826087,0.75238407,0.13922118,0.34020358,0.6131629,0.0272,0.0388,0.03836923,0.02904,0.05326,0.04767692,0.05738,0.07972,0.07582692,0.04482,0.112440005,0.09430385,0.089540005,0.12994,0.12383846,0.26858002,0.15234001,0.18698077,0.34652,0.16748,0.21720386,0.34826002,0.17466,0.22411154,0.07114,0.04952,0.07235385,0.00126,0.0014,0.0021307692,0.21486,0.29802,0.27982694,0.11036,0.21314,0.18836154,0.38494,0.19296,0.24737693,0.52107805,0.10768311,0.22373837
392,4,4333477.587554424,545282.6514384199,0.024,0.06645,0.053233333,0.02725,0.08325,0.06628333,0.04905,0.11875,0.09883889,0.0324,0.15585,0.12193334,0.45585,0.2609,0.29048333,0.1781,0.37875,0.32399443,0.0743,0.2938,0.2307,0.001,0.00185,0.0015833332,0.69028306,0.16063279,0.26616687,0.5296503,0.019907143,0.0464,0.04006552,0.023871427,0.0660875,0.054520693,0.050292857,0.0960375,0.085182756,0.03725,0.130125,0.104205176,0.07025714,0.1525625,0.13431723,0.25122145,0.176875,0.21284656,0.36287144,0.1961375,0.25909656,0.36617857,0.2101375,0.26908964,0.06065,0.085675,0.07984655,0.0018571428,0.0030125,0.0020775863,0.18913572,0.3317625,0.29768965,0.08488571,0.2540125,0.20298792,0.3986643,0.227825,0.29269826,0.5649447,0.1313888,0.27133754
393,4,4297622.836876263,587665.8393362752,0.053233333,0.0487,0.04086,0.0643,0.0571,0.049,0.09613333,0.0771,0.07588667,0.11483334,0.0966,0.08584,0.31756666,0.2017,0.26058,0.31216666,0.2187,0.25255334,0.20126666,0.1569,0.1621,0.0009333333,0.0031,0.0014933334,0.31812948,0.18328753,0.29786664,0.13484195,0.046442855,0.046066664,0.045133334,0.05057143,0.05166667,0.050922222,0.07782857,0.06756667,0.07673333,0.07987143,0.09053333,0.085018516,0.115028575,0.1049,0.120025925,0.2587143,0.12973334,0.21545185,0.32701427,0.14693333,0.25995925,0.3327143,0.15516666,0.27084443,0.05871429,0.0281,0.073562965,0.0019,0.0013666668,0.0020407408,0.27662855,0.23343332,0.26864076,0.15748572,0.15666667,0.1633889,0.3626857,0.1717,0.29296297,0.41465807,0.11773376,0.31498292
394,4,4324929.853905475,438657.31623193895,0.03302,0.049375,0.03651304,0.034020003,0.05635,0.042886958,0.053840004,0.071775,0.065782614,0.0361,0.090325,0.0675087,0.44652003,0.188575,0.30569565,0.19364001,0.252125,0.2240739,0.08442,0.18015,0.13376957,0.0012,0.003275,0.0015869566,0.66923875,0.17477791,0.4057101,0.49446082,0.030520001,0.0465,0.03949643,0.02552,0.044228572,0.03577857,0.0518,0.06288571,0.060075,0.04154,0.08278571,0.06795357,0.08218,0.10781428,0.10396786,0.25981998,0.14134286,0.19280358,0.33808002,0.15854286,0.23039284,0.33716002,0.16072857,0.23178215,0.052959997,0.0993,0.09231071,0.00232,0.0022428571,0.0019785715,0.20641999,0.2488,0.23745357,0.10356,0.1736,0.15032142,0.37508002,0.18377142,0.26281428,0.5143522,0.14333904,0.29362682
395,4,4357271.9281373285,472598.15296397824,0.0249,0.05315,0.052257575,0.028316665,0.0639,0.06296061,0.047333334,0.08745,0.08962727,0.033566665,0.11155,0.11139394,0.4579,0.20658332,0.2791121,0.17633334,0.30811667,0.30989394,0.07875,0.24206668,0.23095757,0.0016666666,0.0032833333,0.0022575757,0.68954235,0.16114953,0.27113283,0.5283928,0.017475,0.042975,0.044654544,0.020225,0.058075,0.05921515,0.04095,0.0864875,0.088730305,0.027725,0.117925,0.11734546,0.0503,0.143525,0.14094849,0.2403,0.1768125,0.19403636,0.382675,0.1947375,0.23015454,0.381825,0.2049125,0.2406697,0.0615,0.09375,0.08412121,0.002325,0.0028625,0.0023848484,0.162775,0.3203625,0.3177606,0.06705,0.2339875,0.22973332,0.411875,0.221625,0.26184243,0.6112064,0.14615498,0.20252962
396,4,4344028.596682516,525902.5628105286,0.021877777,0.04814,0.048023686,0.027366666,0.06184,0.05987105,0.05152222,0.08738,0.08799211,0.039366666,0.1139,0.10708158,0.43611112,0.18904,0.27683157,0.18264444,0.29156002,0.29751053,0.0832,0.23676,0.22081843,0.0015222222,0.0025799999,0.0018631578,0.6480249,0.12845324,0.27667716,0.51957166,0.021484615,0.12553,0.065322034,0.025853844,0.13664,0.07540847,0.052723076,0.16368,0.10567797,0.043346155,0.19859,0.1310322,0.07375385,0.21762,0.15514746,0.25556156,0.23356001,0.21835932,0.37306154,0.24881999,0.26162714,0.36758462,0.25926,0.26793727,0.06982308,0.13494,0.09311695,0.0017153847,0.0026200002,0.002061017,0.1907,0.30872,0.32297286,0.08947692,0.25019,0.24391186,0.40809232,0.27513,0.2940102,0.5508206,0.08737665,0.21629141
397,4,4262530.452406025,530252.3290466915,0.045575,0.05105,0.049821053,0.04695,0.0637,0.05812632,0.07285,0.0906,0.08628421,0.054475,0.11055,0.09563158,0.56755,0.2486,0.33992633,0.30965,0.30565,0.30488947,0.167,0.2174,0.19538422,0.00145,0.00205,0.0017368422,0.75528175,0.2279678,0.38914266,0.52731395,0.041405883,0.04406,0.046133336,0.039852943,0.0545,0.05322,0.06434117,0.07924,0.080128334,0.045752943,0.10072,0.09032667,0.09128823,0.13836,0.12700333,0.36568236,0.18973,0.25276166,0.5055294,0.21401002,0.31574667,0.50374115,0.22638,0.32480666,0.075270586,0.09883,0.089778334,0.0018705883,0.0022,0.0020766666,0.2815412,0.28337,0.29980165,0.13566472,0.18963,0.18596666,0.55112356,0.24763,0.35521334,0.70959795,0.2139829,0.38025656
398,4,4345089.320499236,491589.5598520482,0.029357145,0.05306,0.048166666,0.035628572,0.0655,0.06123939,0.06545714,0.0851,0.09072121,0.0509,0.11358,0.11137273,0.4932,0.18594,0.30678484,0.27674285,0.30541998,0.3152788,0.15051427,0.24938,0.22466059,0.0012,0.0033,0.0019333333,0.68452233,0.1240288,0.31035936,0.5604935,0.025066666,0.041485716,0.037776668,0.026216665,0.054985713,0.05281,0.05326667,0.07527143,0.08201,0.046483334,0.104671426,0.105973326,0.0816,0.114671424,0.12923001,0.28765,0.12767142,0.21283667,0.39071667,0.14267142,0.25781333,0.3988833,0.15648572,0.27371332,0.05871667,0.07305714,0.079273336,0.0011666667,0.0020714286,0.0016333334,0.25438333,0.2806143,0.30311,0.14,0.22035715,0.21258332,0.42445,0.16625714,0.29275334,0.5832724,0.0920196,0.27443483
399,4,4308110.42279426,601512.4433147516,0.0541,0.067377776,0.052644446,0.06285,0.0823,0.06381667,0.098075,0.1109,0.095288895,0.1085,0.137,0.11326111,0.373975,0.22434443,0.2820389,0.33745,0.27725556,0.2958722,0.215075,0.20533332,0.19833334,0.000925,0.0026666666,0.0019027778,0.40608034,0.1405929,0.27154505,0.26548743,0.055759996,0.0509,0.047296,0.06206,0.06655,0.057196002,0.09686,0.09295,0.089871995,0.11094,0.12115,0.109271996,0.14514,0.1383,0.143532,0.2909,0.17035,0.226844,0.3578,0.19285,0.265412,0.36523998,0.19795,0.27771598,0.049820002,0.0269,0.068856,0.0014,0.00145,0.0018040001,0.3543,0.3266,0.319336,0.2216,0.228,0.20559199,0.4007,0.2185,0.301144,0.389673,0.12897071,0.27345356
400,5,4242451.757482737,700625.1754483486,0.0456,0.0588,0.051976472,0.0569,0.07006,0.0631647,0.0877,0.096140005,0.093205884,0.08696667,0.1205,0.10773529,0.33206668,0.22483999,0.26761764,0.24266668,0.2655,0.25991178,0.14123334,0.18848,0.17152941,0.0014666667,0.0016600001,0.0014647058,0.39768648,0.17228736,0.26189914,0.22539912,0.0328875,0.1652,0.049035713,0.043775,0.19426666,0.06470357,0.076775,0.21733333,0.09506786,0.0774,0.248,0.10828928,0.1216875,0.2737,0.14455,0.2508875,0.30283332,0.22500715,0.3028875,0.32023332,0.25915715,0.3084375,0.32213333,0.26704285,0.063175,0.14303334,0.08064286,0.0010625,0.0031,0.0016857143,0.2546,0.2142,0.255625,0.155825,0.15753333,0.16698572,0.33435,0.3419667,0.28896073,0.38655785,0.09666203,0.2599216
401,5,4262701.954805166,609301.5830620648,0.024533333,0.04017143,0.03677,0.029188888,0.055228572,0.047225,0.052455556,0.09095714,0.078022495,0.042822223,0.111428574,0.088975,0.39447778,0.26834285,0.29388002,0.19835556,0.28345716,0.26788,0.0954,0.19442858,0.169945,0.0013,0.0015857143,0.0017149999,0.58716863,0.25543237,0.33982733,0.33173627,0.026779998,0.0418,0.036989655,0.0299,0.048675,0.0474,0.05582,0.073875,0.07884138,0.04804,0.095275,0.09646551,0.08066,0.125125,0.13341033,0.2358,0.17545,0.21171379,0.3224,0.1973,0.24952067,0.32186002,0.2048,0.2586862,0.0726,0.060625,0.07934483,0.0016200001,0.001475,0.0021344828,0.21293999,0.278725,0.28818965,0.10792,0.195825,0.1846931,0.35683998,0.228425,0.28431723,0.47632274,0.19101508,0.27214524
402,5,4364759.457274535,421653.8755590749,0.02575,0.0354,0.03437222,0.0312,0.04275,0.041927777,0.06245,0.058725,0.06725556,0.04935,0.07545,0.07677222,0.3456,0.143075,0.2220389,0.21505,0.218975,0.23270556,0.1076,0.1611,0.15404445,0.00145,0.001375,0.0018166666,0.50587755,0.12767576,0.25824413,0.37820178,0.023171429,0.0313375,0.029008823,0.029485716,0.0371375,0.034591176,0.06471429,0.055875,0.059811767,0.05185714,0.0791375,0.070985295,0.10111429,0.0947375,0.10030883,0.26305714,0.1141875,0.17013529,0.31782857,0.126075,0.1975,0.31395715,0.1304125,0.19822353,0.05205714,0.066775,0.06973235,0.0033857143,0.003125,0.0024794117,0.2162,0.233425,0.23428823,0.111271426,0.170175,0.15159118,0.34728572,0.1455,0.22357354,0.45553634,0.09708656,0.2324261
403,5,4283384.516546414,674715.4017148552,0.05564,0.0393,0.04656087,0.06966,0.04916,0.058508698,0.1072,0.07608,0.091930434,0.12898001,0.100940004,0.110373914,0.31622,0.2367,0.29006088,0.38694,0.26392,0.3163565,0.2646,0.17342,0.21138696,0.00158,0.0016200001,0.001652174,0.28792474,0.2294862,0.28889352,0.05843854,0.0344,0.0331,0.03315652,0.0702,0.0506,0.06362609,0.1068,0.076,0.09786957,0.13318,0.1004,0.12134348,0.16098,0.1312,0.15382609,0.23698,0.1848,0.22496955,0.2777,0.2187,0.26010436,0.2839,0.2424,0.27651304,0.077,0.0332,0.07889565,0.0013,0.0012,0.0018608696,0.37392,0.2696,0.32780868,0.25838,0.163,0.2200348,0.31783998,0.2602,0.29981303,0.23498125,0.23932154,0.24744189
404,5,4208066.065883942,609820.3693444312,0.0831,0.0858625,0.08778056,0.09881429,0.1012125,0.10483611,0.14834286,0.13225,0.14713055,0.17215714,0.15875,0.174,0.36142856,0.2422,0.30254722,0.36325714,0.2711875,0.33483055,0.26015717,0.200075,0.25148612,0.0015,0.002175,0.0020944444,0.2666387,0.128527,0.18682589,0.1381117,0.06877143,0.11495,0.07626429,0.07621429,0.14901666,0.09851786,0.12494286,0.18603334,0.14233214,0.15017143,0.21491668,0.17320713,0.19524285,0.23391667,0.20791072,0.28157145,0.26103333,0.2604607,0.31937143,0.27541667,0.28670716,0.31172857,0.28166667,0.28741786,0.05162857,0.10723334,0.08779643,0.0012142857,0.0023166665,0.0019107143,0.3631,0.23553333,0.33307856,0.26312858,0.17915,0.25185356,0.34994283,0.30006668,0.31521785,0.24154249,0.09283898,0.16764976
405,5,4381607.278324723,431257.4498018137,0.023925,0.032575,0.02693684,0.02615,0.040175,0.032326315,0.052325,0.0562,0.05494211,0.03135,0.070625,0.052357893,0.410425,0.15295,0.26066315,0.1804,0.206625,0.19546843,0.07505,0.141525,0.109247364,0.001375,0.0013,0.0013526316,0.6378877,0.15562971,0.37564373,0.48225802,0.022866666,0.0317875,0.026929412,0.02595,0.03945,0.03310294,0.054933332,0.0599,0.057435296,0.035,0.082375,0.06445294,0.08,0.1010125,0.095241174,0.2738833,0.1292125,0.17871471,0.34868333,0.1459875,0.21225293,0.34921667,0.1611375,0.22455,0.06118333,0.0843625,0.078232355,0.0019333333,0.00225,0.0019029411,0.19201666,0.232975,0.2219353,0.08098333,0.1533125,0.12699117,0.38531667,0.1718625,0.24395,0.5480969,0.14490789,0.29019135
406,5,4202964.808404425,539606.3384819023,0.026533334,0.038425,0.037477776,0.0293,0.04515,0.044033334,0.0693,0.060325,0.07052223,0.036433335,0.081625,0.07691111,0.52886665,0.163025,0.2865,0.22043332,0.259625,0.2769,0.09463333,0.1955,0.1820889,0.001,0.003375,0.0019111111,0.7616644,0.14975074,0.3561804,0.6119137,0.0257,0.029991666,0.03333684,0.0296625,0.035891667,0.040745616,0.0647375,0.050683334,0.06493333,0.0374625,0.07474167,0.07675614,0.098825,0.091466665,0.110194735,0.33855,0.10845,0.18988772,0.4290375,0.1245,0.22436668,0.42985,0.13346666,0.23527193,0.0631,0.064025,0.08081579,0.0010125,0.0025083334,0.002085965,0.2266125,0.2442,0.27571228,0.0991875,0.17544167,0.17845614,0.472825,0.15255,0.26105964,0.6454761,0.1118276,0.27917802
407,5,4368145.011518072,608632.4974441575,0.02105,0.032583334,0.028696429,0.02415,0.036133334,0.032796428,0.055316668,0.045516666,0.05230714,0.032133333,0.058366667,0.05466786,0.39015,0.11001666,0.21699643,0.17563334,0.18383333,0.196275,0.0724,0.123833336,0.11396428,0.0014,0.00275,0.0017714285,0.6100048,0.103291996,0.30100995,0.5067128,0.022275,0.1137,0.044662964,0.0244375,0.12582,0.050255556,0.0585,0.13656,0.07488519,0.0306875,0.1567,0.073603705,0.0897375,0.17016,0.11168148,0.3013,0.18148,0.2145926,0.3733,0.19684,0.25372222,0.3738625,0.1982,0.25867036,0.0616375,0.08486,0.073340744,0.001075,0.0018200001,0.0017814816,0.187525,0.20194,0.2164074,0.07605,0.1351,0.119488895,0.405675,0.21494,0.2825926,0.5926978,0.06590314,0.32234406
408,5,4222039.982638966,638995.4365369742,0.0154,0.0118,0.013990476,0.0201,0.015883332,0.018142857,0.04575,0.027383335,0.036404762,0.03,0.028183334,0.029461905,0.2344,0.17703333,0.19695714,0.1287,0.09685,0.1142,0.0595,0.049983334,0.05776667,0.00115,0.0013666668,0.0014523809,0.39115128,0.298974,0.33032218,0.09217727,0.021733332,0.01368,0.018460868,0.020633332,0.01182,0.017504347,0.046633333,0.025239998,0.03704348,0.029266665,0.02918,0.032547828,0.0717,0.05962,0.0666087,0.18736666,0.13148001,0.14706087,0.22583333,0.15268001,0.17334348,0.22683333,0.15836,0.17823477,0.044966664,0.054859996,0.057673912,0.0009333333,0.00118,0.0012478261,0.14366667,0.10988001,0.13278694,0.067,0.058040004,0.06892174,0.2521,0.17646,0.19837391,0.38079312,0.26290467,0.2899013
409,5,4382031.665390803,553468.2374899003,0.05212,0.04744,0.051534783,0.061340004,0.061,0.063160874,0.0952,0.086,0.09336087,0.089159995,0.10476,0.103008695,0.36394,0.18708001,0.2669652,0.25586,0.23563999,0.2558348,0.14456,0.1748,0.16936523,0.00134,0.0035400002,0.0020652174,0.4353505,0.14306532,0.27070075,0.2922852,0.039325,0.105,0.054938335,0.028475,0.098645456,0.047048334,0.06175,0.11828183,0.073945,0.044566665,0.1427909,0.08139833,0.109566666,0.16803637,0.12715167,0.27591667,0.19598183,0.21080334,0.33510834,0.21040908,0.24407665,0.34531668,0.21117273,0.24975,0.053633332,0.11217273,0.08132,0.0021083334,0.003190909,0.002125,0.24814168,0.2401,0.25896668,0.12980834,0.17077273,0.16149333,0.3722,0.22937272,0.27488998,0.5177216,0.11001852,0.2912445
410,5,4236166.346436082,694089.4335734177,0.04265,0.05805,0.048446156,0.05425,0.07605,0.061953846,0.10795,0.0993,0.094584614,0.09835,0.13005,0.10472307,0.4092,0.2176,0.3104923,0.27635,0.27165,0.28055385,0.15845,0.1899,0.17790769,0.0011,0.00165,0.0014538461,0.47234753,0.14308172,0.32937253,0.3292658,0.051233333,0.0703,0.05697083,0.0267,0.0514,0.0344375,0.06566667,0.0817,0.069675,0.052333333,0.1189,0.0769625,0.120016664,0.14255,0.13225834,0.30198333,0.1721,0.24154583,0.37165,0.19605,0.28494582,0.37045,0.2028,0.2912292,0.0687,0.03415,0.07591667,0.0011666667,0.00135,0.0019375,0.26625,0.3426,0.30095,0.14135,0.2331,0.1851875,0.41276667,0.2287,0.32220832,0.53159434,0.14094587,0.36293274
411,5,4211773.314789544,588608.6899328579,0.024557143,0.03336,0.0294125,0.028442856,0.04176,0.036105,0.0653,0.0587,0.0613025,0.040142857,0.077690005,0.063255,0.41472855,0.15216,0.25693998,0.21465716,0.27432,0.24883999,0.09324286,0.18694,0.14397,0.0010285714,0.00242,0.0018975,0.61973524,0.13908021,0.34371734,0.480655,0.02434,0.0275,0.028164001,0.028339999,0.0374,0.034604,0.060420003,0.0571,0.060452003,0.041920003,0.08085,0.066672,0.09954,0.0963,0.10424,0.26884,0.116275,0.188464,0.32776,0.1336,0.222364,0.3331,0.1427,0.231196,0.068459995,0.05535,0.076072,0.0010800001,0.00165,0.001868,0.21834,0.2842,0.260388,0.09882,0.190875,0.1525,0.36788002,0.16225,0.256744,0.50773937,0.115673214,0.29564938
412,5,4241335.249085639,567350.4935727955,0.022780001,0.0376,0.02751579,0.02452,0.0437,0.031757895,0.04616,0.060566667,0.05291579,0.03038,0.07796667,0.050626315,0.35542,0.18916667,0.27538422,0.1862,0.2712,0.22185263,0.07794,0.18156666,0.12128422,0.0012,0.004466667,0.0023526317,0.5689153,0.2019928,0.40224776,0.3669225,0.02375,0.06714545,0.035384618,0.02704,0.08687273,0.043251924,0.049620003,0.10348182,0.06378654,0.03336,0.12266363,0.06437884,0.07405,0.13871817,0.0971,0.23581001,0.16755454,0.18842116,0.29863998,0.18838182,0.22594614,0.3007,0.20694546,0.23948269,0.0609,0.091709085,0.08085962,0.0019299999,0.0019727272,0.0021884616,0.19649,0.25915453,0.23163462,0.084479995,0.16923636,0.12813462,0.33743998,0.22090909,0.26127693,0.4840436,0.14034452,0.3140331
413,5,4219528.280057955,606189.3509478789,0.020185715,0.027681818,0.0207,0.021871427,0.031181818,0.023775611,0.043585714,0.0413,0.04059512,0.0281,0.050836366,0.037509758,0.3437,0.13398182,0.23179023,0.15577142,0.15968183,0.15320732,0.062785715,0.1022,0.078729264,0.0015857143,0.0022,0.0018634145,0.5591224,0.16549796,0.3674506,0.39362442,0.021711111,0.0291,0.02446207,0.021411112,0.02928,0.025265517,0.04651111,0.04046,0.04567931,0.030777777,0.053840004,0.04445862,0.07525556,0.071440004,0.08080345,0.2529222,0.10142,0.18522413,0.3213222,0.1166,0.22541724,0.3191333,0.118540004,0.22833103,0.067,0.05616,0.07714828,0.0012666667,0.00242,0.0022586207,0.1744,0.17278,0.1859069,0.07321111,0.10761999,0.09739655,0.35643333,0.14112,0.2578069,0.51750815,0.12963273,0.34432214
414,5,4224078.022716911,613910.6153908214,0.016775,0.047481816,0.030248571,0.02665,0.059918184,0.04157714,0.0593375,0.08277273,0.06986857,0.036075,0.07577273,0.053654283,0.1614625,0.1082909,0.123694286,0.0671875,0.104581825,0.082148574,0.0300625,0.07256363,0.047705714,0.002975,0.0022727272,0.0023971428,0.25116834,0.063012615,0.13980436,0.18815573,0.0203,0.03816,0.023434617,0.028416665,0.08614,0.04586154,0.05723333,0.11266,0.076538466,0.0364,0.1111,0.05895,0.05443333,0.11104,0.070423074,0.1382,0.122,0.112369224,0.1738,0.13288,0.13341923,0.1321,0.13478,0.11538077,0.05725,0.045879997,0.06088077,0.0016333334,0.00138,0.00195,0.0987,0.13246,0.11380769,0.0476,0.08708,0.06362308,0.1942,0.1499,0.1514,0.19619338,0.04224287,0.11224547
415,5,4244252.480544096,562324.0203251378,0.0112333335,0.1601,0.05075625,0.017,0.172925,0.0574875,0.033066664,0.192125,0.07141875,0.019133333,0.187625,0.06363125,-0.0006,0.167325,0.0427375,-0.0014333333,0.0183,0.00185625,0.0024,0.02275,0.0058875,0.00073333335,0.00385,0.001725,-0.047194477,-0.031373158,-0.043694235,-0.01582132,0.037533335,0.055954546,0.034005173,0.033925,0.06871818,0.03494138,0.056308333,0.08523636,0.051560346,0.043041665,0.077054545,0.04163793,0.059925,0.07258182,0.044813793,0.05993333,0.06581818,0.042151723,0.06998333,0.0668,0.046993103,0.062025,0.0682,0.046239655,0.01685,0.032654542,0.026146552,0.00095,0.0014090909,0.0013775862,0.041358333,0.027872726,0.03012931,0.028025,0.019663638,0.019536208,0.06591667,0.068890914,0.04557931,0.040725406,-0.017664846,0.010037171
416,5,4219268.874742906,681636.5199432838,0.019575,0.031716667,0.026490476,0.0255,0.042816665,0.03484762,0.060975,0.06675,0.0631619,0.040125,0.08788333,0.06802857,0.4022,0.22195,0.2860524,0.213675,0.2790833,0.2556619,0.09285,0.18046667,0.14554286,0.0011,0.0013833334,0.0014333333,0.6040624,0.23391284,0.37607926,0.37014955,0.020511111,0.02916,0.026043331,0.02628889,0.0354,0.032696668,0.062433332,0.05828,0.06241667,0.041844446,0.08064,0.06543333,0.0989,0.110640004,0.111946665,0.28737777,0.16278,0.22299665,0.34954444,0.1851,0.26121002,0.3517,0.20338,0.27415335,0.06371111,0.05964,0.078320004,0.00094444444,0.0014,0.0021833335,0.2257111,0.2756,0.25955,0.10168889,0.17466,0.14495333,0.39295557,0.22252,0.30191,0.5334513,0.21966246,0.36459088
417,5,4290723.511656512,674827.6190567492,0.0661,0.0684,0.0651,0.08065,0.086040005,0.08248571,0.125875,0.12448,0.12607142,0.141275,0.15858,0.15113334,0.383225,0.27428,0.32857144,0.348,0.32984,0.34107143,0.238625,0.2511,0.24943332,0.001225,0.0016600001,0.0015238095,0.3512049,0.17478694,0.26228195,0.17641796,0.045266666,0.0463,0.046375,0.06781667,0.0669,0.07013333,0.106016666,0.0985,0.1072125,0.12891667,0.1289,0.1352375,0.17463334,0.1596,0.1784625,0.29536667,0.2159,0.2680375,0.33868334,0.2465,0.3006375,0.32786667,0.2496,0.297175,0.05961667,0.0353,0.07217083,0.0014833333,0.0014,0.0018041666,0.33085,0.3276,0.3242625,0.23031667,0.2227,0.23244582,0.36415,0.273,0.32638332,0.30378374,0.19355851,0.24963464
418,5,4376274.713839247,510552.7759110325,0.023385715,0.03402857,0.027917648,0.0281,0.04032857,0.03348235,0.05884286,0.05244286,0.05347353,0.03932857,0.07082857,0.056317646,0.35887143,0.15988572,0.23197353,0.19528572,0.21611428,0.20157647,0.08411429,0.13881429,0.111532345,0.0012428572,0.0027142856,0.0018441178,0.5497001,0.16741648,0.32121146,0.3822836,0.023039998,0.03027143,0.026873529,0.026039999,0.02582857,0.027205884,0.05762,0.036814284,0.047944117,0.040060002,0.05597143,0.052994117,0.0935,0.076314285,0.0880647,0.24688001,0.09877143,0.1632647,0.30334,0.11531428,0.19457354,0.30038,0.11304286,0.19198823,0.06242,0.07885714,0.080635294,0.0016399999,0.0021,0.0018441178,0.2009,0.20395714,0.2101353,0.0893,0.12605715,0.11545588,0.33971998,0.14198571,0.22712058,0.46601415,0.11438314,0.26341125
419,5,4312218.663439032,457330.4351516152,0.0281,0.054220002,0.0439,0.036333334,0.063640006,0.053485,0.08076667,0.09122,0.088555,0.062433332,0.110659994,0.093545005,0.43753335,0.259,0.328025,0.24296668,0.32316002,0.29433998,0.11963334,0.23922,0.187955,0.0017333335,0.00334,0.001815,0.5907558,0.24324669,0.3775765,0.34750915,0.02875,0.0424,0.039938707,0.039916664,0.0520875,0.05169677,0.08161667,0.0773625,0.08529677,0.06336667,0.097025,0.090161294,0.118766665,0.12315,0.13029678,0.30095,0.1669125,0.23291937,0.36925,0.1879,0.27234837,0.37421668,0.2030875,0.28508064,0.06001667,0.092125,0.09266774,0.0013166667,0.0024,0.0020419355,0.24473332,0.27575,0.28089035,0.12268334,0.1972,0.17877097,0.40878332,0.2176625,0.3078484,0.5091573,0.18465593,0.324548
420,5,4358276.840778781,506249.1868123931,0.025016667,0.044866666,0.0292375,0.033533335,0.05916667,0.0390425,0.06956667,0.09318333,0.0744125,0.0566,0.11271666,0.070855,0.36963332,0.30808333,0.3520125,0.234,0.32493332,0.256345,0.11406666,0.20795,0.13799,0.0014833333,0.0033666668,0.0020725,0.5198254,0.309398,0.46180287,0.2104274,0.0267625,0.040683333,0.029677141,0.0336375,0.05251667,0.037285715,0.0688125,0.08406667,0.07147143,0.05425,0.10456666,0.068025716,0.107975,0.14933334,0.12097715,0.2664875,0.22053333,0.25288573,0.3307,0.25135,0.3029457,0.332475,0.26556668,0.31236857,0.055475,0.13251667,0.10658286,0.00225,0.0024833335,0.00204,0.2420125,0.3197,0.26109713,0.117175,0.19968334,0.13924,0.3719625,0.2900667,0.34364286,0.47554138,0.26540914,0.41396353
421,5,4265952.9477140065,670159.7394589196,0.0147,0.01908,0.0193,0.023880001,0.03036,0.028181817,0.0522,0.05592,0.052822728,0.03446,0.04764,0.039627273,0.10572,0.08304,0.094213635,0.06532,0.07366,0.06770454,0.03362,0.046579998,0.0389,0.00124,0.0016200001,0.0015045454,0.14990442,0.07391162,0.11474288,0.07599279,0.0320125,0.26483333,0.05607931,0.031325,0.22983332,0.055137932,0.0568125,0.25786668,0.079806894,0.0393625,0.25093332,0.063958615,0.0487375,0.24836667,0.07009655,0.0887625,0.2693,0.09521034,0.1113625,0.25263333,0.106703445,0.0988875,0.25513333,0.10132414,0.0234125,0.1413,0.043851726,0.0017,0.0037666669,0.0018551723,0.080825,0.0747,0.078482755,0.04065,0.05886667,0.043044828,0.1162375,0.26,0.1140069,0.124700695,0.00565316,0.074443705
422,5,4248136.090246278,577203.4288657526,0.028375,0.0339,0.02781875,0.0322,0.04015,0.0331,0.0631,0.0584,0.0586125,0.04705,0.07295,0.05534375,0.390075,0.20205,0.29888126,0.229425,0.2542,0.22893125,0.109625,0.163,0.1238,0.000825,0.0017,0.0012625,0.5705691,0.2343642,0.4252575,0.3362049,0.025383333,0.108333334,0.04423,0.029833334,0.12966666,0.05319667,0.06615,0.14693333,0.07866667,0.04155,0.1673,0.078323334,0.100266665,0.18263334,0.11716666,0.31078333,0.21921667,0.22598667,0.39306667,0.24145,0.26983002,0.4046333,0.25943333,0.28585336,0.063766666,0.10586666,0.08991667,0.0012,0.0022833333,0.0019299999,0.23558332,0.23225,0.23833667,0.10501666,0.15323333,0.13081333,0.43458334,0.26751667,0.30479333,0.6033877,0.13867538,0.35202518
423,5,4312050.785021775,438997.70441518584,0.0443,0.04604,0.03805909,0.053,0.05628,0.046268184,0.08965,0.08106,0.07695454,0.086725,0.09696,0.07682727,0.3329,0.26522,0.31722727,0.314775,0.30036002,0.27052274,0.177525,0.19642,0.15731363,0.0013,0.00348,0.0019318182,0.39936507,0.28082195,0.40023637,0.11854312,0.04065,0.042825,0.039140627,0.05158333,0.0516625,0.047265626,0.08838333,0.0760875,0.0778125,0.09438333,0.0950625,0.08319688,0.13691667,0.1318,0.1260125,0.24251668,0.188075,0.22426875,0.28993332,0.21415,0.26358125,0.29173332,0.2276625,0.27284062,0.05471667,0.1100625,0.10038438,0.0016333334,0.00225,0.002471875,0.31316668,0.3001125,0.28932813,0.18045,0.1939625,0.1724875,0.33086666,0.25035,0.30117813,0.32496223,0.22770792,0.3219729
424,5,4265601.534547844,672966.8558779593,0.0454,0.042425,0.0432375,0.05745,0.053725,0.05504375,0.094,0.08115,0.08845625,0.0936,0.104475,0.0979875,0.34615,0.196325,0.279525,0.2377,0.2649,0.253975,0.14895,0.195375,0.17215,0.0009,0.0015,0.00120625,0.4019474,0.15868327,0.29962716,0.24326414,0.036333334,0.1803,0.05697143,0.047066666,0.22373332,0.07137143,0.0868,0.2447,0.102066666,0.08293333,0.2645,0.11131904,0.13626666,0.2925667,0.15204762,0.28813332,0.32743332,0.2344,0.34243333,0.3514667,0.26632857,0.34323332,0.33966666,0.26721904,0.05853333,0.1277,0.077452384,0.0011,0.0026666666,0.0018428572,0.2632,0.20926668,0.25288573,0.1628,0.15813334,0.17071904,0.37126666,0.36613333,0.29043332,0.42194203,0.09517339,0.25401062
425,5,4380538.367629626,552724.0236720467,0.021716667,0.022060001,0.021354167,0.02295,0.026560001,0.023825,0.043616667,0.03836,0.041125,0.025633335,0.04372,0.034475,0.33655,0.1554,0.24240832,0.14535,0.14738001,0.1477375,0.058683332,0.09292,0.0756125,0.0014833333,0.00492,0.0021958335,0.5559748,0.22152962,0.3922831,0.33444518,0.019176923,0.045866664,0.025625,0.019661538,0.0327,0.022083333,0.042730767,0.044308335,0.040408336,0.025307693,0.049608335,0.035070002,0.0651,0.07710833,0.069521666,0.23076923,0.12779166,0.17088334,0.29876924,0.14833334,0.21109334,0.29665387,0.153575,0.21438001,0.05737692,0.06594167,0.070086665,0.0010230769,0.003383333,0.0019266666,0.15432307,0.14779167,0.15439333,0.062053844,0.089316666,0.078386664,0.33151537,0.17235833,0.23948166,0.4997564,0.20423505,0.34521252
426,5,4394900.3153778585,423603.5599398399,0.02755,0.025866665,0.02541,0.033675,0.035666667,0.03314,0.0639,0.058733333,0.059290003,0.0545,0.06516667,0.057340004,0.248175,0.13186666,0.20016,0.17105,0.1568,0.16576,0.091275,0.1047,0.096915,0.001375,0.0015333333,0.001425,0.35112128,0.12943748,0.2668982,0.2216838,0.02672857,0.02925,0.027574286,0.034528572,0.037,0.03538857,0.06924286,0.05895,0.06292571,0.05745714,0.07565,0.068365715,0.10232857,0.097109996,0.09982,0.22257143,0.13123001,0.16939715,0.27124286,0.15145,0.20078857,0.27937144,0.16678001,0.21507429,0.046585716,0.07212,0.06838,0.0028571428,0.0024,0.00206,0.19375715,0.20621002,0.20290571,0.10135714,0.13495,0.12151428,0.30005714,0.17650999,0.22876857,0.39144716,0.16896704,0.26593983
427,5,4386133.331403084,516653.52394742717,0.0278875,0.036157142,0.031355266,0.0323125,0.046114285,0.03823684,0.061375,0.06781429,0.06542105,0.0467125,0.09221429,0.07086579,0.3924625,0.23545715,0.31130788,0.2274125,0.29898572,0.2612158,0.1101375,0.1961,0.15121578,0.002,0.0029285715,0.0020842105,0.5744987,0.24582247,0.40577224,0.32867622,0.019128572,0.0702,0.033825,0.019442858,0.060011107,0.033241667,0.04802857,0.079388894,0.058683332,0.033342857,0.10572222,0.06363611,0.0814,0.15087779,0.111525,0.258,0.18716666,0.213175,0.32965717,0.21328889,0.25720832,0.32738572,0.21788889,0.26443055,0.05484286,0.11128889,0.08755556,0.0016,0.004322222,0.002322222,0.20527144,0.2608222,0.2389111,0.09638571,0.17038889,0.13782221,0.36674285,0.2555111,0.29864722,0.5223125,0.19054936,0.35422048
428,5,4355464.679376834,491499.75560189295,0.031885713,0.05281667,0.03865,0.035742857,0.06196667,0.045197368,0.07037143,0.07886667,0.07083684,0.046342857,0.1043,0.07285,0.44647142,0.18658334,0.28927368,0.21914284,0.30255,0.25228158,0.1043,0.22835,0.15595789,0.0020857144,0.0047,0.002136842,0.6421808,0.14316088,0.36954728,0.49901992,0.026716666,0.0356,0.033284374,0.031933334,0.04812857,0.04414375,0.06786667,0.06648571,0.07113437,0.044483334,0.09494286,0.079453126,0.1002,0.10995714,0.112321876,0.31283334,0.1266,0.20415,0.3881,0.1426,0.24029687,0.38493332,0.15751429,0.24972187,0.06745,0.08042857,0.08563437,0.0028166666,0.0023714285,0.002278125,0.21571667,0.28537142,0.26540938,0.10166667,0.20285714,0.16692813,0.42348334,0.17397143,0.27582186,0.5705764,0.11291407,0.29552144
429,5,4303550.976613069,528843.907567566,0.022566667,0.03095,0.02771579,0.025133332,0.0356,0.032057896,0.056033332,0.04675,0.05521579,0.0339,0.0567,0.05143684,0.3732,0.1297,0.2412842,0.17576666,0.1845,0.19754736,0.0721,0.12695,0.11111052,0.0009,0.0016,0.0013157895,0.58316606,0.1441799,0.3477739,0.43898618,0.0196,0.06181111,0.029501515,0.02301579,0.06982222,0.03520909,0.054,0.081766665,0.05850606,0.03173158,0.09773333,0.053713635,0.08188947,0.11591111,0.09260606,0.26736844,0.1389,0.19603182,0.3338,0.15415555,0.23396365,0.33556315,0.1662,0.24210455,0.05592105,0.05523333,0.06765455,0.002231579,0.0024222222,0.002159091,0.18006316,0.21136667,0.19982424,0.07520526,0.14474444,0.10909546,0.3687,0.18091111,0.26555303,0.5380525,0.12219557,0.34352398
430,5,4234341.093540648,593030.5570398069,0.029539999,0.0315,0.029422224,0.03262,0.035388887,0.03403889,0.05834,0.050177775,0.054322224,0.04804,0.063777775,0.05833889,0.33892,0.1806111,0.24247222,0.22208,0.21347779,0.21777222,0.11291999,0.13791111,0.12951945,0.00102,0.0017555555,0.0015416667,0.50006324,0.21900591,0.3329751,0.28105733,0.0274,0.11182,0.048625,0.0376,0.11622,0.05358333,0.0696,0.13484,0.07697083,0.0645,0.15292,0.08912083,0.104,0.16542,0.1161625,0.2367,0.20493999,0.1811125,0.2939,0.22656001,0.21139583,0.28705,0.24341999,0.2199625,0.06215,0.114,0.088933334,0.00115,0.0028799998,0.0021833335,0.24415,0.20116,0.2351875,0.1303,0.13478,0.14695,0.33185,0.26051998,0.24543333,0.38587582,0.1404906,0.2281296
431,5,4258491.790464022,509945.8521465247,0.024133332,0.16066666,0.0537,0.029866666,0.1693,0.060047057,0.06493333,0.18866666,0.085411765,0.049066667,0.20206666,0.087252945,0.3952,0.28576666,0.28751764,0.2054,0.16206667,0.20449412,0.09563333,0.117,0.12294117,0.0009333333,0.0042,0.0019470588,0.57194734,0.118171826,0.3344602,0.45377553,0.0248125,0.063530765,0.03831091,0.032875,0.085269235,0.051167272,0.072225,0.104069225,0.078652725,0.0518125,0.118746154,0.08306,0.1122375,0.14177693,0.11976727,0.29,0.18288462,0.20905638,0.36355,0.2019923,0.24633999,0.378575,0.22153077,0.2676418,0.059925,0.09056154,0.08645091,0.0017125,0.0020538461,0.0017418183,0.2116375,0.2021923,0.22729637,0.0984875,0.13307694,0.1347509,0.4126375,0.22810769,0.28174546,0.54354423,0.17056611,0.31455964
432,5,4300488.229970141,423960.86904884095,0.031933334,0.0421,0.03707143,0.041166667,0.0498,0.04578095,0.08173333,0.0681,0.07208571,0.06646667,0.08775,0.08158571,0.3956,0.15971667,0.23611428,0.2247,0.26665,0.25290477,0.11846666,0.19663334,0.16718096,0.0047,0.0030833334,0.002552381,0.5291124,0.13129567,0.2697926,0.39781672,0.0329,0.037466664,0.03782069,0.041,0.0475,0.047603447,0.0776,0.066711105,0.07335517,0.0626,0.08897778,0.08604483,0.11276666,0.10131111,0.112472415,0.28446668,0.120022215,0.17567931,0.34756666,0.13517778,0.20353103,0.3471,0.1481111,0.21630344,0.056,0.06953333,0.07655517,0.0011666667,0.0019444445,0.0018758621,0.22613333,0.25535557,0.25774482,0.11856666,0.18833333,0.17532758,0.37853333,0.1579,0.23190345,0.47500902,0.10856862,0.22887546
433,5,4345525.40972336,408609.29712996015,0.019975,0.040375,0.032611113,0.028125,0.051125,0.0422,0.072475,0.07585,0.07551667,0.053125,0.09615,0.0809,0.35125,0.1738,0.25245556,0.19415,0.2555,0.23616667,0.095975,0.202475,0.16072778,0.0019,0.00315,0.001961111,0.5040152,0.13821054,0.29647747,0.36580467,0.026966665,0.035188887,0.033853125,0.0335,0.04261111,0.041503124,0.07285,0.06442222,0.07039688,0.058683332,0.08878889,0.084028125,0.10876666,0.10638889,0.11305,0.2539,0.12614444,0.17300938,0.30576667,0.1406,0.19969687,0.31218332,0.14623334,0.20834687,0.0454,0.062533334,0.06529062,0.0017166666,0.0019555555,0.002065625,0.21515,0.2485111,0.24497813,0.11265,0.19466667,0.17130938,0.3324,0.16205555,0.22439687,0.43615952,0.10564872,0.22042105
434,5,4265309.093832755,672806.0005316696,0.08545,0.06694,0.06955238,0.10235,0.08132,0.0852,0.148025,0.10778,0.1191,0.154475,0.13044,0.13331905,0.37235,0.19266,0.26603332,0.314275,0.26933998,0.28174284,0.232375,0.21533999,0.2165762,0.00135,0.0018200001,0.0014285714,0.31248388,0.103306346,0.20919664,0.20917752,0.03932,0.07455,0.037585713,0.08286,0.07705,0.07344286,0.1269,0.10435,0.1109762,0.13205999,0.133,0.12999047,0.17168,0.1513,0.15846667,0.2886,0.185,0.22643332,0.3317,0.2005,0.25372857,0.32722,0.19835,0.25268573,0.047879998,0.0625,0.053433333,0.00112,0.0017,0.0015571428,0.29501998,0.25875,0.2849524,0.20772,0.1948,0.21015716,0.35346,0.21955,0.27610952,0.29674658,0.107657075,0.19604103
435,5,4346679.594600134,408768.0037563658,0.06465,,0.047716666,0.07605,,0.06015,0.1123,,0.087516665,0.11505,,0.09413333,0.2987,,0.2108,0.21485,,0.17358334,0.15325,,0.12653334,0.0014,,0.0011666667,0.29154125,-0.0,0.20300871,0.29154125,0.05505,0.0518875,0.056580767,0.080675,0.065725,0.075830765,0.1202,0.0878125,0.10485,0.126675,0.1054125,0.1208,0.148475,0.1121375,0.13413078,0.2405,0.1239625,0.16742307,0.275725,0.134575,0.18330769,0.266675,0.13485,0.18286923,0.036725,0.0559875,0.05980769,0.001675,0.001625,0.0019192308,0.227375,0.1836625,0.20536537,0.16335,0.149775,0.16303846,0.295675,0.1447375,0.19729616,0.22283131,0.05302754,0.10535999
436,5,4346670.0795427775,408131.5605288324,0.1426,0.2152,0.17162858,0.1749,0.2525,0.20474286,0.2477,0.3051,0.26272857,0.2922,0.3441,0.30251428,0.3543,0.3864,0.35804284,0.4413,0.4518,0.4223857,0.3755,0.4222,0.376,0.0005,0.0014,0.0012714285,0.07552612,0.04780224,0.06661048,0.027723879,0.0882,0.1135,0.115783334,0.1276,0.1557,0.15881667,0.1705,0.1938,0.20101666,0.1988,0.2246,0.23215,0.212,0.2343,0.24346668,0.2414,0.2429,0.26035,0.2607,0.2516,0.27303332,0.2547,0.254,0.27108333,0.0558,0.0993,0.088416666,0.0036,0.0019,0.0020166666,0.2966,0.31475,0.3279333,0.2408,0.2711,0.28453332,0.2726,0.2653,0.28746668,0.080695465,0.040991843,0.0532387
437,5,4207470.682774098,530298.7889105094,0.0259,0.05243333,0.032193333,0.0324,0.06336667,0.041713335,0.06436667,0.08316667,0.06746667,0.056166667,0.10756666,0.07962,0.27283332,0.1724,0.20714666,0.20386666,0.23963332,0.22217333,0.107933335,0.17236666,0.14266667,0.0011,0.0036666668,0.0017533333,0.38480663,0.11330063,0.2280137,0.271506,0.020677777,0.024354545,0.023787038,0.028711112,0.040945455,0.036062963,0.0624,0.05982727,0.061887037,0.05336667,0.08733636,0.074579634,0.0971,0.10041818,0.103672214,0.21837778,0.12052727,0.16345741,0.2634889,0.1347,0.18981667,0.27,0.14615454,0.20151111,0.034166664,0.055563636,0.06186111,0.0013,0.0017272728,0.0017055555,0.21905556,0.23429091,0.23014815,0.11325555,0.16183637,0.14407963,0.29074442,0.15886363,0.21632408,0.38737652,0.108459644,0.22986469
438,5,4369025.8897145465,423034.4105840099,0.0268,0.03935,0.02794,0.03405,0.0522,0.036964998,0.071825,0.08455,0.070515,0.057075,0.1029,0.067990005,0.36955,0.279,0.32731,0.245525,0.287675,0.2335,0.1191,0.179275,0.126895,0.001225,0.001325,0.0019200001,0.5185343,0.28850693,0.4349588,0.23002738,0.023816667,0.036266666,0.0287,0.032166667,0.053655554,0.039337143,0.07116667,0.08278889,0.07224857,0.054783333,0.104622215,0.07396,0.11286666,0.14445555,0.12315143,0.27715,0.20772222,0.23846857,0.33488333,0.23466668,0.28039715,0.34121668,0.25228888,0.29454857,0.0496,0.09076667,0.082582854,0.0023333335,0.0023444444,0.0020114286,0.23641667,0.30411112,0.25751144,0.1118,0.19164445,0.14260857,0.37805,0.2713667,0.3199257,0.48623955,0.24555743,0.37462753
439,5,4356605.6612998005,506468.034978836,0.023060001,0.04895,0.03722308,0.028679999,0.06368333,0.047266666,0.07332,0.09903333,0.08381795,0.04034,0.127,0.08841795,0.49716002,0.3115833,0.34991795,0.21801999,0.35928333,0.30075386,0.08946,0.2326,0.17061025,0.0014,0.0032333331,0.0018512821,0.7164788,0.28548813,0.4185015,0.4309907,0.0222125,0.043483336,0.033044115,0.0283375,0.06065,0.04422647,0.0679125,0.09285,0.07979706,0.0385625,0.122433335,0.08214412,0.1079625,0.16611667,0.13754706,0.334525,0.22748333,0.2647206,0.4149125,0.2568167,0.3126559,0.4146875,0.27095,0.32083824,0.0679625,0.121816665,0.10075,0.0017375,0.00245,0.0018470589,0.2155125,0.35316667,0.29293236,0.089225,0.22526668,0.16390882,0.459125,0.29811668,0.35547355,0.6238649,0.2372789,0.3931104
440,5,4327032.531495142,565583.2075523447,0.03945,0.0374,0.03507647,0.04535,0.0465,0.04167647,0.0744,0.0631,0.06811765,0.076975,0.0891,0.076735295,0.33835,0.2077,0.28351176,0.25945,0.283,0.24409412,0.158425,0.1888,0.15070589,0.00115,0.0028,0.0014470589,0.42902094,0.2085766,0.3522174,0.22044434,0.040416665,0.09073637,0.043811593,0.037016667,0.07589091,0.04106087,0.06153889,0.0928,0.064981155,0.054577775,0.117009096,0.06983768,0.08987778,0.1394091,0.106214486,0.24686667,0.1698,0.20753044,0.32253888,0.1925909,0.25456378,0.31857222,0.21063635,0.2657913,0.057694446,0.102181815,0.083931886,0.002322222,0.002290909,0.0020927535,0.23358333,0.25372726,0.23329856,0.1260111,0.17068182,0.13650726,0.36228332,0.22659092,0.29186234,0.45530137,0.15693912,0.34176326
441,5,4193389.506664693,501366.60546728404,0.025066666,0.04086,0.03527619,0.028566666,0.051340003,0.043357145,0.05656667,0.06962,0.0651619,0.042333335,0.10594,0.0829619,0.3642,0.20381999,0.24761428,0.2113,0.33562,0.2967,0.09096667,0.2101,0.17142381,0.0009666667,0.00348,0.002152381,0.5489607,0.1678239,0.28452647,0.38113678,0.020521428,0.03386154,0.028554687,0.025271429,0.04286154,0.036264062,0.054407142,0.060684614,0.058953125,0.04105,0.099515386,0.07796406,0.08905714,0.11959231,0.108889066,0.24614285,0.13957693,0.17617656,0.30337855,0.15965384,0.2078828,0.3127,0.17552307,0.22263438,0.05460714,0.07996154,0.07889687,0.0026357144,0.0017692308,0.002840625,0.20848572,0.32520768,0.28594843,0.091628574,0.20133078,0.16273281,0.34425,0.19629231,0.2468375,0.48123258,0.13434996,0.25655347
442,5,4393099.397878224,462792.8386930785,0.03706,0.0371,0.035994735,0.03944,0.044166666,0.04176316,0.06426,0.05623333,0.06479474,0.05214,0.07396667,0.06949474,0.3159,0.1382,0.26439473,0.23302,0.2296,0.23557368,0.12634,0.16613334,0.14860526,0.00136,0.0013333333,0.0016421053,0.45758745,0.12204977,0.3404528,0.33553767,0.041883335,0.041975,0.040829413,0.043866664,0.04395,0.045605883,0.06821667,0.0588,0.06909706,0.072,0.081425,0.08729412,0.10171667,0.0962,0.11360294,0.1992,0.1116875,0.17237353,0.2439,0.1273375,0.20475882,0.2419,0.135875,0.21386176,0.0464,0.0703,0.0741,0.00325,0.0021375,0.0020441178,0.26776668,0.2529875,0.26615,0.17273334,0.1841875,0.18095589,0.27501667,0.15285,0.23879707,0.30024034,0.10225006,0.22230317
443,5,4313497.870432637,602229.6181766608,0.02666,0.03777143,0.02960263,0.03106,0.04602857,0.03561316,0.063820004,0.06967143,0.06408947,0.04646,0.0829,0.05968947,0.37496,0.24531429,0.30299473,0.20648001,0.24045715,0.21832368,0.09376,0.14501429,0.115828946,0.0012,0.0019857143,0.0015,0.55248564,0.28113475,0.42057967,0.2713509,0.018425,0.02695,0.023804545,0.02595,0.0467,0.035854544,0.0599,0.0732,0.06728182,0.036975,0.08035,0.05960909,0.08985,0.1137,0.10622273,0.289625,0.18065,0.23913635,0.3551,0.20945,0.28147274,0.37755,0.24765,0.31027728,0.0676,0.04055,0.07425909,0.00095,0.00125,0.0015,0.1995,0.25455,0.22925,0.08475,0.1452,0.1183909,0.391875,0.24235,0.3166409,0.5806747,0.29035258,0.43119356
444,5,4354828.699366999,528429.7292301315,0.042714287,0.044166666,0.032584615,0.05247143,0.055,0.040476922,0.082085714,0.08088333,0.066005126,0.09442857,0.10301666,0.07375641,0.24817143,0.21383333,0.29773334,0.28408572,0.27545,0.22727692,0.17398572,0.20358334,0.13780256,0.0011,0.0028333333,0.0017717949,0.26061645,0.18961516,0.3796866,0.07100129,0.033685714,0.0463375,0.03414,0.040964287,0.057575,0.04031091,0.07167143,0.0802125,0.06677273,0.07825714,0.1079375,0.07385637,0.117264286,0.13105,0.110436365,0.22877857,0.1641375,0.22081636,0.27637857,0.1837125,0.27323636,0.27645,0.1910375,0.27966002,0.0504,0.077875,0.08537091,0.0015142858,0.0017625,0.0020945454,0.2642857,0.2826875,0.23831455,0.15257858,0.203125,0.14299454,0.30682144,0.208725,0.30458,0.33838233,0.14326723,0.35314965
445,5,4216433.861565746,630785.1823962191,0.0421,0.0473,0.04696389,0.05545,0.05907273,0.060008332,0.0996625,0.08726364,0.09553333,0.115925,0.11541817,0.12221389,0.3065375,0.202,0.24805,0.2892625,0.23969091,0.28328058,0.195025,0.17534547,0.20694722,0.001075,0.0027181818,0.0019833334,0.30069664,0.14635162,0.20409872,0.15434502,0.04509,0.03475,0.04475862,0.060909998,0.038425,0.058665514,0.10593001,0.05865,0.09500345,0.12438001,0.084825,0.12104138,0.15908,0.1055,0.15151724,0.27017,0.1282,0.21745174,0.31887,0.1475,0.25012416,0.31734,0.156375,0.2575276,0.05324,0.0476,0.07122069,0.00141,0.0032,0.0021413793,0.32171002,0.236325,0.31521723,0.22548,0.15865,0.22696897,0.35143998,0.1749,0.28263104,0.29854214,0.13153009,0.22041962
446,5,4358188.700292201,506216.0659686725,0.020883333,0.039416667,0.027397437,0.025583332,0.048783336,0.0347,0.05896667,0.07168333,0.0621,0.037016667,0.0941,0.06299231,0.40053332,0.21198332,0.28046668,0.1909,0.25876668,0.22302307,0.08175,0.16888334,0.1231,0.0015,0.0029833333,0.001974359,0.61018395,0.20496838,0.3797622,0.40521556,0.0202625,0.034116667,0.026957145,0.026225,0.047633335,0.035894286,0.0606875,0.07471667,0.06682286,0.041425,0.10628334,0.07126572,0.0990875,0.13616666,0.116605714,0.283875,0.17881666,0.22771429,0.3554625,0.20185,0.2721457,0.3604125,0.22751668,0.28639713,0.0569625,0.098,0.08538571,0.00225,0.0023,0.0019942857,0.202875,0.2923,0.24929714,0.08885,0.18541667,0.13617143,0.39445,0.24121667,0.31103143,0.5462741,0.20442739,0.36902404
447,5,4254688.077983077,671133.4083042066,0.018575,0.0264,0.02484762,0.022875,0.03025,0.028814286,0.04795,0.039133333,0.046266664,0.037475,0.047,0.04617619,0.307625,0.09665,0.19229524,0.13965,0.12838334,0.14391428,0.0649,0.08866667,0.08638095,0.000975,0.0013333333,0.0012285714,0.4832512,0.10262929,0.2803258,0.3806219,0.035857145,0.25095,0.053038463,0.024414286,0.1109,0.038534615,0.05292857,0.121,0.061653845,0.045414284,0.12345,0.0646,0.092528574,0.1683,0.09923846,0.23048572,0.19925,0.17173846,0.28587145,0.19915,0.20097308,0.27758572,0.165,0.1934577,0.06338571,0.13975,0.06394231,0.0010714285,0.00315,0.0027076923,0.18584286,0.09725,0.17688462,0.10151429,0.0784,0.10938462,0.31417143,0.2159,0.2227577,0.4186045,0.07108494,0.23889124
448,5,4365420.861748373,413921.3472666925,0.032066666,0.0444,0.03531111,0.039366666,0.054575,0.043855555,0.07276667,0.080225,0.073711105,0.06426667,0.100475,0.07736111,0.3611,0.254125,0.3161889,0.25206667,0.301725,0.26595,0.12956667,0.1937,0.1517389,0.0013666668,0.001475,0.0017944445,0.4897141,0.25689426,0.39755452,0.23281983,0.029833334,0.0379,0.033666667,0.035016667,0.04835,0.040378787,0.07111667,0.0755875,0.07097879,0.06151667,0.1029375,0.07853636,0.11553334,0.1366,0.12383939,0.26055,0.189025,0.22585455,0.31675,0.2162375,0.26748788,0.32645,0.2367875,0.28420606,0.06161667,0.10515,0.09552121,0.0013333333,0.002725,0.0020030304,0.26298332,0.3113375,0.2829515,0.13325,0.1984,0.16142727,0.35935,0.2539625,0.30737576,0.44931674,0.22551325,0.3491387
449,5,4271804.334521974,575751.0176123551,0.04066,0.0545,0.04202353,0.0466,0.06173333,0.048594117,0.07322,0.07893333,0.07205883,0.06694,0.0911,0.07392353,0.27536002,0.17396666,0.2232647,0.20461999,0.19516666,0.20268235,0.124019995,0.1447,0.13403529,0.00248,0.0036,0.0021117646,0.36284414,0.14876178,0.26655096,0.21408236,0.028,0.060436364,0.039634783,0.045433335,0.058527272,0.04814565,0.073922224,0.07259091,0.06934565,0.06806667,0.08267273,0.07247391,0.104444444,0.10844546,0.102452174,0.21296668,0.14427273,0.16680652,0.25426668,0.15953636,0.1916326,0.2556222,0.16683637,0.19780217,0.05147778,0.064645454,0.062178258,0.0014111111,0.0019181818,0.0018108696,0.22006668,0.17316364,0.20446305,0.1299,0.11773636,0.13100435,0.28451112,0.18192726,0.2177739,0.33044025,0.15411752,0.22841115
450,5,4374201.531488695,447401.9607930392,0.034125,0.04715,0.038370587,0.042925,0.062475,0.048664708,0.077375,0.088125,0.07899412,0.0828,0.116175,0.0914353,0.3126,0.210425,0.2963941,0.262675,0.309925,0.27842355,0.151125,0.232425,0.17708823,0.00115,0.001375,0.0012411765,0.38013124,0.15821776,0.3380287,0.22191349,0.0348,0.0408875,0.038335897,0.0392,0.0518,0.04624359,0.07232222,0.0736625,0.074697435,0.06171111,0.1026875,0.08690769,0.11102222,0.123125,0.12309231,0.26785555,0.1498125,0.21021537,0.32777777,0.1672875,0.2480795,0.3314,0.180375,0.2594205,0.057055555,0.0802,0.08346667,0.003611111,0.0021,0.002228205,0.2481,0.2875,0.28111795,0.1299,0.2112625,0.17953846,0.3637222,0.1946125,0.28321794,0.45570743,0.13611951,0.2937891
451,5,4239448.041243755,670857.9809165042,0.022675,0.03805,0.02959,0.02725,0.04585,0.036685,0.0558,0.06456667,0.06058,0.039925,0.09176667,0.071734995,0.416025,0.2202,0.29158,0.215975,0.3010167,0.27225,0.09505,0.19546667,0.157425,0.001225,0.00135,0.00123,0.62192225,0.22290644,0.37548408,0.3990158,0.015983332,0.0994,0.036258623,0.025633335,0.16905999,0.060386207,0.057916667,0.19436,0.0879138,0.042483333,0.2302,0.10336897,0.08956667,0.23842,0.13296208,0.28423333,0.2706,0.22248966,0.36115,0.29398,0.26383102,0.37813333,0.33258,0.2869069,0.05601667,0.096,0.07297586,0.00105,0.00246,0.0019137932,0.212,0.26082,0.26509655,0.09446667,0.17654,0.15664828,0.40566668,0.33056,0.30629313,0.56694055,0.13577819,0.2989232
452,5,4384724.373628009,550949.7733839011,0.027560001,0.0339,0.0307,0.031379998,0.04384,0.037679166,0.06378,0.06762,0.06649583,0.044579998,0.08458,0.0655875,0.39202,0.20631999,0.3026125,0.2195,0.24148001,0.23376667,0.09896,0.15386,0.1280375,0.00126,0.0041,0.002175,0.57944834,0.21595643,0.40585852,0.3634919,0.025384616,0.07714167,0.038575407,0.033692308,0.10503334,0.052545905,0.07022308,0.13038334,0.08391147,0.05092308,0.15185,0.08414918,0.107230775,0.17585833,0.12775902,0.28916925,0.21978332,0.24205574,0.35493076,0.242075,0.285541,0.36868462,0.2705,0.3097623,0.067384616,0.08975,0.086119674,0.0017307692,0.00295,0.0020967212,0.22613077,0.2568083,0.24527049,0.10506923,0.16325834,0.1349459,0.39753076,0.27704167,0.3256246,0.53283507,0.18142869,0.37310654
453,5,4334822.145275311,517004.8921637474,0.0252625,0.04934,0.03673171,0.0299,0.064440005,0.0473,0.064975,0.09798,0.08480488,0.039425,0.12202,0.0851439,0.5198875,0.28646,0.40399268,0.211975,0.32278,0.2626439,0.0887125,0.21906,0.14898537,0.000975,0.00306,0.0018390244,0.7439769,0.26030388,0.49561843,0.483673,0.025679998,0.04676,0.039561406,0.029413333,0.059970003,0.045722805,0.06544667,0.09064,0.081261404,0.042093333,0.116830006,0.08284737,0.09892,0.15314001,0.13514912,0.33908,0.20972,0.28113508,0.44806,0.23616001,0.34441227,0.44064,0.25081,0.3534228,0.07875333,0.10023,0.10217544,0.0018399999,0.00212,0.0020754386,0.21942666,0.3267,0.27546844,0.09618,0.22241999,0.15958948,0.49226665,0.27031,0.38545787,0.64629304,0.21874969,0.43577754
454,5,4376723.275594067,415591.65372116934,0.0328,0.0459,0.046866667,0.036539998,0.051825,0.05477143,0.0638,0.07375,0.08297619,0.053,0.08575,0.097171426,0.41026002,0.240725,0.28727144,0.22108,0.277625,0.30180952,0.11216,0.194775,0.20476666,0.00228,0.0013,0.0016714284,0.58092564,0.26784018,0.3125652,0.31308547,0.039457142,0.046333335,0.047957145,0.042842858,0.048333336,0.052257143,0.06974286,0.06986667,0.07888857,0.07071429,0.0903,0.09896857,0.103514284,0.12206666,0.12861714,0.24322857,0.17013334,0.19245714,0.30668572,0.1930111,0.22480571,0.30252856,0.20108889,0.23127429,0.05644286,0.10401111,0.08655428,0.0015714286,0.0024555556,0.00196,0.2745143,0.29817778,0.3155543,0.15864286,0.2097,0.21764,0.34372857,0.22264443,0.25768572,0.39364135,0.1953523,0.22519372
455,5,4326093.03198514,600480.2466906556,0.02887143,0.031766664,0.029258823,0.0321,0.036633335,0.034094118,0.057514288,0.050516665,0.054876473,0.047842856,0.06381667,0.056805883,0.36217144,0.15058334,0.24730293,0.19518572,0.1898,0.19306177,0.09835714,0.12623334,0.11285,0.0010142857,0.0021833335,0.0016294117,0.53204095,0.1663799,0.3441962,0.36566105,0.023885714,0.0332,0.02822963,0.028328571,0.04175,0.033414815,0.05658571,0.0538,0.05752593,0.041942857,0.0714,0.0568,0.08818571,0.0873,0.09430741,0.2668,0.1132,0.19999631,0.34055716,0.1328,0.24529628,0.34835714,0.1483,0.25873703,0.06615714,0.0395,0.06911111,0.0026,0.0031,0.0023851853,0.19974285,0.2375,0.2175111,0.093671426,0.15385,0.1215963,0.37628573,0.16155,0.2779074,0.52865773,0.14568149,0.3618795
456,5,4347642.001659504,534044.8718863161,0.01015,0.01875,0.012365,0.014275,0.0297,0.02099,0.030175,0.04995,0.040820003,0.02075,0.0428,0.03405,0.068375,0.0384,0.055740003,0.0362,0.0495,0.04688,0.019475,0.036,0.03037,0.001075,0.0013,0.0014300001,0.1064793,-0.009639652,0.047672015,0.11611895,0.025233332,0.066685714,0.030704001,0.024225,0.018828573,0.021294,0.040925,0.043714285,0.041667998,0.035691667,0.032185715,0.033434,0.0539,0.04032857,0.04601,0.09341667,0.0335,0.064176,0.11339166,0.037542857,0.076441996,0.08149167,0.018314285,0.051896002,0.040366665,0.08474286,0.061428003,0.0017,0.0019142857,0.001922,0.07681667,0.06427143,0.075846,0.042458333,0.04087143,0.043382,0.1189,0.041128572,0.081236,0.09810208,-0.031653743,0.040768016
457,5,4389224.542494297,411365.00481023104,0.0266,0.034825,0.02776,0.0297,0.041025,0.033025,0.0588,0.0557,0.057984997,0.04015,0.065,0.051415004,0.376,0.17465,0.26993,0.196875,0.21485,0.19948001,0.089575,0.143575,0.11057,0.001175,0.0014,0.001545,0.57025796,0.20600836,0.39207444,0.3642496,0.022966668,0.033077776,0.02939,0.026816666,0.034933336,0.03161333,0.05886667,0.051988892,0.055856664,0.039566666,0.062711105,0.053409997,0.09213333,0.0905,0.092590004,0.2652,0.13285555,0.18529001,0.32748333,0.1537,0.22035666,0.32018334,0.15984444,0.22070335,0.05878333,0.07486667,0.0733,0.0023833334,0.0021888888,0.0018833334,0.19471666,0.2178,0.21103667,0.08683333,0.14164445,0.120973326,0.3631333,0.1785,0.24953333,0.49573892,0.18531929,0.31005806
458,5,4221029.152053738,650811.5636961695,0.0206,0.022983333,0.0203,0.02218,0.02525,0.022334782,0.04516,0.035033334,0.03915217,0.025360001,0.0448,0.032734785,0.40562,0.13553333,0.25937828,0.17111999,0.16791666,0.16677827,0.06542,0.1033,0.08214783,0.0013199999,0.0015666666,0.0016130434,0.6482512,0.18248078,0.42349285,0.4657704,0.018925,0.02175,0.020827586,0.0166625,0.01985,0.019348275,0.043075,0.0329,0.042389654,0.0222875,0.04905,0.0338,0.0717125,0.06885,0.07533793,0.278825,0.09375,0.21017241,0.3577125,0.112225,0.26103795,0.352275,0.1189,0.26336205,0.0714375,0.041275,0.072768964,0.0010125,0.001225,0.0017344828,0.1665875,0.179975,0.17907931,0.0638,0.109275,0.0854862,0.39515,0.143075,0.2963,0.5868469,0.14121152,0.42685962
459,5,4298350.65347937,564725.9350718124,0.0226,0.0304,0.025853844,0.0266,0.0338,0.0331,0.06066667,0.044,0.06210769,0.032833334,0.0607,0.057469234,0.39966667,0.1492,0.2771,0.19876666,0.2262,0.23541538,0.0888,0.1471,0.14094615,0.0011333333,0.0025,0.0016692309,0.6202935,0.17086527,0.38803303,0.44942823,0.02265,0.0559,0.035217024,0.0189125,0.051060002,0.034042552,0.0612875,0.069709994,0.0623383,0.035125,0.09429,0.06679149,0.10605,0.12064,0.110061705,0.312425,0.14462,0.20175318,0.3729125,0.16249,0.23394255,0.3723375,0.16285999,0.23600212,0.073625,0.07998,0.08668936,0.001225,0.00263,0.002019149,0.209075,0.25064,0.24514468,0.0965,0.17115,0.14700851,0.4074625,0.19309,0.26675108,0.5787516,0.123402245,0.30296212
460,5,4279688.356613542,548223.061751219,0.02188,0.014,0.019252632,0.02686,0.0169,0.023952631,0.052959997,0.0258,0.04373158,0.03824,0.0252,0.03625263,0.2756,0.138,0.21765788,0.15845999,0.08035,0.1394,0.07666,0.0486,0.07361579,0.00118,0.0011,0.0017631579,0.43396986,0.23529802,0.3476091,0.19867183,0.022921428,0.02069,0.023083871,0.02345,0.01377,0.019709677,0.048935715,0.022669999,0.037143547,0.034014285,0.02364,0.030991934,0.07412143,0.04406,0.061272584,0.19376428,0.090229996,0.14206935,0.23507856,0.107209995,0.17000161,0.23200715,0.106359996,0.16884677,0.0437,0.056390002,0.06044032,0.0011,0.00204,0.0018064516,0.16421428,0.10218,0.13711612,0.07862143,0.05963,0.0722758,0.26555,0.12555,0.19470483,0.37680158,0.17780131,0.2772116
461,5,4289506.936014372,671758.6064836378,0.0274,0.0271,0.025422728,0.0331,0.0354,0.032036364,0.061725,0.05564,0.056618184,0.054075,0.0705,0.0593,0.3438,0.16681999,0.2582818,0.224675,0.19304,0.20108637,0.10885,0.12746,0.1119,0.00115,0.0016600001,0.0015454545,0.49153256,0.1802368,0.35517192,0.31129575,0.0214,0.0241,0.021328,0.025442857,0.044,0.028028,0.053314287,0.0632,0.053659998,0.04372857,0.0875,0.053712,0.08537143,0.1003,0.091676004,0.2403,0.1291,0.200312,0.30124286,0.1546,0.24171202,0.31365716,0.1674,0.254888,0.05735714,0.0224,0.066908,0.0010571429,0.0014,0.00156,0.21397144,0.2398,0.205148,0.102385715,0.1496,0.10969201,0.33875716,0.1799,0.275796,0.47569346,0.1450196,0.3634493
462,5,4212577.571465559,540067.2592299375,0.07266667,0.0777,0.07213158,0.0936,0.0961,0.09138947,0.16436666,0.157675,0.1566579,0.2086,0.203725,0.20136842,0.32056668,0.2625,0.28815264,0.42553335,0.4038,0.4115684,0.327,0.313025,0.31702632,0.001,0.004025,0.0021473684,0.15369849,0.08389524,0.122477144,0.069803245,0.045575,0.04154,0.0437,0.0852,0.08579,0.085513204,0.1496,0.14234,0.1453151,0.1913,0.19425,0.19050944,0.2090875,0.20668,0.20878491,0.2916,0.23026001,0.2588132,0.3294375,0.2455,0.28254342,0.3253625,0.2547,0.28886038,0.0401625,0.06813,0.06961698,0.001125,0.0018,0.0017245283,0.378725,0.38275,0.37686417,0.274525,0.28598002,0.27962077,0.3437625,0.25655,0.2964566,0.18781707,0.08781742,0.14081652
463,5,4356960.564428892,407012.4182732907,0.0345,0.037633333,0.032646667,0.0387,0.044066664,0.038333334,0.0658,0.0608,0.0608,0.06356667,0.0784,0.06544667,0.34156668,0.19276667,0.26985335,0.2672,0.24376668,0.23893999,0.1398,0.15493333,0.13641334,0.0014,0.0015,0.00146,0.46515468,0.20704696,0.35812435,0.25810772,0.028514285,0.038933333,0.0327125,0.031957146,0.044122223,0.037484374,0.06264286,0.0625,0.061121874,0.04937143,0.08493333,0.0695,0.103114285,0.11558889,0.1093125,0.28555715,0.15732221,0.20069376,0.35642856,0.1822111,0.24075,0.3597,0.19583334,0.25176874,0.06442857,0.09075555,0.0869,0.0013571428,0.0022666666,0.00196875,0.23034285,0.2666111,0.25481874,0.10785714,0.16707778,0.14543125,0.3992,0.21621111,0.27812812,0.52484506,0.19808194,0.32121944
464,5,4390745.334790685,454449.289996122,0.030766666,0.044733334,0.036047056,0.035466667,0.05386667,0.0443,0.06016667,0.0719,0.06940588,0.0533,0.09216667,0.078770585,0.29823333,0.17296666,0.2518,0.2311,0.27376667,0.25011176,0.12653334,0.1982,0.15614706,0.0012666667,0.0012,0.0015294118,0.42936012,0.1448894,0.3002212,0.28447074,0.027625,0.0363375,0.03288108,0.0335125,0.0477875,0.044635136,0.0634625,0.06615,0.07148919,0.0535875,0.0891625,0.08423514,0.092675,0.1059875,0.11352162,0.2552,0.12705,0.18979189,0.3187625,0.143975,0.22315945,0.3172,0.156475,0.23164324,0.05525,0.0708,0.07145135,0.004225,0.00215,0.0022972974,0.2303625,0.2657,0.26735133,0.1230625,0.187425,0.17144324,0.3505,0.1714375,0.25624865,0.45582145,0.122791335,0.2570221
465,5,4308462.060771365,449181.37753781595,0.036475,0.056675,0.05187368,0.0421,0.07025,0.06367368,0.071675,0.1041,0.09841053,0.06105,0.132025,0.118942104,0.444475,0.244525,0.30450526,0.25435,0.335275,0.32642633,0.1298,0.25325,0.2247158,0.0014,0.00405,0.0019157894,0.60249245,0.18012853,0.29177213,0.42236394,0.037766665,0.047025,0.04699697,0.045866664,0.063375,0.063239396,0.08048333,0.0920125,0.09658788,0.087516665,0.1219,0.12183939,0.122,0.1438375,0.14950909,0.26801667,0.1694625,0.21283333,0.3443,0.1869875,0.24875455,0.3442,0.1983625,0.25733635,0.0493,0.0857875,0.08123636,0.0032166669,0.0023875,0.0022848484,0.27706668,0.3096125,0.32339394,0.16048333,0.2324375,0.2259606,0.37521666,0.2132875,0.2788394,0.41287595,0.1282134,0.2185786
466,5,4198869.363657136,589829.5323239653,0.049622223,0.05818182,0.05345238,0.061511107,0.07210909,0.06519762,0.10474445,0.10705454,0.10175714,0.1032,0.13541818,0.11504286,0.35425556,0.23785454,0.28826904,0.32918888,0.36399093,0.34249523,0.2089,0.26615453,0.23431668,0.0022333334,0.0022636363,0.001992857,0.39180028,0.16386063,0.27683023,0.22793965,0.035685714,0.04355,0.03953793,0.049657144,0.058,0.054234486,0.0859,0.083125,0.08583449,0.082585715,0.1095,0.0972069,0.12961428,0.13135,0.13485862,0.24548572,0.149425,0.1991931,0.28924283,0.16885,0.22878276,0.28592858,0.17525,0.2331,0.046957143,0.04875,0.06079655,0.0012857142,0.001475,0.0017586206,0.29922858,0.3196,0.31004825,0.18741429,0.230825,0.20953794,0.32904285,0.2072,0.2674552,0.34252775,0.11430409,0.23167863
467,5,4383492.731457386,406513.9027163965,0.0311875,0.04092,0.0319,0.036525,0.04948,0.038085714,0.065925,0.07048,0.06546071,0.0562,0.09038,0.06283571,0.3105625,0.23424,0.28377858,0.2383,0.28812,0.242375,0.1263125,0.1834,0.13395715,0.0019,0.0026200002,0.0017428572,0.4399388,0.24783757,0.38502946,0.19210124,0.026257144,0.041277777,0.033222225,0.0329,0.05352222,0.042091664,0.0652,0.076966666,0.0714,0.05312857,0.10562222,0.07600278,0.09918571,0.13725555,0.119075,0.21901429,0.1807111,0.20640832,0.26587144,0.2060111,0.24218889,0.27007145,0.22864443,0.25821668,0.05305714,0.10226667,0.08720278,0.0020857144,0.0027444444,0.0021888888,0.22795716,0.3141889,0.27380833,0.11512858,0.20303334,0.15795,0.30342856,0.24662222,0.2816083,0.3880688,0.20750806,0.31620672
468,5,4265346.037143935,633928.9070553381,0.03838889,0.0334625,0.033317946,0.045155555,0.0429875,0.042174358,0.07763333,0.0645625,0.06851026,0.070933335,0.081775,0.07712564,0.44956666,0.1674,0.26438975,0.2818889,0.22955,0.24748719,0.1611,0.1629125,0.15756667,0.0017888889,0.0017375,0.0017282051,0.5843804,0.15697643,0.32298246,0.42740396,0.0328125,0.14895,0.03714643,0.03965,0.2203,0.052710712,0.0685,0.2399,0.078225,0.0590625,0.26945,0.08826429,0.100125,0.26895,0.11554286,0.3118375,0.2948,0.21574643,0.4137,0.31145,0.2646357,0.4215625,0.321,0.2714,0.0606125,0.0598,0.06301429,0.001075,0.00165,0.0015571428,0.26385,0.1588,0.24696428,0.1373875,0.1194,0.15056786,0.4521375,0.3287,0.29581073,0.5796985,0.06549591,0.30867633
469,5,4237510.340543438,564167.5826252673,0.0272,0.0527,0.035573334,0.03285,0.065075,0.04554,0.06905,0.0919,0.07602,0.0524,0.12415,0.086893335,0.4154,0.2526,0.31737334,0.2329,0.380275,0.29174665,0.11,0.267825,0.17642668,0.0008,0.004375,0.0021266667,0.5888422,0.20710261,0.37760893,0.38173962,0.025418183,0.044275,0.032882813,0.034045454,0.064,0.04585,0.07230909,0.088775,0.07599375,0.05268182,0.12256666,0.084360935,0.107309096,0.1431,0.1236875,0.2978818,0.17436667,0.2278375,0.37267274,0.19644167,0.27110782,0.38383636,0.21595,0.28839374,0.06317273,0.084775,0.09118438,0.0011818182,0.0020083333,0.001975,0.23874547,0.361675,0.28971094,0.11052727,0.25065,0.17082188,0.42004547,0.23416668,0.3134875,0.5481701,0.15459691,0.34213945
470,5,4234289.026048329,642782.4846244431,0.021119999,0.015733333,0.020141667,0.02522,0.024566667,0.0273125,0.04748,0.0453,0.053833332,0.032220002,0.04345,0.042875,0.19192,0.07466667,0.13617916,0.09822,0.078716666,0.09283333,0.04692,0.0532,0.05297083,0.00091999996,0.00105,0.0013333333,0.3145563,0.0661961,0.18825302,0.2483602,0.0278,0.056240004,0.031959374,0.03082,0.06524,0.03523125,0.05212,0.08748,0.06108125,0.037520003,0.08572,0.04945,0.06103,0.09562,0.07415938,0.13678001,0.10124,0.1092,0.16984001,0.1056,0.12759376,0.15111,0.09734,0.11409062,0.029889999,0.036179997,0.034671877,0.00135,0.0013,0.001521875,0.104140006,0.100659996,0.106921874,0.04835,0.06776,0.05893125,0.18161,0.11421999,0.1356875,0.2287984,0.02229354,0.13108811
471,5,4341680.038680706,577470.691342727,0.04044,0.0673,0.05054737,0.053859998,0.0878,0.06742105,0.1025,0.1686,0.1254,0.09,0.1488,0.114752635,0.09502,0.05165,0.06014737,0.0294,0.0421,0.01328421,0.02128,0.0336,0.010831579,0.0010800001,0.0021,0.0014,0.009572699,-0.17240217,-0.10221466,0.18197487,0.057491668,0.15626922,0.07739508,0.066308334,0.17860769,0.09384754,0.111225,0.24199231,0.15004262,0.09664167,0.22406924,0.13454263,0.14124167,0.22953846,0.16209671,0.14055833,0.16228461,0.12139344,0.16095,0.15362307,0.12717868,0.1377,0.134,0.108450815,0.008941666,0.032253847,0.019090164,0.0010666667,0.0015692307,0.0015311476,0.05755833,0.021392308,0.038278688,0.040941667,0.018261539,0.027996723,0.129575,0.12262307,0.09831803,0.07494367,-0.13469173,-0.04557194
472,5,4367512.445424318,593104.6719787092,0.037779998,0.0388,0.03573158,0.04228,0.04605,0.042478945,0.0674,0.0628,0.06513158,0.06476,0.08595,0.076689474,0.28088,0.1636,0.22841053,0.27541998,0.2677,0.26712632,0.15618001,0.1757,0.16076316,0.00083999994,0.00245,0.0013894737,0.37617385,0.14170949,0.26853943,0.23446436,0.024971427,0.06786667,0.03537258,0.03842857,0.082833335,0.04876774,0.06497143,0.10015,0.07320968,0.06699286,0.12918334,0.08857419,0.10004286,0.14283334,0.117953226,0.19977857,0.16016667,0.18114677,0.2403,0.17518334,0.20986453,0.24072856,0.19339167,0.22265966,0.047964286,0.08259167,0.07176613,0.0019357144,0.002075,0.0018741935,0.2642,0.26665834,0.2699032,0.14830714,0.17453334,0.16021773,0.27580714,0.2067,0.24592742,0.30990776,0.106769614,0.2335597
473,5,4228522.804233754,625113.1863732171,0.0275625,0.04646,0.034910258,0.03525,0.05743,0.042889744,0.07005,0.085140005,0.07448718,0.063025,0.106759995,0.076469235,0.3638125,0.22048001,0.31444103,0.237825,0.23245,0.24685898,0.1245875,0.16222,0.14428206,0.0013125,0.00246,0.0018102564,0.49632522,0.19252338,0.39715785,0.30380183,0.03302,0.02718,0.032421738,0.04184,0.035660002,0.040569566,0.07736,0.06056,0.072991304,0.0758,0.09002,0.07922174,0.12784,0.11762,0.12690869,0.25918,0.14718,0.22873914,0.31006002,0.16894001,0.2699652,0.31054,0.17722,0.2783087,0.062359996,0.05094,0.078943476,0.00106,0.0015,0.0014217391,0.28916,0.23103999,0.2672739,0.15736,0.15076,0.1583,0.34838,0.19686,0.30303043,0.39320984,0.15646666,0.33894274
474,5,4352034.687690056,544907.5584228531,0.02362,0.038533334,0.031836364,0.02936,0.049866665,0.039763637,0.065759994,0.0741,0.06992273,0.04564,0.0971,0.07101818,0.40972003,0.21146667,0.3083409,0.21302,0.25703332,0.24362727,0.09262,0.16373333,0.13217726,0.00118,0.0016333334,0.0015136364,0.59910905,0.1979338,0.40121245,0.40117526,0.022,0.03934,0.030079998,0.028208334,0.0545,0.040069092,0.06255833,0.0796,0.069325455,0.043783333,0.10869,0.0728,0.10018333,0.13472,0.11604364,0.27319166,0.17229,0.21909273,0.334825,0.19494,0.25921273,0.336975,0.21147,0.26973453,0.066775,0.08051,0.085498184,0.0013416667,0.0020899998,0.0018418182,0.20986667,0.2941,0.2501491,0.092591666,0.18483001,0.13634546,0.377625,0.23088999,0.29816002,0.50828797,0.17451976,0.34084582
475,5,4378786.680210318,438676.81284352863,0.03165,0.036325,0.030821053,0.036,0.043725,0.037278946,0.0703,0.0598,0.06425789,0.054075,0.082725,0.06633158,0.386775,0.185825,0.30641052,0.255975,0.259675,0.25013158,0.121075,0.159675,0.13280526,0.00135,0.001525,0.0014526315,0.54844695,0.18618643,0.40952155,0.36226052,0.02525,0.030144446,0.027542105,0.0293,0.038833335,0.034428947,0.065075,0.054522224,0.06026579,0.0403,0.081877775,0.06463947,0.1040625,0.10062222,0.107939474,0.3068875,0.123011105,0.2125842,0.375525,0.14222221,0.25409472,0.37075,0.15872222,0.26514474,0.070825,0.07568889,0.08603684,0.0020625,0.0022555555,0.0018394737,0.228375,0.25786668,0.2503895,0.1003,0.15742221,0.13252895,0.4113,0.17472221,0.29159737,0.5629587,0.14175548,0.35293275
476,5,4395914.871372397,572020.206259401,0.03975,0.0356,0.036968183,0.043533333,0.042333335,0.042854544,0.06993333,0.05853333,0.066240914,0.05818333,0.067433335,0.06590455,0.34173334,0.19196667,0.26905,0.2591667,0.22363332,0.25167271,0.14375,0.15383334,0.15608183,0.0013833334,0.0026,0.002109091,0.47852558,0.22996882,0.35584095,0.24855676,0.034133334,0.08157692,0.044757143,0.042906668,0.09341539,0.05357143,0.071386665,0.10930769,0.07763174,0.06258,0.12177693,0.08073333,0.10592667,0.14365384,0.11633492,0.24925335,0.18554616,0.2058365,0.29938668,0.20406154,0.23871745,0.30102,0.21526155,0.24770953,0.0582,0.08292308,0.0763,0.00234,0.0022846153,0.0020603174,0.26189333,0.22405386,0.2559111,0.14857332,0.15437692,0.1617381,0.33472,0.22918461,0.2714222,0.41076016,0.15502985,0.2895937
477,5,4374190.0039517945,467662.82345614734,0.01685,0.0438,0.040342104,0.020125,0.05666667,0.05181053,0.039525,0.0793,0.08047895,0.02305,0.10493334,0.09691053,0.4944,0.1755,0.30617896,0.150525,0.2713667,0.2672579,0.053025,0.21566668,0.17581052,0.001175,0.0015333333,0.0016421053,0.76037925,0.1235982,0.3399943,0.63678104,0.022214286,0.036183335,0.039985295,0.022657143,0.049066667,0.049252942,0.046442855,0.07105,0.075891174,0.03272857,0.10081667,0.0965,0.06038571,0.11535,0.11889117,0.2627143,0.13176666,0.18707646,0.4037857,0.14603333,0.2339147,0.4045,0.15525,0.24112354,0.06488571,0.07456667,0.07310294,0.004214286,0.0025,0.0026441177,0.1758,0.26926666,0.2761147,0.07398571,0.21263333,0.19200294,0.43682855,0.16966666,0.26414117,0.62670135,0.09739648,0.24550356
478,5,4374883.614317497,421104.7382547519,0.0227,0.0383,0.03168421,0.0272,0.046,0.03878421,0.06135,0.06535,0.06618421,0.040625,0.083775,0.06797368,0.38085,0.183025,0.2713,0.2021,0.260775,0.24151053,0.09035,0.174125,0.14007895,0.001225,0.00145,0.0018894738,0.5753458,0.17927007,0.35436612,0.39607573,0.025616666,0.037966665,0.032693937,0.027983334,0.041766666,0.036087878,0.0624,0.06,0.06110606,0.04305,0.08495555,0.07057273,0.09983333,0.10514445,0.105996974,0.26435,0.13224445,0.1816091,0.32255,0.15011111,0.21265152,0.32106668,0.15925555,0.21994849,0.0574,0.085255556,0.0813,0.0017333335,0.002622222,0.0018878788,0.21491668,0.27164444,0.25265455,0.09705,0.17894444,0.14859697,0.35965,0.1791,0.24658181,0.48795858,0.13626537,0.2687924
479,5,4352068.127093628,530249.3256459349,0.040075,0.035133336,0.03002857,0.052975,0.041666664,0.03652143,0.08495,0.0555,0.05828929,0.104275,0.06826667,0.06165357,0.272075,0.1478,0.29248217,0.286525,0.20473334,0.20902143,0.18365,0.15123333,0.12403214,0.001225,0.0014333333,0.0016607144,0.2755635,0.15159139,0.4006187,0.12397212,0.026335714,0.070081815,0.03650727,0.046192855,0.10327273,0.05132727,0.07852143,0.11877273,0.075712726,0.08889286,0.13633637,0.08033818,0.11893572,0.14837272,0.11080546,0.2375,0.17147273,0.2158291,0.29235715,0.18664546,0.2651,0.29450715,0.20170909,0.28002182,0.057257142,0.08135454,0.07808,0.0022214286,0.0018545454,0.002029091,0.25364286,0.20113637,0.21891272,0.14770713,0.1481909,0.13255636,0.32868573,0.20659092,0.2964491,0.34090638,0.106893875,0.33894473
480,5,4265820.039577775,510302.8561534165,0.01694,0.015866667,0.017571429,0.02198,0.019033333,0.021571428,0.047960002,0.0273,0.03948095,0.03432,0.030233335,0.03472857,0.25068,0.12603334,0.18821429,0.1474,0.112,0.13547142,0.0728,0.06896667,0.0748381,0.00112,0.0017666667,0.0018047619,0.40576184,0.19981754,0.3017659,0.2059443,0.021778572,0.0219125,0.023083927,0.019528572,0.0101125,0.0165125,0.044507146,0.021625,0.035344645,0.02815,0.025425,0.029132145,0.07392857,0.0530125,0.06799464,0.19997142,0.098925,0.15294643,0.24714285,0.117625,0.18411608,0.22657856,0.128125,0.17856608,0.05129286,0.082625,0.07803929,0.0017,0.0018,0.0018821429,0.15929286,0.1312875,0.15234108,0.07357143,0.07805,0.08012857,0.27725,0.140075,0.21081428,0.38332173,0.21591143,0.299231
481,5,4331652.556837222,601414.6641861371,0.0446,0.04555,0.042284373,0.05128571,0.05745,0.05083125,0.0808,0.0785,0.075725,0.082257144,0.101075,0.0866375,0.36297143,0.191975,0.266725,0.28885716,0.272275,0.27207813,0.16547142,0.1911,0.17366563,0.0025857145,0.001975,0.0018375,0.4497506,0.15841149,0.30530447,0.2913391,0.0256875,0.0445,0.032462966,0.0373375,0.06625,0.04737037,0.067725,0.092,0.07545185,0.06815,0.11935,0.08646297,0.105925,0.13525,0.120011106,0.2634125,0.16425,0.2152,0.33335,0.18455,0.2577111,0.330775,0.1982,0.26634073,0.0522,0.0487,0.07365185,0.0022375,0.00145,0.0023592592,0.2601375,0.32985,0.27954814,0.1360125,0.22765,0.17066666,0.3704875,0.2146,0.291,0.43936765,0.13277629,0.30511504
482,5,4221188.339447415,559613.2765277665,0.029566666,0.03975,0.03236875,0.0352,0.0486,0.0408125,0.0719,0.068125,0.068325,0.05626667,0.0937,0.0781125,0.4013,0.192675,0.27891874,0.25813332,0.303375,0.27378124,0.12743334,0.216525,0.167175,0.0008666667,0.003875,0.00196875,0.56145346,0.1745523,0.34234825,0.38690114,0.024481818,0.03331818,0.030747272,0.034636363,0.0447,0.043096364,0.075618185,0.06708182,0.07383091,0.058490913,0.10171818,0.086510904,0.11877273,0.12022727,0.123874545,0.29808182,0.14345454,0.21085091,0.36305454,0.16450909,0.24781092,0.37456363,0.17836364,0.26213273,0.05857273,0.08097273,0.09008,0.0011090909,0.002118182,0.002030909,0.26555455,0.31475455,0.2917018,0.12926364,0.21605454,0.17768909,0.4084,0.19927274,0.2880909,0.5215922,0.13470323,0.29872558
483,5,4193244.831084444,637917.6278462544,0.029,0.0324,0.029186364,0.0351,0.04155,0.036445457,0.07148,0.0715,0.06775,0.0693,0.09053333,0.07814545,0.3063,0.12936667,0.18485454,0.1845,0.17851666,0.1626591,0.098840006,0.12975,0.10416818,0.00116,0.0012833333,0.0013363636,0.40234414,0.07209266,0.19438358,0.3302515,0.035057142,0.03845,0.03298276,0.0256,0.036583334,0.029286206,0.06052857,0.0606,0.06004483,0.0516,0.076683335,0.06726207,0.10038571,0.100383334,0.10206552,0.21895716,0.1085,0.15454139,0.26552856,0.12003334,0.18013103,0.25424284,0.10366666,0.17029311,0.043185715,0.046633333,0.055413794,0.0010428572,0.00145,0.0015172414,0.1764,0.15645,0.17643449,0.09495714,0.111766666,0.11136897,0.27797145,0.12551667,0.19153449,0.36761728,0.052386403,0.19341694
484,5,4265301.8569114795,673048.2080907963,0.038683333,0.0382,0.036630437,0.04395,0.0465,0.043265216,0.07868333,0.06828,0.07141304,0.065183334,0.087179996,0.07313913,0.37816668,0.22678001,0.29687828,0.2566,0.24788001,0.24771304,0.12745,0.15641999,0.13895652,0.0012333333,0.0018200001,0.0013304348,0.5098755,0.2430342,0.37988538,0.2668413,0.02056,0.1558,0.034272727,0.03374,0.25655,0.05686818,0.07212,0.2902,0.09072273,0.063659996,0.31055,0.09727727,0.1181,0.33835,0.14198183,0.26102,0.39855,0.24304092,0.31542,0.42335,0.28321818,0.32516,0.4242,0.29769546,0.053859998,0.0958,0.06797273,0.0011,0.00155,0.0016363636,0.26616,0.16755,0.25410455,0.14066,0.11385,0.14561817,0.35776,0.4492,0.32151365,0.44233745,0.13096213,0.32723242
485,5,4382379.173089757,541123.4289802585,0.02235,0.03365,0.030845456,0.025275,0.04625,0.039218184,0.058875,0.06855,0.064409085,0.03325,0.08775,0.069595456,0.416375,0.14035,0.23769546,0.1911,0.19735,0.21884091,0.078975,0.134875,0.13017273,0.001025,0.002975,0.0017,0.64017415,0.0973389,0.29916897,0.54283524,0.02342,0.029277777,0.029431483,0.0244,0.037877776,0.034785185,0.06009,0.05497778,0.060485188,0.03199,0.073688895,0.064753704,0.10024,0.08592223,0.10104074,0.29608,0.09132222,0.17983148,0.36365,0.101455554,0.21225925,0.37071002,0.10344444,0.21826668,0.06745,0.043844447,0.0664,0.00117,0.0019222221,0.0018833334,0.19488001,0.1683,0.21636668,0.08345,0.11556666,0.12611851,0.40698,0.116,0.24302964,0.58501434,0.058102787,0.2793836
486,5,4208240.613284181,520749.83533837734,0.015533333,0.03045,0.0224375,0.017566668,0.03185,0.0256,0.0425,0.03955,0.04411875,0.025233332,0.05615,0.0415,0.3444,0.15565,0.250225,0.17586666,0.211,0.19179375,0.073466666,0.12585,0.0986125,0.0011,0.0015,0.00135,0.56792843,0.19276819,0.38657787,0.37516025,0.015566668,0.025281817,0.020484617,0.014255555,0.024454545,0.020288462,0.041744445,0.038118184,0.040928844,0.025477776,0.06324545,0.047344234,0.07616667,0.08254545,0.08328654,0.24795556,0.11032727,0.17014615,0.31147778,0.12857273,0.2049,0.3106111,0.13908182,0.21252114,0.049244445,0.07764545,0.077534616,0.0010111111,0.0021363636,0.0018557692,0.18282221,0.2168,0.20446922,0.076233335,0.1323,0.10906346,0.34686667,0.16127273,0.23855385,0.51964957,0.14687055,0.3113849
487,5,4205738.300219992,691718.6715887806,0.03252,0.03515,0.033438094,0.0367,0.0417,0.03878095,0.065859996,0.05891667,0.06180476,0.06362,0.08151667,0.0753,0.28008,0.15901667,0.21602857,0.23288001,0.255,0.2574762,0.1329,0.17356667,0.1631762,0.00154,0.00125,0.0016809525,0.37769547,0.14302516,0.251886,0.23467031,0.031625,0.0791,0.04207742,0.034225,0.08343333,0.04625484,0.064125,0.1028,0.072458066,0.0653,0.13008334,0.0879129,0.1150375,0.15006666,0.1252516,0.218875,0.1685,0.18609032,0.2553375,0.1843,0.21131292,0.2563125,0.18975,0.21644838,0.0484,0.08738333,0.07374839,0.001175,0.0028,0.002283871,0.27375,0.22953333,0.27604517,0.1559375,0.159,0.17644517,0.2874375,0.20656668,0.23981614,0.3379478,0.09931533,0.2251155
488,5,4251938.910741937,550028.2308723256,0.025466667,0.039275,0.03043158,0.031266667,0.04905,0.038194735,0.06733333,0.07105,0.06724737,0.0522,0.089325,0.067542106,0.366,0.200075,0.28864735,0.21433333,0.23825,0.22546315,0.1016,0.156275,0.12736842,0.001,0.00265,0.0018105262,0.52605814,0.19574678,0.38101926,0.33031136,0.028061539,0.035918184,0.032510344,0.030938461,0.044345457,0.03633793,0.066984616,0.06726363,0.065386206,0.053623077,0.088,0.065318964,0.107884616,0.1124,0.10794656,0.26356924,0.15231818,0.21552932,0.32003844,0.17238182,0.256,0.32308462,0.18452728,0.26530516,0.063376926,0.07314545,0.09118793,0.0015692307,0.0025818183,0.0018189655,0.22393845,0.24507272,0.23164655,0.10590769,0.15693636,0.1273431,0.36376923,0.20158182,0.29197416,0.4640192,0.17289782,0.35157567
489,5,4233536.854489583,650970.5293646161,0.02754,0.030666666,0.027330436,0.029620001,0.038283333,0.032465216,0.06002,0.057383332,0.056486957,0.03574,0.0728,0.053382613,0.4002,0.1781,0.26905218,0.18736,0.20403333,0.19551305,0.0822,0.13676666,0.10906522,0.00128,0.0016166666,0.0015086957,0.61316603,0.1945935,0.38590422,0.41857255,0.0246875,0.03186,0.028917857,0.0255625,0.03336,0.030217856,0.05705,0.04928,0.054925,0.0338125,0.06432,0.05295,0.088375,0.0848,0.09193214,0.2769125,0.1185,0.19875,0.3486375,0.13905999,0.24165715,0.338475,0.13306,0.23840356,0.0746875,0.0625,0.076610714,0.0010375,0.00142,0.0018357143,0.1905125,0.19658001,0.20413572,0.0868875,0.13035999,0.11313572,0.3858875,0.16478,0.275225,0.5365193,0.13348319,0.33953825
490,5,4326153.257164965,567130.2521458722,0.039166667,0.1296,0.06009286,0.05443333,0.1565,0.08057143,0.11056666,0.2151,0.14907143,0.08653333,0.232,0.14682858,0.0788,0.1543,0.09422857,0.0337,0.0631,0.049364284,0.018666668,0.0461,0.03092857,0.0023333335,0.0018,0.0016357143,-0.015028081,-0.113523446,-0.09090173,0.098495364,0.036761537,0.053244445,0.044685483,0.053038463,0.0955,0.07575,0.10109231,0.16775556,0.13914193,0.07548461,0.15293334,0.12434193,0.08950769,0.17115556,0.14152259,0.09644616,0.12622222,0.119132265,0.11147693,0.12401111,0.12807903,0.092446156,0.10553334,0.108466126,0.031492308,0.07203333,0.061898388,0.0013,0.0018444444,0.0019032259,0.065584615,0.07932223,0.07487742,0.0325,0.0503,0.04149355,0.10858462,0.10322221,0.11217742,0.03329425,-0.080471374,-0.02821087
491,5,4225490.761913937,616319.4414203612,0.025466667,0.04868,0.036941666,0.03105,0.06164,0.04761111,0.06976667,0.088740006,0.08078055,0.043516666,0.11048,0.088302776,0.44783336,0.21629,0.29441112,0.21635,0.25333,0.2627639,0.0988,0.18095,0.16480833,0.0011833333,0.00254,0.0018416666,0.65116864,0.17855914,0.3420686,0.47260952,0.026820002,0.02915,0.027617391,0.03066,0.044025,0.039221738,0.06734,0.0697,0.07298696,0.04784,0.0938,0.077430435,0.106759995,0.1187,0.12362174,0.27774,0.159875,0.2201739,0.33912,0.179825,0.25675216,0.34686002,0.1905,0.26986086,0.07522,0.0564,0.07976087,0.0017,0.001825,0.0023826086,0.23213999,0.269675,0.26719132,0.116440006,0.181975,0.16059566,0.37958,0.2102,0.29311737,0.5114335,0.17077324,0.33047888
492,5,4338653.5483726915,581221.0626482192,0.0314,0.034,0.043494444,0.04956,0.054,0.0637,0.093559995,0.098,0.11415555,0.060420003,0.05935,0.077705555,0.02522,0.0159,0.021105556,0.02004,0.0218,0.020755555,0.01674,0.0216,0.018477777,0.0014399999,0.0011,0.0012833333,-0.07519903,-0.093776435,-0.11717466,0.018577404,0.06668235,0.07803333,0.06313606,0.08659412,0.07852222,0.08172131,0.13457647,0.11617778,0.12969509,0.0971353,0.065177776,0.0885,0.0922,0.061333332,0.08195409,0.1015,0.042622223,0.06915738,0.117829405,0.04221111,0.07720492,0.1055,0.0359,0.067739345,0.023217646,0.045966666,0.034309834,0.001982353,0.001988889,0.0019688525,0.08998235,0.04961111,0.07245082,0.06347059,0.0339,0.050083607,0.11841765,0.045611113,0.07730655,0.015621817,-0.061387904,-0.040543742
493,5,4211672.904264464,634904.7435009831,0.01,0.01755,0.013709525,0.016625,0.029933335,0.022276191,0.056925,0.05488333,0.05071905,0.025325,0.046033334,0.03732857,0.284625,0.013366668,0.118919045,0.140425,0.0062666666,0.068414286,0.059025,0.0048166667,0.03325238,0.001,0.0013166667,0.0012047619,0.48182517,-0.07266709,0.16878353,0.55449224,0.028544446,0.08574,0.038721874,0.026466666,0.113759995,0.038675,0.07163333,0.13884,0.0695625,0.031444445,0.14156,0.055109374,0.099711105,0.1443,0.089415625,0.27343333,0.1316,0.14958437,0.3113,0.13552,0.16754687,0.34583333,0.1325,0.17545626,0.037077777,0.0379,0.041084375,0.0013888889,0.00124,0.001578125,0.16456667,0.036820002,0.10044687,0.074088894,0.029339999,0.053153124,0.32725558,0.13576,0.17488438,0.5529953,-0.0153846955,0.23007026
494,5,4350186.737173737,415334.1553963881,0.038066667,0.0473,0.043129414,0.0476,0.05735,0.05437647,0.0875,0.0852,0.088905886,0.0741,0.09365,0.09168235,0.2647333,0.128,0.18861176,0.1632,0.172275,0.17754705,0.08623333,0.132025,0.12104706,0.0008,0.00235,0.0014176471,0.33037022,0.06348134,0.17202543,0.2668889,0.0262,0.0356125,0.033696156,0.0433,0.0464125,0.047657695,0.08325,0.0692875,0.07772692,0.081325,0.0933875,0.095438465,0.109425,0.1012875,0.11181153,0.237675,0.1142875,0.15859231,0.285775,0.1280125,0.18125385,0.274975,0.138875,0.18828462,0.045775,0.0562,0.06137692,0.00225,0.0021125,0.0020961538,0.191825,0.20235,0.21004231,0.106225,0.1500375,0.14443462,0.305525,0.14345,0.20102307,0.329302,0.08343237,0.16376868
495,5,4198594.791773062,590063.0842345322,0.0158625,0.031327274,0.022034146,0.02265,0.039036363,0.028860973,0.048,0.062118184,0.051260974,0.039925,0.060881816,0.049868293,0.1113375,0.061981816,0.08358537,0.0532125,0.06329091,0.06463415,0.0275875,0.0467,0.04110244,0.0021125,0.0014636364,0.0015073171,0.1478939,0.002276305,0.07005305,0.1456176,0.0233,0.061759997,0.03395,0.017266667,0.07494,0.029185714,0.038866665,0.099259995,0.05007857,0.03015,0.1026,0.048967857,0.0531,0.116459996,0.06997857,0.09408333,0.11492,0.08740714,0.1135,0.1221,0.10035,0.09825,0.11568,0.08881429,0.032433335,0.048079997,0.047107145,0.0012833333,0.00176,0.0015607142,0.076,0.11662,0.101475,0.0386,0.08376,0.06412857,0.120016664,0.13294001,0.10911072,0.14543702,0.024010222,0.08257731
496,5,4314678.822423635,494729.5321589937,0.0577875,0.05434,0.05419025,0.0698875,0.0692,0.06866829,0.113825,0.104480006,0.109534144,0.1333375,0.13864,0.13648292,0.4300125,0.21416001,0.32452682,0.3395125,0.30628002,0.31504634,0.232025,0.24936001,0.22677805,0.001725,0.0032799998,0.0018804878,0.42381597,0.12205088,0.2845553,0.30176508,0.0315,0.04272857,0.040748384,0.04645,0.06124286,0.06134516,0.0831,0.09085714,0.0985129,0.09068333,0.12604286,0.12604839,0.12625,0.14441428,0.15639354,0.32463333,0.16417143,0.24319355,0.42688334,0.17844287,0.28923872,0.42115,0.18645714,0.29641935,0.059783332,0.088285714,0.08775161,0.00405,0.0022428571,0.0023903225,0.28075,0.28255716,0.30236453,0.16328333,0.2224,0.21225806,0.46341664,0.20004286,0.32019678,0.5041321,0.10143705,0.26638186
497,5,4395030.061359422,453376.7733678565,0.017275,0.021933332,0.018088888,0.01965,0.029333334,0.022794444,0.043725,0.0444,0.045255553,0.023,0.0548,0.036866665,0.331675,0.1131,0.2358,0.13315,0.16053334,0.1456,0.052225,0.109633334,0.07532778,0.001275,0.0012666667,0.0016888889,0.5564218,0.117104016,0.37555,0.4393178,0.017266667,0.0185625,0.018186111,0.01915,0.0234375,0.022247223,0.047416665,0.037625,0.044425,0.026683334,0.0533125,0.042775,0.07111667,0.0721875,0.075508334,0.2538,0.089625,0.158825,0.32151666,0.102825,0.19071667,0.32478333,0.1088625,0.19884166,0.0518,0.0576125,0.06159167,0.0020666665,0.0019,0.0015916667,0.15425,0.181775,0.1710389,0.06446667,0.1206875,0.09541389,0.3491333,0.1250125,0.2161,0.53660536,0.1122846,0.29978192
498,5,4374815.0931634335,444908.0864925062,0.0195,0.042725,0.02916111,0.024266668,0.05075,0.035366666,0.058033332,0.0683,0.06302778,0.033833336,0.085625,0.05888889,0.4146,0.198175,0.30131668,0.17703333,0.282625,0.22765,0.071,0.184975,0.12196666,0.0012,0.001525,0.0013777778,0.636393,0.20045593,0.42010847,0.43593708,0.016328571,0.039344445,0.029337838,0.02,0.04761111,0.03446757,0.054371428,0.066377774,0.061724324,0.032285716,0.0858,0.06127838,0.08955714,0.11491111,0.10581081,0.2898,0.15107778,0.20813242,0.36684284,0.17016666,0.24915946,0.36302856,0.18526666,0.26097837,0.06151429,0.08625556,0.08082703,0.004442857,0.002622222,0.002418919,0.17942858,0.2873111,0.23898648,0.0734,0.18791111,0.13307838,0.40285715,0.20206666,0.28472164,0.5740013,0.17874426,0.35456926
499,5,4380530.225469769,553965.4283549984,0.03436,0.030539999,0.028713044,0.03812,0.0377,0.0342,0.0608,0.05348,0.056191303,0.054,0.064559996,0.05698261,0.29588002,0.1495,0.22816086,0.21318,0.189,0.1958174,0.12234,0.13114001,0.119460866,0.0016399999,0.00348,0.0020304348,0.42420802,0.16278966,0.31353185,0.26141834,0.025861539,0.068009086,0.034305174,0.03153846,0.07612727,0.03923793,0.059061535,0.09135455,0.06252069,0.055492308,0.10481817,0.0656431,0.09361539,0.12585454,0.10130172,0.22485386,0.1573091,0.18478966,0.27565387,0.16994546,0.21611898,0.2754077,0.17637274,0.22018448,0.053984612,0.06494545,0.06935,0.0013461538,0.003909091,0.0020965517,0.21824615,0.18511818,0.20314482,0.1229,0.1255,0.12193966,0.30895385,0.1933,0.24504656,0.39031142,0.12527618,0.28042796
500,6,4307431.238892897,429972.0292155046,0.01385,0.041466665,0.0358,0.02005,0.05295,0.04566,0.0514,0.07633333,0.07282,0.0288,0.09418333,0.080155,0.431,0.22041668,0.268345,0.16365,0.25885,0.249065,0.06365,0.1824,0.16528,0.0015,0.0029833333,0.0018549999,0.67027974,0.21817684,0.32208496,0.4521029,0.02105,0.039855555,0.037578125,0.025225,0.051633332,0.046953127,0.058025,0.07467778,0.07413437,0.03805,0.095755555,0.08454063,0.0801,0.122222215,0.11655625,0.276225,0.1667,0.19705625,0.369475,0.18535556,0.23184063,0.36795,0.20012222,0.24409063,0.050875,0.084355555,0.0801,0.002425,0.0021222222,0.0024,0.18875,0.2677889,0.26355,0.081925,0.18644445,0.17487188,0.3992,0.21048889,0.25993124,0.5651798,0.18246743,0.27565882
501,6,4387902.6546625495,585302.461992584,0.040783335,0.054,0.0373,0.049983334,0.0659,0.045857143,0.087966666,0.09255,0.075985715,0.0828,0.11985,0.07835714,0.34873334,0.256,0.31416193,0.2991,0.3316,0.2723524,0.16075,0.2133,0.15279524,0.0019333333,0.00285,0.001995238,0.42963058,0.22050154,0.39242744,0.20912904,0.041733336,0.171975,0.067438334,0.048075,0.17836666,0.07116833,0.08609167,0.2034,0.10052833,0.07938333,0.23494168,0.107535,0.13506666,0.26255,0.14909,0.27081668,0.29528332,0.25067833,0.3285,0.31373334,0.29781166,0.331025,0.32368332,0.30606666,0.06531667,0.1426,0.10497333,0.00275,0.0026166665,0.0024683333,0.30148333,0.304525,0.28311667,0.1587,0.19943334,0.16126834,0.37313333,0.34695,0.33800334,0.41346413,0.117535904,0.31731543
502,6,4350527.710013452,532986.4203602992,0.0321,0.04145,0.035864998,0.03804,0.05395,0.044770002,0.07282,0.08195,0.07727,0.055359997,0.0992,0.075015,0.41786,0.2624,0.346455,0.22998,0.27815,0.252125,0.116119996,0.18405,0.145355,0.0010800001,0.0021,0.001615,0.5844044,0.271913,0.44454896,0.31249142,0.034053333,0.079679996,0.04527966,0.03655333,0.06222,0.04361356,0.07491334,0.09217,0.077620335,0.05392,0.11352,0.07388983,0.11280666,0.15672,0.1287627,0.29783332,0.21988,0.25805086,0.37544,0.24552,0.30928135,0.38246667,0.25973,0.3236746,0.068406664,0.11488,0.09805763,0.0016066667,0.0020700002,0.002281356,0.23276001,0.27763999,0.25955933,0.11263334,0.18211,0.14916271,0.41792002,0.28054,0.34771186,0.54327697,0.23856564,0.41602775
503,6,4378670.882959619,506117.41776400345,0.054983333,0.04292857,0.03794857,0.065966666,0.050885715,0.046034288,0.095916666,0.07564286,0.07304286,0.1136,0.08377143,0.08087429,0.30133334,0.24501428,0.26976573,0.36271667,0.27952856,0.26975143,0.2417,0.18801428,0.16837142,0.0014666667,0.0026714285,0.0020885714,0.2981838,0.27876127,0.32259047,0.019422531,0.0378875,0.0359,0.031443242,0.053575,0.0493625,0.04154324,0.0867,0.07495,0.070064865,0.0994125,0.0930125,0.07863244,0.1291,0.1275375,0.11533513,0.2626125,0.18375,0.20928378,0.3249625,0.2050375,0.24844594,0.3309375,0.216275,0.25792974,0.0570125,0.0942,0.08293514,0.0018125,0.0025625,0.0023378378,0.3285375,0.283825,0.26605678,0.2052,0.1917,0.1642162,0.3599,0.233525,0.2815946,0.36878136,0.214071,0.30984965
504,6,4385897.680783837,495447.77397398476,0.024057142,0.041233335,0.031255554,0.03102857,0.05325,0.040347222,0.06948571,0.07923333,0.07215,0.05215714,0.10395,0.07318056,0.34004286,0.21686667,0.282125,0.22158572,0.2851833,0.24792778,0.10421428,0.18178333,0.13686945,0.0027142856,0.0017666667,0.0020694444,0.4911988,0.1925136,0.35833177,0.2986852,0.025933335,0.031085715,0.028345715,0.0339,0.043885715,0.038208574,0.07074445,0.06952857,0.07029143,0.054166667,0.09652857,0.07061715,0.1098,0.12428572,0.11596571,0.25797778,0.15814286,0.21634856,0.3073778,0.17935714,0.25234285,0.30563334,0.19227143,0.26006573,0.057611108,0.08871429,0.0835,0.0019333333,0.0023857143,0.0019200001,0.23864444,0.2733,0.25219142,0.11213334,0.17231429,0.13688001,0.34426668,0.21122856,0.28682,0.4379019,0.16809498,0.33130884
505,6,4261730.244832513,650388.2640677106,0.04295,0.03116,0.034117393,0.049166664,0.04056,0.041391306,0.07221667,0.06266,0.065665215,0.0728,0.07564,0.07,0.33595,0.23856,0.28781304,0.2778333,0.2339,0.24469131,0.16431667,0.14736,0.14516087,0.0014,0.0015,0.0013826087,0.43548554,0.2868116,0.3740402,0.14867395,0.0384875,,0.030266665,0.048625,,0.041951854,0.07585,,0.07196297,0.081975,,0.08040371,0.1105,,0.11803704,0.2430375,,0.23128147,0.3058375,,0.278,0.3032875,,0.29474443,0.051225,,0.07494815,0.0010375,,0.0017777779,0.27995,,0.25591853,0.16825,,0.15163334,0.3422375,,0.3149963,0.3688474,-0.0,0.36018482
506,6,4385189.467966673,411112.32039197045,0.0194,0.04025,0.029605554,0.025166668,0.05,0.037583333,0.05916667,0.070725,0.064455554,0.038233336,0.094725,0.069527775,0.38983333,0.192675,0.2714889,0.21576667,0.299075,0.24870557,0.096766666,0.20355,0.14477222,0.0009333333,0.00155,0.0016,0.59328014,0.17244536,0.35102785,0.42083478,0.02662857,0.042844445,0.034925,0.02582857,0.044211112,0.03461389,0.06071429,0.06712222,0.061477777,0.039942857,0.09594445,0.071280554,0.10128571,0.12308889,0.112391666,0.28697145,0.1557,0.19983889,0.3483143,0.1777889,0.23540556,0.3487143,0.1886111,0.24320279,0.061457142,0.09563333,0.08615833,0.0025857145,0.0025333334,0.002086111,0.22314285,0.30817777,0.26859722,0.101985715,0.2038,0.15672778,0.38434285,0.2105111,0.27082777,0.534363,0.16327456,0.30390498
507,6,4343574.8052399345,423267.7175036167,0.0245,0.044875,0.034357894,0.028025,0.05465,0.041473683,0.058725,0.0725,0.06643158,0.036525,0.0984,0.07027368,0.405125,0.200625,0.28473157,0.194875,0.2834,0.24050528,0.084125,0.1827,0.13453685,0.001325,0.00315,0.0017421053,0.61730254,0.1778711,0.36889294,0.43943143,0.02078,0.029677777,0.026746668,0.025080001,0.0422,0.036653332,0.05968,0.05973333,0.06069667,0.038939998,0.090011105,0.07548667,0.092879996,0.1086,0.10796999,0.27066,0.12788889,0.17356667,0.33888,0.14728889,0.20651999,0.34198,0.16161111,0.21804334,0.04994,0.07953333,0.07268,0.0022200001,0.0024,0.00202,0.2004,0.2789889,0.25939,0.08952,0.17645556,0.15126666,0.37096,0.18466666,0.24355334,0.52778393,0.12993258,0.25470895
508,6,4399453.515049436,550481.1309541223,0.02385,0.0558,0.039366666,0.03175,0.071025,0.05072381,0.0713,0.100075,0.081447616,0.0539,0.138975,0.09728095,0.359975,0.239975,0.2716238,0.225675,0.36005,0.28706667,0.10345,0.236425,0.16887142,0.001025,0.005875,0.002657143,0.513778,0.16046879,0.28958717,0.35330918,0.025753845,0.09557692,0.0469,0.034146156,0.11306923,0.05872931,0.07422308,0.1365,0.08928104,0.05339231,0.17686923,0.10382069,0.115276925,0.19624616,0.1432207,0.27753845,0.2169923,0.22173965,0.32773846,0.23486155,0.25307932,0.33205387,0.24595386,0.26394656,0.062769234,0.101761535,0.08722586,0.0020307691,0.003276923,0.0025293105,0.23033845,0.3097,0.27919137,0.107730776,0.19923846,0.16033965,0.36286923,0.2668,0.28888446,0.47709632,0.10339287,0.26456308
509,6,4349877.052981954,524182.0667206213,0.03202857,0.045083333,0.039455265,0.03817143,0.061783332,0.05214211,0.07421429,0.09578333,0.08971579,0.05655714,0.11771666,0.09836579,0.44337144,0.2656333,0.3409158,0.24812856,0.29315,0.27010265,0.12281428,0.20395,0.16442895,0.0011428571,0.00295,0.001931579,0.61239344,0.23885983,0.3845133,0.3735336,0.03226154,0.06659091,0.0437717,0.035715383,0.09455454,0.05693396,0.0689,0.12567273,0.09131132,0.057423078,0.15051818,0.099918865,0.10826153,0.18931818,0.14723586,0.29926154,0.24522728,0.26431888,0.3864077,0.2673182,0.3138302,0.38771537,0.2756273,0.32287925,0.066053845,0.108763635,0.1004566,0.0014384615,0.002090909,0.0017867924,0.24376155,0.2877091,0.27063775,0.12384616,0.19818182,0.16406982,0.4250769,0.29542726,0.3502,0.5412743,0.19107968,0.3566945
510,6,4196135.5211523315,573319.6443451406,0.03368,0.049654543,0.038039476,0.04,0.066936366,0.04913684,0.07492,0.09812727,0.07858158,0.07186,0.12686363,0.09275789,0.31642,0.21512727,0.26703686,0.2818,0.32108182,0.28045264,0.15554,0.23886365,0.1802921,0.00086000003,0.0023,0.0018473684,0.4106431,0.14520869,0.29248196,0.2654344,0.0302,0.04076,0.033975,0.036016665,0.05782,0.044921428,0.06678333,0.08636,0.07419286,0.06793333,0.11666,0.09040357,0.10405,0.13915999,0.12285,0.22806667,0.16574,0.19696428,0.2778,0.18146,0.23203571,0.28136668,0.1883,0.24127144,0.046066664,0.056640003,0.0738,0.0012,0.0026200002,0.0018964285,0.27758333,0.32364,0.29640356,0.14848334,0.23322,0.18677142,0.31293333,0.20712,0.2653643,0.36941352,0.12197913,0.25864717
511,6,4323618.68173002,405837.29438595125,0.028366666,0.059540004,0.046025,0.035166666,0.07536,0.058190003,0.0749,0.104159996,0.09106,0.05676667,0.13514,0.105680004,0.3175,0.23764,0.264775,0.21156667,0.33548,0.287795,0.1044,0.23324,0.1818,0.0027666667,0.0030200002,0.001995,0.44838372,0.164055,0.26194394,0.2843287,0.02995,0.05008889,0.041806895,0.035875,0.06663333,0.05460345,0.07375,0.095,0.0871069,0.0588,0.12982221,0.10548621,0.116025,0.1528889,0.14248276,0.2526,0.18352221,0.20564483,0.30015,0.20155555,0.2325138,0.2955,0.21822222,0.24628276,0.047975,0.08936667,0.0819931,0.001875,0.0021333334,0.0023448276,0.233475,0.3332,0.29893446,0.113125,0.22443332,0.18565518,0.333575,0.23244444,0.26612067,0.41190434,0.14446376,0.23474702
512,6,4249500.170526228,589972.2382982945,0.038175,0.0386875,0.036089998,0.0421,0.0478875,0.0429575,0.0708625,0.0692,0.0695375,0.0638875,0.0899875,0.075802505,0.3805375,0.223725,0.29984498,0.26725,0.267075,0.2568125,0.1492125,0.1837875,0.1562925,0.001125,0.0012875,0.0014725,0.5160974,0.23223236,0.3779978,0.28386506,0.04245,0.04396,0.039803844,0.03845,0.04234,0.038484614,0.065966666,0.06424,0.06624231,0.05553333,0.08506,0.072538465,0.1027,0.12218001,0.118511535,0.29156667,0.18091999,0.22954614,0.37003332,0.20424001,0.27531156,0.3696167,0.21271999,0.28290385,0.07236667,0.070820004,0.08594616,0.0015666666,0.00158,0.0017,0.26283333,0.27796,0.26990768,0.14076667,0.18116,0.16002308,0.40771666,0.23526001,0.31120387,0.5224633,0.22525094,0.36095735
513,6,4381995.589414929,467097.4290849109,0.025,0.0335,0.02776,0.0301,0.040166665,0.03354,0.0666,0.05276667,0.05928,0.043333333,0.0717,0.056879997,0.36273333,0.15146667,0.25210667,0.20373334,0.2652,0.22836667,0.0894,0.16806667,0.12244,0.0016666666,0.0018666666,0.0014866667,0.5444071,0.15066841,0.35147637,0.39373872,0.02605,0.033855554,0.029320514,0.0297375,0.031688888,0.030415384,0.0646875,0.046144444,0.053676922,0.04345,0.069355555,0.06069231,0.1023875,0.08381111,0.09432051,0.263575,0.10011111,0.16261281,0.3132125,0.11525556,0.18921025,0.3088625,0.12583333,0.19436666,0.05355,0.07857778,0.0728,0.002875,0.0035555558,0.0024333333,0.21385,0.27216667,0.2480718,0.09905,0.1750889,0.14225897,0.3435375,0.14422221,0.21981537,0.4695431,0.10925939,0.24938719
514,6,4346620.918960731,562574.4101067135,0.034220003,0.04625,0.045038097,0.04284,0.0548,0.05517143,0.07842,0.0788,0.08692857,0.07852,0.09545,0.10379524,0.3245,0.1967,0.26652858,0.2421,0.2285,0.2707619,0.14514,0.1725,0.19248572,0.00202,0.0045,0.001947619,0.4064581,0.1775344,0.26842397,0.22892371,0.03012353,0.15948334,0.065443546,0.03748235,0.163225,0.07374355,0.0705647,0.1864,0.10499839,0.07067059,0.20568332,0.12329193,0.10723529,0.22913332,0.15269354,0.23885882,0.26244166,0.22351292,0.29532942,0.27679166,0.25556454,0.29041764,0.27924168,0.25705162,0.046782352,0.12263334,0.08385,0.0015176471,0.0025083334,0.0020064516,0.23161764,0.241575,0.27101615,0.13287647,0.181625,0.19110645,0.32571766,0.293475,0.28264034,0.3762722,0.10372712,0.21533127
515,6,4227236.76385594,609709.4467617891,0.024216667,0.04661,0.033302564,0.029866666,0.0647,0.045256414,0.06643333,0.10053,0.080407694,0.044216666,0.13732,0.09165128,0.38016668,0.26436,0.31286412,0.21575,0.30363,0.26275897,0.09575,0.19656,0.14892565,0.0014166667,0.00295,0.0020948716,0.5650828,0.19925621,0.36079222,0.36582658,0.031414285,0.036375,0.031803705,0.039485715,0.05335,0.044729628,0.07732857,0.085975,0.07895555,0.06337143,0.124075,0.08996667,0.12015714,0.153475,0.13492593,0.27945715,0.1959,0.23342222,0.33528572,0.220325,0.27154076,0.34317145,0.232875,0.2841889,0.0637,0.07575,0.08427778,0.0012,0.001525,0.0017851852,0.2687,0.32015,0.2804963,0.1327,0.197,0.15527779,0.37768573,0.256075,0.3105889,0.46781078,0.17770171,0.3236802
516,6,4273671.563808205,641709.514195706,0.03585,0.04042857,0.03217436,0.0461625,0.05507143,0.042694874,0.07915,0.08411429,0.07455897,0.086125,0.10681428,0.0830718,0.360575,0.23274285,0.30681026,0.276875,0.27347144,0.24738206,0.15915,0.18585715,0.14801538,0.0017625,0.0015428571,0.0017179487,0.43778214,0.21141766,0.37136677,0.22636448,0.0312,0.0338,0.028568966,0.04067778,0.0579,0.038944826,0.072966665,0.0907,0.07162759,0.08037778,0.1208,0.07796896,0.116911106,0.1497,0.12098621,0.2577111,0.2041,0.2481862,0.32277778,0.2305,0.30041036,0.32733333,0.2431,0.31097242,0.054522224,0.028,0.07947931,0.0011444445,0.0016,0.0015517242,0.2786,0.3189,0.2550414,0.15371111,0.195,0.14218621,0.36273333,0.2699,0.33898276,0.40611273,0.19944294,0.38883218
517,6,4218783.215610778,572170.036517779,0.01575,0.0376,0.02314375,0.02155,0.0511,0.0319625,0.05415,0.07575,0.05934375,0.04035,0.09565,0.06128125,0.31835,0.183175,0.2378125,0.1745,0.22005,0.195375,0.0783,0.14815,0.11163125,0.0011,0.003375,0.00223125,0.49110013,0.15488574,0.31867436,0.3362144,0.018642858,0.08205,0.032493103,0.022385715,0.1093,0.043644827,0.054485712,0.13085,0.069296554,0.042642854,0.1545,0.07404483,0.08852857,0.17125,0.10814828,0.22751428,0.20326667,0.19102414,0.27865717,0.21956667,0.22211723,0.28068572,0.22496668,0.22883102,0.05121429,0.09358333,0.07172759,0.0011285715,0.0025333334,0.0021793104,0.19268572,0.19721666,0.20352413,0.08868571,0.1312,0.11296897,0.31082857,0.23751667,0.24968965,0.43029276,0.11039629,0.275119
518,6,4342678.232147411,449833.84410549654,0.01555,0.03795,0.026909525,0.021125,0.046275,0.033257145,0.0502,0.0612,0.05619048,0.030925,0.08225,0.05659048,0.36,0.172875,0.26079047,0.14905,0.2481,0.20595239,0.0633,0.1656,0.11615238,0.001675,0.003125,0.0017333335,0.57361317,0.1653409,0.36552855,0.40827227,0.01988,0.036944445,0.029590625,0.019739999,0.036455553,0.029578125,0.04894,0.05392222,0.05245,0.02854,0.07788889,0.05944375,0.07406,0.09967778,0.09311875,0.26172,0.12308889,0.17245,0.3371,0.1401,0.2067125,0.33442,0.1483,0.21385312,0.0425,0.08726667,0.081509374,0.00118,0.0032555556,0.00213125,0.17098,0.2515778,0.22276875,0.07078,0.1642,0.1279625,0.37313998,0.17256667,0.24327813,0.545079,0.13183299,0.28456932
519,6,4321958.779402154,519741.8239589584,0.0341,0.04908,0.045019444,0.0413,0.06392,0.057744447,0.0761375,0.0917,0.09103055,0.065625,0.116519995,0.10405555,0.4828125,0.23656002,0.3238972,0.271625,0.29526,0.29174167,0.1514125,0.2169,0.19496112,0.0010875,0.00606,0.002086111,0.6358354,0.19792803,0.34925872,0.4379074,0.03202143,0.07816364,0.049815256,0.03322143,0.09016363,0.06067627,0.06423571,0.1126,0.091815256,0.05232857,0.1384,0.10879153,0.1023,0.16881818,0.1489288,0.32137144,0.20097274,0.24715425,0.42812145,0.22041818,0.29581356,0.42440712,0.22466365,0.29930338,0.060042858,0.10257273,0.09005424,0.0024571428,0.0021636365,0.0021932204,0.24977143,0.2561,0.2897712,0.13045715,0.18236363,0.19241525,0.46479288,0.24415454,0.32937795,0.60012835,0.13852507,0.30522856
520,6,4259226.579488548,553655.4856982412,0.027566666,0.045125,0.033061113,0.030966666,0.052225,0.038877778,0.06623333,0.071,0.064888895,0.042366665,0.0866,0.06246667,0.42873335,0.198425,0.2850167,0.21926667,0.286075,0.24530557,0.09826667,0.200425,0.1432,0.0008666667,0.003525,0.0018444444,0.6311476,0.19879788,0.3877349,0.43234974,0.025807694,0.041063637,0.031132758,0.029107694,0.046336364,0.03572069,0.0654,0.06451818,0.06280862,0.037138462,0.08040909,0.0576069,0.09795385,0.10558182,0.10172069,0.32358462,0.14211817,0.21861723,0.3977,0.16127273,0.2590862,0.408,0.1781091,0.27321723,0.06387692,0.074881814,0.080284484,0.0011,0.0020454547,0.0019551723,0.22065386,0.29464546,0.24844138,0.09625384,0.19873637,0.13961208,0.4389,0.19336364,0.29568622,0.6192865,0.17814283,0.38188863
521,6,4298354.948323941,568482.5248658597,0.037175,0.0489,0.033313334,0.0412,0.0552,0.040606666,0.064575,0.0729,0.065066665,0.05875,0.089,0.07282667,0.361775,0.1733,0.27133334,0.2674,0.1899,0.23954,0.1514,0.138,0.14724667,0.00125,0.0019,0.0019066668,0.5041091,0.1519576,0.34317178,0.35215148,0.040666666,0.06188,0.043850876,0.039073333,0.07142,0.046229824,0.06356667,0.08785,0.070708774,0.06213333,0.10911,0.08342807,0.095706664,0.12954,0.11519824,0.25992,0.15895,0.211307,0.33270666,0.1736,0.25399825,0.33480665,0.18064,0.26327544,0.05636,0.075940005,0.07823509,0.0014533334,0.0018799999,0.0017192982,0.26173332,0.2192,0.25256842,0.1455,0.1499,0.15462808,0.37002665,0.19921,0.28820175,0.45937803,0.12396846,0.30722073
522,6,4393946.966279197,518721.15855397435,0.027825,0.04475,0.034402564,0.03685,0.05606667,0.044402562,0.0649625,0.08186667,0.07204359,0.0720125,0.10908334,0.08460513,0.2832375,0.25245,0.26876155,0.2443625,0.31176668,0.2690872,0.1288,0.19751666,0.15463334,0.0028,0.0018333334,0.0021589743,0.36266345,0.2366958,0.3128052,0.12596765,0.028575,0.0405125,0.033645947,0.0326125,0.048225,0.03955946,0.05965,0.0729625,0.06668649,0.0633,0.106575,0.08163784,0.105375,0.138925,0.12107027,0.1996625,0.180175,0.19363244,0.2386375,0.206875,0.22627297,0.2459,0.2224375,0.23841621,0.0531,0.1093375,0.08908649,0.0013875,0.0027625,0.0023054054,0.233575,0.3121625,0.27411622,0.121325,0.1983,0.15751621,0.276375,0.249,0.26645944,0.32658,0.19594969,0.27325737
523,6,4390305.6192204,594343.0390046142,0.03335,0.046,0.03945263,0.036575,0.05976667,0.049294736,0.063,0.09166667,0.079673685,0.049425,0.109466664,0.0881,0.46015,0.2661,0.32635263,0.240575,0.29963332,0.26956317,0.1285,0.20283334,0.16797368,0.00245,0.0023,0.0021578947,0.6503877,0.25613433,0.3873289,0.39425337,0.035692856,0.038090907,0.039354544,0.036107145,0.052290913,0.047385454,0.06575714,0.07840909,0.07770364,0.051107146,0.1004,0.08599818,0.09747857,0.14022727,0.13015635,0.31087857,0.19976364,0.24912183,0.40392143,0.22222728,0.29703635,0.40434286,0.23012727,0.30528182,0.06646429,0.09549091,0.09175091,0.0025071427,0.0021818182,0.002250909,0.25182855,0.2838,0.27543998,0.13163571,0.18524545,0.16779636,0.4451143,0.25337273,0.33608907,0.5783165,0.22046155,0.3626495
524,6,4364767.244014885,463875.3258869651,0.0186,0.040966667,0.029188888,0.02115,0.053833332,0.03606111,0.045325,0.0771,0.06108889,0.02545,0.10016667,0.0623,0.4701,0.20326667,0.30224442,0.1699,0.29353333,0.22604443,0.065925,0.2009,0.12972222,0.00115,0.0016333334,0.00165,0.7259924,0.17853843,0.4131945,0.54745394,0.01994,0.031544447,0.026294446,0.02544,0.051822223,0.03890278,0.0562,0.0783,0.06716667,0.03576,0.10916666,0.07745278,0.0801,0.12868889,0.109563895,0.30436,0.16194445,0.20210834,0.41156,0.18197778,0.24475557,0.4215,0.20698889,0.26234168,0.06614,0.07293333,0.075575,0.00426,0.0025,0.002302778,0.19314,0.2989778,0.25158334,0.08624,0.20707779,0.15506111,0.44962,0.21467778,0.2802889,0.6397762,0.16647884,0.31916392
525,6,4393635.187304881,457086.69016856764,0.026325,0.0416,0.02867647,0.0307,0.0489,0.034752943,0.058275,0.068,0.061017644,0.04195,0.0832,0.056011766,0.3148,0.21813333,0.2794647,0.203425,0.30293334,0.22655293,0.0927,0.19903333,0.12097059,0.001225,0.0014,0.0015470588,0.48190367,0.23792507,0.39510226,0.2439786,0.02794,0.0388125,0.03317059,0.02916,0.0447375,0.036923528,0.06002,0.0660625,0.064417645,0.04494,0.0862625,0.06643236,0.090440005,0.1133875,0.10600883,0.24046001,0.1586125,0.20179412,0.2928,0.1810375,0.23640293,0.29286,0.196575,0.24713235,0.05812,0.091225,0.087161765,0.00308,0.002175,0.0020617647,0.21023999,0.2983875,0.25832942,0.101679996,0.1959625,0.14921471,0.3283,0.21545,0.27279708,0.44248798,0.19648066,0.32117134
526,6,4358149.234057175,608890.9118799365,0.021671427,0.0475,0.041571796,0.02897143,0.05965,0.054769233,0.07597143,0.08125,0.0895282,0.04822857,0.108333334,0.10306922,0.4174143,0.18176666,0.2822923,0.2033,0.27256668,0.2760333,0.09344286,0.19495,0.17586154,0.0017714285,0.0021,0.0018564102,0.6020002,0.1273322,0.29291356,0.47466797,0.0188,0.0477,0.038141664,0.0264,0.0643,0.051008333,0.07136667,0.0873,0.08460417,0.041466665,0.119166665,0.09575417,0.11028334,0.13303334,0.136475,0.3164333,0.1512,0.22294582,0.38153332,0.16966666,0.25759584,0.386,0.17816666,0.26709166,0.05743333,0.045566667,0.07054583,0.0010833333,0.0016333334,0.0019208334,0.20436667,0.31343332,0.28473333,0.0907,0.2206,0.17911667,0.41463336,0.19773334,0.29086667,0.57981944,0.10073988,0.28615353
527,6,4359747.86979749,420339.969511923,0.0212,0.04015,0.032373685,0.02335,0.04885,0.040147368,0.047475,0.067475,0.06429474,0.026325,0.08535,0.07067368,0.480875,0.168125,0.26407894,0.1702,0.213475,0.2152,0.06605,0.1564,0.13469474,0.0012,0.00135,0.0020789474,0.73596793,0.15072308,0.3372495,0.58524483,0.027542856,0.040833335,0.03391714,0.02907143,0.044122223,0.037545715,0.05658571,0.06218889,0.060151428,0.040285714,0.08073333,0.06963714,0.076,0.09984445,0.09614571,0.26531428,0.12768888,0.16842572,0.3619,0.14076667,0.20478572,0.36664283,0.14634445,0.21170571,0.05508571,0.07526667,0.06753428,0.0020428572,0.0019111111,0.0018714285,0.19601429,0.21451111,0.21471429,0.0914,0.16158889,0.13703144,0.39385715,0.1614,0.23268285,0.55755955,0.12239927,0.2575881
528,6,4301137.9091493115,426920.5406302346,0.031566665,0.03555,0.031972725,0.0347,0.043616667,0.038154542,0.059266668,0.061016668,0.06059091,0.043233335,0.07646667,0.062436365,0.3843,0.17183334,0.25872272,0.20853333,0.23446667,0.22764091,0.09926667,0.16865,0.14075,0.0022666666,0.0026166665,0.0017363636,0.57300556,0.17590737,0.34837875,0.39709818,0.0279,0.034944445,0.035077777,0.02655,0.03551111,0.032714818,0.0568,0.050922222,0.05447407,0.03975,0.0681,0.05989259,0.087625,0.09253333,0.09522593,0.274025,0.1194,0.17291851,0.3516,0.13505556,0.20614074,0.355425,0.1372,0.21234815,0.056675,0.07958889,0.08494445,0.003175,0.002011111,0.0022518518,0.217425,0.2357889,0.23838519,0.10415,0.16238889,0.14867038,0.389025,0.15991111,0.23747407,0.54395777,0.13281922,0.28105715
529,6,4315605.136880437,608234.5786372408,0.024175,0.0237,0.02229091,0.034825,0.033775,0.031251512,0.0710375,0.060925,0.06470909,0.073525,0.0735,0.0639303,0.3080375,0.2531,0.31184545,0.2697875,0.241425,0.2428818,0.1488875,0.15405,0.13436061,0.0016625,0.0022,0.0016030304,0.39493582,0.31409585,0.42298308,0.08083996,0.0302,0.15503334,0.050138094,0.028879998,0.17763333,0.05162857,0.06286,0.20966667,0.08514286,0.05196,0.22406667,0.08235714,0.10466,0.27,0.13418572,0.23588,0.3367333,0.2525762,0.28454,0.3609,0.29667145,0.29248,0.36316666,0.30391428,0.06282,0.09576667,0.08220952,0.00112,0.0016,0.0014952382,0.22763999,0.2186,0.22986667,0.1123,0.1462,0.12545714,0.32476002,0.38683334,0.3307476,0.42429212,0.18293706,0.36887547
530,6,4301630.859713664,495763.36733942945,0.022544444,0.04825,0.034416664,0.029533334,0.062533334,0.044147618,0.06694444,0.08786667,0.07540476,0.050722223,0.1219,0.08250238,0.38114443,0.22251667,0.29026666,0.22043332,0.29666668,0.26011905,0.103766665,0.19931667,0.15113096,0.0018333334,0.0029666666,0.0019142857,0.5496492,0.16602571,0.34900245,0.38362348,0.022133334,0.0364125,0.03146087,0.026566666,0.050625,0.04113913,0.06206667,0.0765125,0.07020435,0.047466666,0.116375,0.08875217,0.10413334,0.13715,0.124591306,0.25276667,0.1567625,0.18833478,0.30736667,0.174725,0.21873479,0.30993333,0.188975,0.2316739,0.0465,0.0914625,0.08385217,0.0011,0.003525,0.0023347826,0.22003332,0.308325,0.27548698,0.104,0.2053875,0.1657,0.347,0.2082375,0.25630435,0.46083865,0.12361445,0.24732432
531,6,4362660.791370062,536646.1734862641,0.064775,0.0372,0.044725,0.0786,0.05256667,0.05897,0.1172,0.07943333,0.093545005,0.141775,0.096033335,0.114195,0.28575,0.1973,0.24848,0.395125,0.23236668,0.295935,0.29335,0.1684,0.20749,0.0012,0.0021,0.0019200001,0.22136244,0.1773149,0.22049387,0.044047534,0.04673889,0.046833333,0.04501967,0.050772224,0.05888333,0.052360658,0.08087777,0.08365,0.08297541,0.08523889,0.10643334,0.094501644,0.119477786,0.136625,0.13242951,0.2708,0.17538334,0.23390491,0.3454611,0.19284166,0.27952787,0.34336668,0.19866666,0.28456393,0.054305553,0.07661667,0.076919675,0.002472222,0.003125,0.0022311476,0.30023888,0.25929168,0.27746063,0.18834445,0.1836,0.1790836,0.37989444,0.216325,0.3118246,0.41688922,0.15857387,0.31438786
532,6,4371932.362527866,442058.5290859841,0.01615,0.03395,0.023370588,0.0226,0.04795,0.034152944,0.06335,0.07255,0.06792353,0.037575,0.098225,0.06924706,0.3825,0.188425,0.28548822,0.185025,0.274025,0.22961766,0.07855,0.179775,0.12685294,0.0013,0.0013,0.0012705883,0.5855396,0.15833841,0.3723978,0.42720115,0.01695,0.032722224,0.027888572,0.023516668,0.053177778,0.042185716,0.0657,0.08065555,0.075279996,0.04035,0.11846666,0.08816,0.10525,0.13592222,0.12557715,0.2914833,0.16191112,0.20996858,0.35275,0.18202221,0.24409144,0.35318333,0.1987889,0.25640857,0.04925,0.08104444,0.07668571,0.0026166665,0.0022111111,0.0021228571,0.20006666,0.3031111,0.2617943,0.08518333,0.19955556,0.15115143,0.38745,0.21312222,0.27831143,0.5393591,0.13539504,0.2865283
533,6,4347835.853805849,470203.56412236165,0.023016667,0.0435,0.034789287,0.026716666,0.05195,0.04194643,0.064666666,0.06765,0.067635715,0.03575,0.093625,0.07290714,0.4687,0.194625,0.29092145,0.19463333,0.2984,0.26242855,0.07886667,0.1838,0.144125,0.00135,0.00345,0.0018678572,0.69628495,0.17790146,0.37180996,0.5183835,0.021983333,0.028414285,0.027853126,0.0261,0.0439,0.03884375,0.06368333,0.06292857,0.06474687,0.035316665,0.08862857,0.07416563,0.09495,0.103614286,0.10465938,0.3216667,0.1278,0.1869375,0.39896667,0.14677142,0.22184688,0.395,0.17038572,0.24002187,0.069516666,0.08002857,0.080521874,0.0016833334,0.0022714285,0.002209375,0.19755,0.26947144,0.25477812,0.08188333,0.1621,0.14004375,0.43788335,0.18407142,0.2620375,0.60767174,0.14777942,0.29240826
534,6,4246645.728917495,580276.2269202925,0.03115,0.04262,0.03212353,0.04755,0.054279998,0.041864708,0.1,0.0815,0.07777647,0.09145,0.0991,0.07692353,0.41955,0.22868,0.3158353,0.2783,0.27206,0.24458236,0.14725,0.18686,0.14151177,0.0008,0.00294,0.0018058823,0.5004484,0.22089708,0.3980664,0.27955133,0.02927143,0.034620002,0.030273333,0.036285713,0.043360002,0.037366666,0.0774,0.06808,0.07192333,0.062185712,0.08332,0.065409996,0.12807143,0.118480004,0.12263334,0.28251427,0.17334001,0.24600667,0.338,0.19562,0.28786668,0.34298572,0.20312,0.29547334,0.05645714,0.071059994,0.08716334,0.0010571429,0.00154,0.0018200001,0.25558573,0.26818,0.24857666,0.12761429,0.17246,0.13451333,0.38025716,0.22442,0.32330668,0.47043645,0.21345773,0.39598987
535,6,4394063.584569275,467124.18183667946,0.027466666,0.05126667,0.03481875,0.034666665,0.0658,0.0436,0.0753,0.096433334,0.0775375,0.05923333,0.12586667,0.07714375,0.43713334,0.29216668,0.3648625,0.2344,0.3315,0.2635625,0.11016666,0.21023333,0.14140625,0.0019,0.0010333332,0.00155625,0.5982106,0.2607815,0.46406022,0.33742908,0.026333334,0.04105,0.032816667,0.034183335,0.057725,0.04485,0.07106667,0.0871125,0.07779167,0.0577,0.1204625,0.08654445,0.1116,0.1551875,0.13269445,0.29278332,0.2049,0.24649721,0.3644167,0.231925,0.29231945,0.3652,0.249925,0.3043778,0.06648333,0.105125,0.09623333,0.0021666666,0.002225,0.001786111,0.23286667,0.3176125,0.2774028,0.11061666,0.2032375,0.15538889,0.40153334,0.2707875,0.33258057,0.5112457,0.21029817,0.36015403
536,6,4313644.037768967,527259.6152657631,0.056725,0.05725,0.055,0.06,0.0618,0.060255,0.08435,0.0813,0.082455,0.081075,0.0995,0.08841,0.3643,0.27165,0.315595,0.38515,0.40925,0.38562,0.276075,0.3339,0.297325,0.00085,0.00255,0.001445,0.4542123,0.28493163,0.371757,0.16928068,0.0413375,0.04892,0.044120003,0.0523625,0.05747,0.055468336,0.0775,0.0747,0.077879995,0.078825,0.09627,0.088246666,0.1142125,0.12206999,0.120915,0.2252625,0.16146,0.19969499,0.28405625,0.19699,0.24606667,0.30290624,0.23083,0.27179664,0.06445,0.094359994,0.09283333,0.00199375,0.00187,0.00181,0.377075,0.39356002,0.383945,0.27865,0.31807,0.299535,0.3545375,0.2618,0.31301668,0.3754496,0.23011494,0.30930063
537,6,4350493.916624019,598560.9797897241,0.02078,0.0384,0.040215,0.02456,0.04585,0.04894,0.04694,0.07545,0.078075,0.033439998,0.0768,0.08862,0.43094,0.2854,0.31228,0.17316,0.22925,0.26482,0.07316,0.15395,0.175725,0.0014,0.004,0.0016799999,0.65759176,0.3548295,0.36666343,0.30276227,0.020766668,0.045266666,0.040964,0.02305,0.0571,0.051335998,0.04715,0.0821,0.080472,0.0323,0.10216667,0.094988,0.06366667,0.1274,0.12816401,0.25153333,0.18343334,0.22251599,0.36973333,0.20926668,0.272908,0.36981666,0.21443333,0.28180802,0.06746667,0.05646667,0.081868,0.0010666667,0.0017333335,0.002116,0.17803334,0.2873667,0.286444,0.07338333,0.21016668,0.191156,0.40411666,0.23843333,0.307096,0.58299613,0.19228572,0.3093499
538,6,4378748.844755358,570504.7769716365,0.039516665,0.05885,0.04544091,0.042933334,0.07525,0.05623182,0.06795,0.1027,0.08581818,0.056983333,0.1296,0.09434545,0.40706667,0.2239,0.34321365,0.25121668,0.3277,0.27618182,0.13328333,0.2483,0.17281817,0.0017,0.0022,0.0016818182,0.5669084,0.15358907,0.39637715,0.41331935,0.041992307,0.20083846,0.08080847,0.04503846,0.20667693,0.089164406,0.07359231,0.23073076,0.11869153,0.072646156,0.25685385,0.13607457,0.10970769,0.27836156,0.16784237,0.28063846,0.30463845,0.26574066,0.3664,0.3169,0.31502542,0.37167692,0.31794614,0.3219898,0.06489231,0.13495384,0.10419831,0.0017538462,0.002223077,0.0019779662,0.28011537,0.26552308,0.28945762,0.15766923,0.20223847,0.18703729,0.40551537,0.33704615,0.34863898,0.48354694,0.07895528,0.2819343
539,6,4286374.858499979,678113.6763940656,0.0607,0.070175,0.059786662,0.07815,0.086775,0.073979996,0.1182,0.1129,0.1102,0.1193,0.14165,0.1217,0.3778,0.2618,0.32992667,0.32375,0.3023,0.31015334,0.1998,0.2173,0.20435333,0.00095,0.001675,0.00126,0.38834336,0.18752806,0.32093993,0.2008153,0.06118571,0.0475,0.062876,0.03857143,0.0497,0.049179997,0.08217143,0.0807,0.087944,0.06981429,0.1112,0.100056,0.13857143,0.1411,0.152628,0.2882,0.1927,0.2511,0.3423857,0.2159,0.29013202,0.33602858,0.215,0.292052,0.05585714,0.0318,0.083268,0.0012285714,0.0016,0.001792,0.30287144,0.3292,0.31538,0.17492858,0.2172,0.20128399,0.3796,0.2608,0.326252,0.4426332,0.17511542,0.31327128
540,6,4366884.489829239,442833.7466885554,0.0356,0.0422,0.03708889,0.04385,0.0546,0.047272224,0.078375,0.08255,0.079222225,0.06265,0.09695,0.0787,0.377775,0.2607,0.3171278,0.245725,0.27455,0.25669444,0.126375,0.18235,0.15226667,0.001125,0.00155,0.0014,0.5155386,0.27412644,0.3957944,0.24141213,0.035516664,0.037916664,0.037193105,0.03905,0.04315,0.041317243,0.07648333,0.06966667,0.07321379,0.05651667,0.08835,0.07502069,0.11935,0.13053334,0.12604828,0.29885,0.19513334,0.23957585,0.36558333,0.2205,0.2830552,0.37095,0.22595,0.29224828,0.06325,0.10191667,0.09604138,0.00135,0.0018166666,0.0017,0.25915,0.27986667,0.27356207,0.12633334,0.1846,0.15969656,0.40586668,0.25196669,0.3204138,0.52176327,0.23922282,0.36885807
541,6,4383393.4172690585,602755.3832491857,0.03548,0.04425,0.033594735,0.04782,0.05745,0.043678947,0.093,0.08715,0.07791053,0.09798,0.1077,0.08326316,0.4145,0.2484,0.3390737,0.2647,0.279,0.24084212,0.13266,0.18045,0.13411579,0.00142,0.00235,0.0017315791,0.47967693,0.23342934,0.41557223,0.24624759,0.034216665,0.12375834,0.048645765,0.044058334,0.10831666,0.05174068,0.0889,0.13534166,0.08539661,0.08725,0.15705,0.087286435,0.14715834,0.19595,0.13752034,0.303075,0.25196669,0.2609678,0.36895,0.27668333,0.31458473,0.384325,0.274875,0.32338306,0.06071667,0.13354166,0.10447966,0.0017166666,0.0035,0.002464407,0.2508833,0.26229167,0.23993559,0.12125834,0.16878334,0.1307,0.41260836,0.30445832,0.3519661,0.46600732,0.1783287,0.38505638
542,6,4348960.924947489,561861.6489186789,0.055316668,0.0522,0.050695457,0.06201667,0.0604,0.059909087,0.08911667,0.0744,0.08679545,0.09143333,0.09075,0.09579545,0.3993,0.15065,0.28712726,0.3018,0.23035,0.27849546,0.20523332,0.1885,0.2026,0.00235,0.0018,0.0019727272,0.47547272,0.109430365,0.31530523,0.36604235,0.044175,0.15963846,0.06970666,0.0470125,0.16250768,0.075668335,0.07413125,0.18288462,0.103080004,0.07534375,0.20229231,0.11367333,0.10833125,0.21952307,0.1439,0.2731375,0.23643845,0.23608834,0.35520625,0.24716924,0.28096333,0.35616875,0.25162306,0.28713834,0.05586875,0.1136,0.08765833,0.00164375,0.002330769,0.001985,0.278475,0.23243845,0.27389666,0.1729375,0.18562306,0.19345167,0.3904625,0.26616156,0.31171668,0.4567764,0.07099484,0.27799693
543,6,4310346.341001135,473506.73728416924,0.017685715,0.037857145,0.029452499,0.021685714,0.04327143,0.034235,0.047885716,0.05727143,0.055627503,0.030814284,0.07558571,0.057120003,0.34994283,0.17468572,0.2542125,0.17102857,0.26305714,0.2231025,0.07058571,0.17471428,0.1271275,0.0018714285,0.002657143,0.00181,0.5603083,0.18269417,0.3541516,0.3776141,0.01794,0.030685715,0.024090324,0.01752,0.036214285,0.026409676,0.043360002,0.0497,0.04737742,0.024039999,0.06805714,0.04922258,0.06652,0.08871429,0.08336129,0.23928,0.11124286,0.16480322,0.3107,0.12952858,0.20000322,0.31342,0.13854286,0.20900322,0.0473,0.0691,0.06873549,0.00176,0.0022,0.0020258063,0.15774,0.25664285,0.2137,0.062759995,0.16912858,0.12045483,0.34162,0.15937142,0.23208709,0.52763593,0.13535371,0.30098736
544,6,4192169.260847293,637125.4027057044,0.026275,0.02318,0.026163159,0.029175,0.03478,0.03435263,0.064675,0.059520002,0.06449474,0.037,0.0748,0.062926315,0.420375,0.20682,0.30242103,0.209475,0.20976001,0.22825263,0.09115,0.13274,0.12592106,0.00095,0.0015,0.0013473685,0.6350737,0.2380729,0.4119434,0.39700082,0.02445,0.0276,0.027153332,0.025916666,0.033033334,0.03144,0.06306667,0.05683333,0.062,0.036133334,0.07718333,0.060483333,0.0986,0.1092,0.109456666,0.2983,0.16045,0.22678332,0.36506668,0.18435,0.26860335,0.36558333,0.1925,0.27572,0.08556667,0.07176667,0.09365,0.0011,0.0016166666,0.0021799998,0.21665,0.25408334,0.24557666,0.09628333,0.16228333,0.13491666,0.40506667,0.21986668,0.30717,0.5671164,0.20924968,0.3787031
545,6,4343535.397215585,532277.6433476015,0.0277,0.04475,0.03379,0.034325,0.0552,0.04274,0.070325,0.07615,0.073475,0.0538,0.09905,0.074115,0.362625,0.21315,0.291195,0.233,0.2728,0.250195,0.107325,0.1824,0.14006999,0.001025,0.00195,0.001885,0.51755667,0.19660616,0.36941713,0.3209505,0.02637857,0.033342857,0.028694445,0.033057146,0.05092857,0.039229628,0.06724286,0.07442857,0.06936667,0.05315,0.105071425,0.07367778,0.10765714,0.12314286,0.11510741,0.2542357,0.14991428,0.2078389,0.30606428,0.1684,0.24358703,0.30477858,0.18515714,0.25438705,0.06012857,0.07257143,0.077522226,0.0014928571,0.002142857,0.0017259261,0.23257856,0.27614284,0.2520574,0.110821426,0.18197143,0.14084445,0.34444284,0.19841428,0.2787722,0.43919188,0.1392961,0.31565738
546,6,4315620.387924311,587089.7186959526,0.02495,0.0312,0.028283335,0.028,0.0365,0.033183333,0.057425,0.0559,0.05898333,0.038875,0.0648,0.051405553,0.439275,0.2128,0.32971668,0.186775,0.2123,0.20007221,0.081675,0.1418,0.10613889,0.0018,0.0026,0.0018111111,0.65314907,0.27040458,0.4788264,0.3827445,0.023908332,0.19412857,0.0569,0.027941667,0.13907142,0.05153571,0.06075,0.16444285,0.08141667,0.039058335,0.19027142,0.07788095,0.090575,0.22464284,0.12373572,0.3047583,0.26864284,0.26312143,0.39689168,0.29745716,0.3216262,0.41065836,0.30781427,0.33971667,0.06405833,0.11628572,0.08493095,0.0017083334,0.0035857144,0.0023428572,0.19641666,0.18314286,0.21108332,0.08354167,0.12541428,0.11185238,0.43493336,0.32504284,0.3576,0.61752266,0.16654171,0.42878035
547,6,4357939.612803632,562754.1490093191,0.031,0.0355,0.036357146,0.03825,0.041,0.044361904,0.07666667,0.0536,0.07218571,0.06118333,0.0592,0.07536667,0.35473332,0.1663,0.2543857,0.2463,0.2102,0.2500476,0.12831666,0.1592,0.16542381,0.002,0.0021,0.0020095238,0.48873734,0.20464237,0.3118221,0.284095,0.03285,0.1614,0.06619508,0.036558334,0.17245714,0.0724918,0.07179167,0.19078572,0.098539345,0.05575833,0.20838572,0.106268845,0.112075,0.22515716,0.13895574,0.25615832,0.24988572,0.20849673,0.29916668,0.26072145,0.23391475,0.30605832,0.26370716,0.2401082,0.05855833,0.11155,0.08195409,0.00135,0.0021571429,0.0018803278,0.24296668,0.19835,0.24636558,0.12541667,0.15377858,0.16794263,0.33518332,0.2775357,0.26093116,0.4345853,0.078410834,0.2237887
548,6,4314322.821258673,562329.1805285275,0.02655,0.0387,0.0384,0.032175,0.0487,0.04596316,0.064575,0.0738,0.07318421,0.04895,0.0836,0.07648947,0.3381,0.2622,0.2776895,0.197025,0.2659,0.2532105,0.0926,0.1692,0.14349474,0.003025,0.0031,0.0018789475,0.49662334,0.30522817,0.3442225,0.19139516,0.039745457,0.0837,0.056443103,0.031354543,0.06779,0.050194826,0.06332727,0.0927,0.07824311,0.045672726,0.1185,0.086520694,0.100345455,0.15811999,0.12947759,0.25503635,0.19968,0.21306723,0.30849093,0.22141999,0.24538966,0.3142182,0.22288999,0.25056553,0.047990907,0.11236999,0.08632586,0.0010818182,0.00227,0.0019068966,0.21867272,0.28393,0.2749914,0.10223637,0.18112,0.15930344,0.34374547,0.25443998,0.28006724,0.47151867,0.17314185,0.2812425
549,6,4288009.759995444,506684.80615833396,0.027114285,0.0430625,0.03271579,0.03587143,0.0547875,0.04136842,0.07691429,0.08305,0.07484211,0.06472857,0.0974125,0.07138158,0.40714285,0.2687125,0.34403157,0.24397144,0.2964625,0.25188684,0.123471424,0.1954125,0.14453684,0.0010428572,0.0038375,0.0017947368,0.5478658,0.2850245,0.44981435,0.2628413,0.027454544,0.11975,0.046095833,0.028681818,0.1331125,0.050272916,0.06743637,0.160275,0.08315833,0.046872728,0.1783375,0.077670835,0.11209091,0.218875,0.133525,0.31472728,0.276425,0.27619374,0.38567272,0.298525,0.32721874,0.39206365,0.309725,0.33745208,0.06614545,0.133175,0.11045834,0.0012181818,0.0035125,0.00226875,0.23406364,0.2683625,0.2543083,0.10954546,0.1770875,0.14140834,0.42806363,0.3304625,0.36501458,0.5735752,0.18902117,0.4261889
550,6,4314751.964386114,510604.60130839865,0.04707,0.051425,0.040453844,0.055340003,0.06135,0.048615385,0.08939,0.08415,0.07711539,0.09045,0.10705,0.08141795,0.30923,0.228225,0.2747513,0.31821,0.308275,0.27910256,0.18788001,0.211625,0.16667949,0.00187,0.0038,0.0018102564,0.35834795,0.20397839,0.3287637,0.15436956,0.037413333,0.04859,0.0393569,0.04300667,0.05407,0.04482931,0.07660667,0.07515,0.07307586,0.069740005,0.09821,0.07610517,0.118259996,0.12643,0.11871552,0.22956,0.16093001,0.205,0.27306002,0.1823,0.23901898,0.27416,0.19527,0.24820688,0.04956,0.09027,0.08278448,0.0018866666,0.0032,0.0022931034,0.27642667,0.29634,0.27272242,0.15240666,0.19721,0.1606431,0.30906668,0.2162,0.2742086,0.3545177,0.16956982,0.30069643
551,6,4313099.355949161,569317.9296580852,0.0312,,0.033107694,0.036875,,0.039646156,0.07115,,0.06588461,0.0574,,0.06654616,0.31135,,0.24013077,0.222875,,0.23043077,0.1169,,0.13316153,0.0011,,0.0013307693,0.43811372,-0.0,0.3100076,0.43811372,0.025866665,0.4299,0.050026316,0.0325,0.499,0.06431579,0.0642,0.515,0.08956842,0.0532,0.5349,0.10112632,0.104833335,0.5307,0.13123684,0.2248,0.5615,0.19547369,0.25756666,0.5525,0.21898948,0.25193334,0.5405,0.22386843,0.07026667,0.1267,0.07492632,0.0012,0.0156,0.0025473684,0.21856667,0.1095,0.2461,0.11636666,0.1071,0.14978422,0.2878,0.5675,0.25022632,0.36012504,0.004957029,0.20923306
552,6,4351555.564733539,590961.6049638232,0.03156,0.0381,0.03161765,0.04228,0.0459,0.042952944,0.08366,0.0771,0.080635294,0.08038,0.0801,0.08038823,0.33906,0.3133,0.32559413,0.26226002,0.2308,0.24954706,0.1387,0.1407,0.13752353,0.001,0.0035,0.0014647058,0.42213565,0.3872365,0.4036907,0.034899145,0.031764284,0.029555554,0.03047736,0.04282143,0.04938889,0.043873586,0.08325714,0.08493333,0.08053396,0.08143571,0.10387778,0.08474151,0.13702857,0.15413333,0.13800754,0.26032856,0.23363332,0.24621134,0.30876428,0.26316667,0.28661132,0.31533572,0.277,0.29653776,0.05497143,0.11132222,0.08857735,0.0017214285,0.0023444444,0.0019056605,0.28033572,0.2818,0.2715453,0.14585714,0.16834445,0.14840755,0.34907857,0.30026668,0.32484716,0.3870514,0.28356397,0.35301322
553,6,4191744.408419891,637414.7412233751,0.02925,0.03155,0.029445002,0.032375,0.042,0.035735,0.069475,0.06755,0.06679,0.03965,0.08065,0.058004998,0.463575,0.2329,0.34695,0.221625,0.2454,0.23248,0.09855,0.1615,0.12717,0.0012,0.0014,0.001405,0.67991835,0.26683185,0.48605904,0.4130865,0.02992,0.03,0.028423076,0.033660002,0.03644,0.033126924,0.073020004,0.062520005,0.066476926,0.053740002,0.08096,0.060319234,0.11771999,0.11266,0.114815384,0.31234,0.1696,0.2587077,0.37173998,0.19318001,0.30383462,0.37164,0.19984001,0.30969232,0.0772,0.07242,0.09665,0.00116,0.0015199999,0.0015769231,0.262,0.26808,0.25178075,0.1337,0.1831,0.1411,0.40898,0.22202,0.33909613,0.5296158,0.21317741,0.42863566
554,6,4298652.492912542,631325.7134777016,0.0290625,0.0521125,0.04261842,0.035125,0.063975,0.05361316,0.0630625,0.0978625,0.08676842,0.058075,0.1054,0.09882895,0.3732375,0.3343375,0.32210526,0.24835,0.2579125,0.29416844,0.1331875,0.16615,0.18787105,0.0014875,0.0028875,0.0019578948,0.5208892,0.3605775,0.35797647,0.16031173,0.0253,0.0239,0.033180952,0.029425,0.0345,0.044942856,0.058575,0.0727,0.0792,0.0512,0.0613,0.09137143,0.089775,0.12,0.13455237,0.250275,0.2754,0.24134761,0.325925,0.3333,0.28721905,0.3236,0.3359,0.2964762,0.0644,0.0458,0.08214762,0.0011,0.0016,0.0017571428,0.241575,0.2667,0.3019381,0.12405,0.14,0.18355714,0.364975,0.3612,0.32429048,0.47079805,0.46290675,0.3382853
555,6,4284927.6735681575,568325.0664106637,0.02772,0.0499,0.0363,0.033779997,0.06315,0.045511764,0.071540006,0.09375,0.07942353,0.05026,0.11915,0.080258824,0.43767998,0.26885,0.34418234,0.231,0.34895,0.28242353,0.10738,0.2338,0.16462353,0.00136,0.00175,0.0015058824,0.6215411,0.24070464,0.42933846,0.38083643,0.02475,0.045755554,0.037681483,0.02725,0.061133333,0.04396111,0.06183,0.08658889,0.07442407,0.040179998,0.1198,0.07879815,0.09649,0.1423,0.12237038,0.30091,0.17367779,0.23254628,0.37554,0.19585556,0.2755722,0.38092,0.21588889,0.29338148,0.057559997,0.074433334,0.08269259,0.00126,0.0019444445,0.0017925926,0.22145,0.3440222,0.2881389,0.09757,0.22982222,0.16882221,0.41928998,0.23188889,0.3144463,0.576606,0.15978502,0.36186135
556,6,4390985.294790568,402760.47400677996,0.026436364,0.03575,0.02747073,0.0324,0.0474125,0.035056096,0.06718182,0.077675,0.067578055,0.049272727,0.084775,0.05707317,0.40692726,0.3189125,0.3740683,0.22920908,0.2787625,0.23595366,0.10806364,0.1683875,0.12226586,0.0016181818,0.002425,0.0017268293,0.58624905,0.38449445,0.5244638,0.2017546,0.0267375,0.0327,0.02765,0.0332375,0.04381,0.035747223,0.06905,0.073520005,0.068397224,0.056275,0.08425,0.062705554,0.1096625,0.13235,0.115258336,0.2747875,0.23356001,0.262,0.3339875,0.26909,0.3107722,0.342775,0.28716,0.3250611,0.0614875,0.12898001,0.10868334,0.00175,0.0027,0.0019083334,0.2488625,0.29263002,0.25890556,0.1241375,0.17358,0.13785279,0.373525,0.30863002,0.3485139,0.48466167,0.3405993,0.44450337
557,6,4382728.50783,493165.32333234826,0.0358125,0.041983336,0.03220263,0.041725,0.05735,0.042278945,0.072625,0.08736667,0.07444211,0.0642,0.1125,0.07730263,0.371,0.24023333,0.32057896,0.261075,0.2996,0.25001052,0.1367375,0.20251666,0.14333948,0.001425,0.00195,0.0018052631,0.50292444,0.21144636,0.40381694,0.2914781,0.0323,0.0309,0.028942855,0.0365,0.046628572,0.03902286,0.069,0.07258571,0.07018571,0.0583875,0.10182857,0.075959995,0.103075,0.12991428,0.11713429,0.267325,0.17014286,0.22983427,0.3327875,0.18985714,0.2743543,0.3372375,0.20248571,0.2846743,0.055825,0.08877143,0.08998571,0.0022125,0.0024142857,0.0021314286,0.2527625,0.28545716,0.25540856,0.1288875,0.19005714,0.14604571,0.3694625,0.22062856,0.30955145,0.47186977,0.17392172,0.3556874
558,6,4258584.518014722,535851.30092405,0.0321,0.05875,0.037455555,0.041525,0.07525,0.048366666,0.087575,0.10885,0.08653889,0.07175,0.1387,0.0861,0.39455,0.2829,0.38048333,0.250025,0.33865,0.25805,0.123075,0.2293,0.1437389,0.001325,0.00195,0.00175,0.5150789,0.22311208,0.4637058,0.29196683,0.029781818,0.050427273,0.038567796,0.037454545,0.06679091,0.048572883,0.080918185,0.09863637,0.08437458,0.06032727,0.13156363,0.08625255,0.12642728,0.16346364,0.13825084,0.30127272,0.20752726,0.2640322,0.36147273,0.23229092,0.31407118,0.36607274,0.24632727,0.32524747,0.059054546,0.10371818,0.1044661,0.0015090909,0.0022636363,0.0020118644,0.24173635,0.3224818,0.26761866,0.11374546,0.21164545,0.1497,0.40231818,0.26750907,0.35238814,0.5059136,0.18367118,0.38994023
559,6,4287399.331315993,500485.27680267836,0.028642856,0.03607143,0.032917142,0.032814287,0.04217143,0.039142855,0.0651,0.056942858,0.062722854,0.046542857,0.07174286,0.065885715,0.38184285,0.15781428,0.25065145,0.2121,0.23044285,0.2287257,0.109728575,0.15915714,0.14234571,0.0012,0.0025714284,0.0016942858,0.56124824,0.16178873,0.32788312,0.3994595,0.03999375,0.040625,0.039992593,0.03264375,0.0381875,0.034557406,0.0662,0.050625,0.060079634,0.039575,0.0660625,0.05512593,0.10204375,0.0863875,0.10105926,0.29626876,0.1113125,0.20923333,0.36271876,0.1255125,0.24818704,0.36433125,0.1351875,0.25533703,0.05505625,0.0772625,0.07598333,0.00191875,0.0026625,0.0021870371,0.2225625,0.23375,0.23505372,0.10939375,0.1568625,0.1392037,0.3988,0.1528625,0.28198147,0.5563519,0.13357617,0.3607045
560,6,4311821.718444676,474796.3172405314,0.027585715,0.034633335,0.03254359,0.03932857,0.04795,0.044379488,0.084285714,0.07808333,0.0816718,0.07212857,0.09368333,0.082276925,0.40697142,0.26455,0.34395385,0.24754284,0.24995,0.25302562,0.12688571,0.16041666,0.14581539,0.0020428572,0.0029166667,0.0019692308,0.52978784,0.28680646,0.42440924,0.24298137,0.025166668,0.035257146,0.031715624,0.0331,0.049457144,0.042203125,0.0755,0.08172857,0.07858125,0.0576,0.09964286,0.081275,0.12225,0.14665714,0.1345375,0.29236668,0.22937143,0.2544844,0.35906667,0.2618143,0.29945624,0.36221668,0.27592856,0.31045,0.05225,0.12351428,0.103075,0.0030333335,0.0022,0.002171875,0.23523332,0.29077142,0.26827812,0.11355,0.18045714,0.15406875,0.40313333,0.2983,0.3378375,0.5075399,0.2908868,0.3805604
561,6,4264555.989967397,672145.567531154,0.03776,0.04386,0.036343478,0.04426,0.054440003,0.043430436,0.0797,0.08046,0.07441739,0.06346,0.100659996,0.07028696,0.44596002,0.24881999,0.36106956,0.25873998,0.28538,0.25086522,0.12584001,0.18521999,0.13569131,0.0013199999,0.00134,0.0013,0.59830546,0.2485232,0.47521007,0.34978226,0.030616665,0.124733336,0.039877776,0.03585,0.1878,0.05401852,0.06908333,0.21443333,0.083218515,0.044183336,0.2364,0.077329636,0.10105,0.26596668,0.12638149,0.3194,0.3177,0.26766667,0.3978167,0.32843333,0.31585187,0.39681667,0.3321,0.3246037,0.06956667,0.07226667,0.08045556,0.0010666667,0.0015333333,0.0018703702,0.22678332,0.1618,0.22038889,0.10285,0.1164,0.11682593,0.4362,0.35756668,0.35268888,0.586605,0.12595688,0.40934134
562,6,4343280.209861855,532844.9469483095,0.02654,0.0476,0.03267619,0.03198,0.0609,0.04199524,0.06542,0.0855,0.07309524,0.049879998,0.10875,0.0735,0.3682,0.23815,0.30776668,0.21582,0.28005,0.24194285,0.098579995,0.18415,0.13358095,0.00104,0.0021,0.0017857143,0.5348435,0.21578895,0.39460978,0.31905454,0.023892857,0.033355553,0.028020691,0.031942856,0.05133333,0.040132757,0.06663571,0.07798889,0.07209655,0.05389286,0.10605556,0.075984485,0.10597858,0.13203333,0.11948966,0.25952142,0.16801111,0.22123103,0.3154357,0.1875,0.25986552,0.31637856,0.20867778,0.27287242,0.06135714,0.08714445,0.08476207,0.0014785714,0.0021222222,0.001762069,0.22630715,0.2783,0.25210172,0.1056,0.18065555,0.13924655,0.35787857,0.22052221,0.29862067,0.45390093,0.17533736,0.33824074
563,6,4378182.254857391,472122.58772501093,0.017975,0.044833336,0.02883125,0.0238,0.054,0.03479375,0.062975,0.07756667,0.05928125,0.036075,0.115666665,0.0665125,0.4135,0.20673333,0.258275,0.174575,0.29913333,0.22293125,0.073775,0.19243334,0.1326625,0.00115,0.0012666667,0.00116875,0.6290081,0.15337975,0.33810887,0.47562838,0.024216667,0.0406125,0.032917142,0.027933335,0.0492,0.0368,0.06453333,0.0708375,0.06049429,0.038233336,0.11395,0.07631715,0.09515,0.1333,0.10707142,0.29335,0.151575,0.17857428,0.36306667,0.1706125,0.21087429,0.36075,0.182625,0.2189543,0.06233333,0.093675,0.07472,0.0024833335,0.002125,0.0019285715,0.18583333,0.2966125,0.24235715,0.08421667,0.1913375,0.14678572,0.39318332,0.205925,0.24442571,0.5551023,0.11790872,0.25432488
564,6,4300492.48448069,455043.1023202027,0.02038,0.03616,0.030213635,0.027460001,0.044379998,0.037536364,0.06272,0.06376,0.06305,0.04634,0.07934,0.065586366,0.34644,0.17012,0.24299546,0.1881,0.23954,0.22194546,0.091759995,0.16526,0.13518636,0.0033,0.00282,0.0020181818,0.5146962,0.16680923,0.3167108,0.34788695,0.02314,0.040442854,0.03462258,0.026460001,0.037485715,0.035364516,0.06072,0.05737143,0.061487097,0.03898,0.07405714,0.06587096,0.09166,0.10024286,0.10127742,0.25832,0.129,0.17964193,0.32356,0.14502858,0.21013226,0.32366002,0.14994286,0.21269356,0.057559997,0.096,0.08767419,0.0018200001,0.0023428572,0.0021774194,0.1914,0.25005716,0.23698708,0.089559995,0.17061429,0.14621936,0.35496002,0.17168571,0.23863548,0.5021832,0.14289159,0.26777124
565,6,4297946.189282322,465200.1131734268,0.04411111,0.0424,0.044014286,0.054222222,0.053957142,0.05572619,0.087066665,0.08125714,0.08608333,0.0964,0.09232857,0.1025619,0.3559111,0.23324284,0.27306905,0.31955558,0.27025715,0.29935,0.20252222,0.19211428,0.20472142,0.0024222222,0.0032714286,0.0021690475,0.40873787,0.24214879,0.28058386,0.16658908,0.0297,0.027157145,0.029076923,0.040625,0.04372857,0.046,0.07105,0.06912857,0.0748,0.0811,0.08512857,0.092719235,0.112675,0.12025714,0.12556154,0.275825,0.1715,0.20543845,0.3621,0.18788572,0.24171923,0.360525,0.19754286,0.2505577,0.04535,0.08311429,0.08199616,0.00135,0.0022857143,0.0021653846,0.291,0.26052856,0.2847423,0.168575,0.18455714,0.19003461,0.401125,0.21024285,0.2715,0.4491887,0.20047468,0.2678708
566,6,4277880.085768046,533563.0506436886,0.038833335,0.12673333,0.050355,0.045233335,0.1405,0.05883,0.08163333,0.16766666,0.092445,0.06785,0.19146666,0.09048,0.38255,0.31533334,0.355095,0.27215,0.26016667,0.25343,0.14,0.19316666,0.14598,0.0013833334,0.0055,0.002315,0.5090948,0.17447452,0.4207593,0.33462024,0.03415,0.0493,0.037115257,0.038866665,0.0575,0.0438322,0.07350833,0.08333333,0.07703051,0.05826667,0.10156667,0.07358983,0.11220834,0.13933334,0.1275712,0.2782,0.1918,0.26133898,0.33636668,0.21456668,0.30816442,0.33875832,0.22854443,0.31949154,0.058991667,0.10791111,0.104161024,0.0012583333,0.0030555555,0.001998305,0.25366667,0.29662222,0.25865424,0.124741666,0.20006666,0.14295423,0.37916666,0.24722221,0.34754747,0.47425258,0.21561055,0.41090256
567,6,4312842.301424002,422361.67058971163,0.0286,0.040116664,0.033931818,0.039133333,0.053883333,0.0448,0.08216667,0.08863333,0.080518186,0.07213333,0.10061667,0.08073182,0.35913333,0.30545,0.32312274,0.2623,0.27956668,0.26319546,0.13206667,0.17213334,0.1472409,0.0013666668,0.0033333332,0.0018681817,0.4682646,0.33103195,0.39948952,0.13723266,0.02806,0.03555,0.03219355,0.03594,0.04921,0.042864516,0.076120004,0.08184,0.07714194,0.05808,0.09697,0.078048386,0.124,0.14868,0.13263549,0.29402,0.22673,0.24379033,0.35193998,0.25621,0.28279033,0.35731998,0.26849,0.29268387,0.06606,0.11085,0.10135484,0.00228,0.00285,0.0027709678,0.2539,0.28684,0.2709,0.12136,0.17304,0.1508258,0.39264,0.29097,0.31853226,0.49982896,0.28563473,0.36255994
568,6,4259512.071284514,677803.1664955426,0.04684,0.04202,0.04568095,0.053940002,0.0508,0.0553619,0.08416,0.07796,0.086090475,0.083840005,0.09298,0.09994762,0.43603998,0.28494,0.3128476,0.3108,0.25232,0.28537142,0.18034,0.16406,0.18926667,0.00134,0.0018399999,0.0014809524,0.53779,0.31821668,0.34278512,0.21957332,0.04121111,0.13785,0.046677776,0.046344444,0.17045,0.06047407,0.0758,0.20275,0.091814816,0.07106667,0.2195,0.10244074,0.11428889,0.2668,0.14717038,0.31062222,0.3403,0.26784813,0.40295556,0.3631,0.31947407,0.41051114,0.36375,0.32601112,0.063944444,0.1247,0.09009259,0.0012444445,0.0014,0.001574074,0.29173332,0.1831,0.2772926,0.1649111,0.12665,0.17624445,0.44325557,0.386,0.35464075,0.5367318,0.19075139,0.3555805
569,6,4232936.497559572,571867.617923124,0.0369,0.0465,0.039020002,0.043033335,0.0555,0.048306666,0.077866666,0.083566666,0.08006,0.07213333,0.097666666,0.08800667,0.39756668,0.25326666,0.30246666,0.2983,0.2716,0.26500666,0.1722,0.20196666,0.17170666,0.0009333333,0.0044333334,0.0018466667,0.5179794,0.2614833,0.3542024,0.25649607,0.0377875,0.03246,0.033447057,0.04485,0.040579997,0.042835295,0.07815,0.06318,0.0726647,0.070675,0.0763,0.07669706,0.1188625,0.11396,0.11936765,0.316525,0.17666,0.24459411,0.4136375,0.19732,0.2993,0.4141875,0.20344,0.30687353,0.0696875,0.06384,0.08535883,0.0014125,0.0015,0.0020617647,0.299125,0.24048,0.25648823,0.16335,0.15492,0.1500794,0.4523875,0.22238001,0.33204708,0.5422258,0.22923636,0.38595694
570,6,4341511.982370765,562471.7502266306,0.04295,0.0417,0.038994446,0.04765,0.0502,0.046355553,0.077075,0.0686,0.07145,0.0732,0.0898,0.07871111,0.38965,0.2309,0.2933222,0.290125,0.2669,0.27060556,0.169025,0.18,0.16948333,0.001375,0.003,0.0016,0.5054046,0.24387799,0.3619736,0.26152658,0.035753332,0.10198333,0.05,0.039,0.1143,0.057106666,0.06604,0.129275,0.080743335,0.05976667,0.152775,0.088536665,0.097846664,0.17415833,0.12202167,0.26914665,0.20029166,0.21867333,0.34328002,0.21935833,0.26138002,0.3488,0.232425,0.27241668,0.060806666,0.094908334,0.082485,0.0021466666,0.0024,0.002045,0.24283999,0.2521667,0.256325,0.13066,0.17944166,0.15964499,0.38234666,0.24824168,0.29642335,0.48422727,0.124524325,0.30958217
571,6,4375461.926690734,413188.11586719274,0.030266665,0.054625,0.043511763,0.036966667,0.065225,0.05442353,0.068,0.0885,0.08244706,0.061466668,0.1112,0.09541177,0.33876666,0.207425,0.2733,0.24863333,0.290925,0.28104708,0.14393334,0.21745,0.19363528,0.0011333333,0.001475,0.0013529412,0.4664309,0.1631701,0.29602876,0.3032608,0.0379375,0.050557144,0.045367647,0.0467125,0.061414286,0.053223528,0.080925,0.08644286,0.08361764,0.0778,0.11382858,0.09877941,0.1205,0.1397,0.1351706,0.2720125,0.17051429,0.21355,0.3298625,0.18947142,0.24860588,0.328625,0.20124286,0.25631177,0.05925,0.08681429,0.07864412,0.0015,0.0028142857,0.0017970589,0.28615,0.30161428,0.29435587,0.177925,0.2234,0.20017059,0.3702,0.21875715,0.28343824,0.41380838,0.14821693,0.26371738
572,6,4378498.76517465,452538.36450798844,0.0156,0.0351,0.023425,0.020725,0.044633333,0.02983125,0.0538,0.06293333,0.05700625,0.033575,0.08443333,0.053325,0.339075,0.16536666,0.2616375,0.1659,0.2451,0.195825,0.0723,0.16606666,0.1071,0.0012,0.0011333333,0.00116875,0.5379828,0.14790376,0.37476593,0.39007908,0.01712,0.034455553,0.026694117,0.02152,0.036511112,0.030094117,0.0595,0.05621111,0.057291176,0.03702,0.08315556,0.06431764,0.08882,0.102288894,0.096985295,0.26078,0.124277785,0.17090294,0.31868002,0.13951111,0.19952059,0.32156,0.15595555,0.21265881,0.056479998,0.07507778,0.0702853,0.00358,0.002977778,0.0021764706,0.17751999,0.25381112,0.22285588,0.08172,0.17225556,0.13366765,0.34644,0.17073333,0.22995882,0.5043576,0.13426493,0.27128544
573,6,4365092.494944153,583668.7303220587,0.06122,,0.06767143,0.08054,,0.0857,0.12872,,0.12829286,0.13258001,,0.13934286,0.42512003,,0.3671857,0.31876,,0.31667855,0.19102,,0.20426428,0.0014399999,,0.0016785715,0.41951758,-0.0,0.33474627,0.41951758,0.055161536,0.13566,0.071805,0.066561535,0.14774,0.08593333,0.10602307,0.17929,0.124265,0.10234615,0.19631,0.131585,0.15303846,0.24053998,0.18209167,0.3218,0.30613998,0.29419333,0.39235386,0.32836002,0.33700666,0.39548463,0.33357,0.34470832,0.06360769,0.11744,0.097315006,0.0017692308,0.00221,0.0019916666,0.29482308,0.29382,0.30414334,0.16902307,0.20076999,0.19142167,0.4318154,0.35505,0.37289333,0.4465537,0.19014095,0.32086983
574,6,4291273.401225912,475254.3549316182,0.026785715,0.0388,0.032105125,0.031442855,0.0446125,0.0370641,0.0549,0.058575,0.058048718,0.045314286,0.07,0.05771795,0.36458573,0.1659125,0.25072306,0.20137142,0.2306625,0.21834102,0.09797143,0.16015,0.13029744,0.0013857143,0.0030625,0.0017615386,0.54174775,0.17975785,0.34731984,0.36198992,0.02445,0.027114285,0.02545,0.029716665,0.03717143,0.033459377,0.05743333,0.05367143,0.0565125,0.045383334,0.06951429,0.05920625,0.085766666,0.09181429,0.09208125,0.26068333,0.12338572,0.1838625,0.33616668,0.13961428,0.2206875,0.34755,0.14942858,0.23319687,0.0573,0.07755714,0.07840312,0.0048666666,0.0036142857,0.003125,0.20571667,0.2305,0.2235875,0.09865,0.1577,0.13308126,0.3753667,0.166,0.2537125,0.5186627,0.15178253,0.31627944
575,6,4325885.401930314,534104.4895562303,0.035433333,0.04175,0.0403,0.037633333,0.04735,0.046483334,0.06326667,0.06345,0.06965,0.0513,0.0789,0.077261105,0.42976665,0.15615,0.25879443,0.23253332,0.2193,0.24353333,0.12656666,0.1587,0.16356666,0.0009333333,0.0016,0.0014833333,0.6092953,0.14353293,0.3142409,0.46576238,0.03291875,0.0919,0.048438333,0.02906875,0.077675,0.044425,0.05369375,0.09055833,0.065155,0.0360125,0.108833335,0.06976833,0.07955625,0.13724166,0.10599166,0.28926876,0.16248333,0.20320167,0.3899,0.1769,0.24898332,0.38670626,0.169925,0.24903001,0.06035625,0.07239167,0.07383666,0.00175,0.0037916668,0.0021600001,0.21155626,0.20928332,0.23141167,0.1005,0.149625,0.14442,0.429775,0.201775,0.28199667,0.59514815,0.10671965,0.31638718
576,6,4312818.136272453,469527.3439602323,0.0262375,0.042425,0.036490474,0.031975,0.0528,0.04562143,0.062675,0.0728,0.07035476,0.0503125,0.1045125,0.085847616,0.313075,0.19705,0.24048096,0.216875,0.2978875,0.27368572,0.10335,0.1882875,0.16054524,0.002425,0.0024,0.0021619047,0.45814955,0.15978104,0.2672515,0.2983685,0.02124,0.030014286,0.02397931,0.03296,0.04927143,0.040527586,0.06412,0.06884286,0.064037934,0.05082,0.10371428,0.08193104,0.09366,0.11611428,0.10694828,0.24128,0.13392858,0.16948967,0.29564,0.15191428,0.1991862,0.28886002,0.17367142,0.2104724,0.0529,0.06897143,0.071134485,0.0014399999,0.0023428572,0.0019137932,0.22126001,0.29704285,0.26333103,0.10246,0.19047143,0.1530207,0.32988,0.18621428,0.23484482,0.42180908,0.122940116,0.22837882
577,6,4279481.913492514,686985.8971749125,0.01765,0.0355,0.023635,0.02705,0.051859997,0.033945,0.073375,0.086059995,0.07258,0.055575,0.10944,0.06643,0.405725,0.25022,0.34491,0.215975,0.2746,0.227525,0.10115,0.1758,0.119830005,0.0009,0.00198,0.00137,0.56875587,0.23263638,0.46279368,0.33611947,0.018333333,0.0207,0.021948,0.02525,0.0369,0.03218,0.07083333,0.0714,0.070184,0.044683333,0.0757,0.061428003,0.11325,0.1219,0.116556,0.3124,0.2183,0.261072,0.38125,0.2553,0.310744,0.3904333,0.274,0.32599598,0.07421667,0.0331,0.083844,0.0011166667,0.0015,0.001576,0.21633333,0.2666,0.23460801,0.096483335,0.1461,0.121608,0.42128336,0.2991,0.34835202,0.5771452,0.34056246,0.44890016
578,6,4366512.360959622,423558.4737680721,0.024025,0.045725,0.03498,0.029525,0.054525,0.042775,0.0655,0.071775,0.068904996,0.04825,0.1006,0.078035,0.346675,0.192375,0.26045,0.2077,0.304,0.26251498,0.09615,0.2028,0.15624,0.0013,0.0015,0.00197,0.5101369,0.1600189,0.3150009,0.35011798,0.021771427,0.039614286,0.03086857,0.029285714,0.0485,0.039079998,0.06607143,0.067842856,0.06421143,0.04782857,0.10095714,0.07828,0.10648572,0.1223,0.11307715,0.2523857,0.14672858,0.18141428,0.29545715,0.16471428,0.20889144,0.29584286,0.17721428,0.21865429,0.047757145,0.08495714,0.07390285,0.0025857145,0.0027142856,0.0021600001,0.21608572,0.30868572,0.26969713,0.0999,0.20331429,0.15860571,0.33314285,0.1963,0.24468857,0.4395448,0.13430174,0.24950527
579,6,4260418.599976676,655467.5114624978,0.05181667,0.04882,0.03945909,0.06295,0.0586,0.048077274,0.0935,0.08562,0.078031816,0.11048334,0.1006,0.08639091,0.3067,0.23612,0.30883634,0.3239833,0.29276,0.2691182,0.1997,0.19841999,0.15984091,0.0012666667,0.00142,0.00125,0.31207713,0.22929695,0.3667873,0.08278018,0.044827275,0.0501,0.039017856,0.0541,0.062,0.046032146,0.08656363,0.0988,0.07816429,0.104336366,0.1188,0.089114286,0.13594545,0.1693,0.13044286,0.2506909,0.2482,0.23083928,0.3043,0.2785,0.2740143,0.3050818,0.2882,0.2797,0.05118182,0.0388,0.07112143,0.0011727273,0.0016,0.0016357143,0.31937274,0.368,0.285625,0.1893,0.2095,0.1667,0.33976364,0.3136,0.31055,0.3226404,0.26917598,0.31900945
580,6,4259264.786767275,533055.693961933,0.034233335,0.04605,0.041635294,0.038166665,0.0552,0.04944706,0.06583333,0.0739,0.07671177,0.05536667,0.0939,0.08588236,0.4035,0.18395,0.28188825,0.2511,0.28185,0.27307647,0.1403,0.20265,0.17555882,0.0014,0.0014,0.0016352942,0.5664831,0.1597413,0.32930964,0.4067418,0.03472,0.07219167,0.047615,0.03616,0.06310833,0.04794333,0.062379997,0.08265,0.07227667,0.0504,0.103933334,0.079838336,0.09074667,0.12943333,0.114196666,0.28234667,0.15660834,0.21023667,0.36961332,0.17374167,0.25466833,0.37248,0.18158333,0.26293832,0.060913336,0.09253333,0.084348336,0.0016399999,0.0026083335,0.0018866666,0.23252666,0.263025,0.261715,0.120326675,0.18719167,0.16393167,0.40554,0.199225,0.28721166,0.5391579,0.13565467,0.31470206
581,6,4384882.66672762,487935.0972582076,0.0332625,0.045566667,0.037224326,0.035325,0.0523,0.042375673,0.0619875,0.06605,0.06493514,0.0433625,0.0866,0.06755946,0.380575,0.16403334,0.26738378,0.203525,0.2517,0.23230271,0.096875,0.17371666,0.13729459,0.0011125,0.0013166667,0.0012675675,0.5678336,0.14110877,0.34945893,0.42672485,0.036185715,0.0361,0.035991427,0.03307143,0.0437,0.038237143,0.06295714,0.059875,0.062688574,0.042614285,0.0848625,0.06847714,0.0933,0.099425,0.102994286,0.2741,0.1170375,0.18979143,0.3432857,0.131925,0.22638571,0.3577,0.1443,0.24011143,0.055185713,0.0676125,0.070282854,0.0016571429,0.0023,0.0017114286,0.22287144,0.2368875,0.23811714,0.1103,0.1619375,0.14112,0.37935716,0.1586875,0.25970572,0.5395398,0.11023521,0.30551726
582,6,4367525.1804305,497460.82913810055,0.028628571,0.056042857,0.041614998,0.033471428,0.06862857,0.0504,0.068085715,0.09715714,0.0824825,0.04542857,0.12372857,0.084735,0.3767143,0.27035716,0.3223725,0.21827143,0.35892856,0.29653,0.099,0.24002856,0.1727425,0.0021571429,0.0028285715,0.0019375,0.55744123,0.23388638,0.3893816,0.32355487,0.026428571,0.044583336,0.034235295,0.029942855,0.06035,0.044067647,0.064742856,0.08933333,0.07684412,0.04177143,0.11473334,0.077658825,0.09988571,0.15531667,0.12754706,0.26805717,0.21366668,0.24210294,0.32614285,0.23831667,0.2830912,0.33245715,0.2548667,0.2941,0.055428572,0.11805,0.09576765,0.0020285714,0.0024333333,0.001932353,0.21817143,0.35438332,0.2899353,0.09782857,0.22846667,0.16435294,0.3644857,0.28068334,0.32142943,0.507231,0.22894216,0.36549124
583,6,4329318.044946134,417322.0011427507,0.03045,0.04578,0.03706842,0.03765,0.0591,0.04841579,0.0776,0.0873,0.08163684,0.06325,0.11788,0.09332105,0.36815,0.22946002,0.28793684,0.2506,0.31852,0.28175265,0.13965,0.24421999,0.18957368,0.0014,0.0036,0.002168421,0.50149673,0.18444538,0.32180506,0.31705135,0.0258,0.043925,0.040646154,0.032033335,0.052175,0.048280768,0.07276667,0.0775,0.079223074,0.058933333,0.1108125,0.097176924,0.10606666,0.133925,0.13103077,0.28056666,0.16465,0.20606923,0.34943333,0.18385,0.23889232,0.3503,0.190375,0.2480577,0.038433336,0.0998625,0.097,0.0023333335,0.002375,0.0020346153,0.2449,0.29815,0.28945768,0.12746666,0.2184625,0.19370769,0.38516667,0.2132625,0.2727154,0.48830006,0.13658094,0.25464553
584,6,4362287.150035505,438747.2433079482,0.019475,0.0444,0.03307619,0.02505,0.055125,0.042990476,0.06435,0.074925,0.072061904,0.040525,0.1003,0.07890476,0.3403,0.177575,0.24480475,0.1916,0.291075,0.25527143,0.087775,0.1943,0.1524619,0.00135,0.001375,0.0018380953,0.52132607,0.1362111,0.28919038,0.38511497,0.0174,0.0342,0.027057575,0.0231,0.0408375,0.033963636,0.05896667,0.0591125,0.058318183,0.0389,0.0888,0.06982727,0.09335,0.1105125,0.10424242,0.22731668,0.128575,0.1640697,0.27056667,0.146175,0.19034547,0.26486668,0.1460375,0.18841515,0.0439,0.0870875,0.07655151,0.0023166665,0.0024625,0.002151515,0.18806666,0.296825,0.2583394,0.08875,0.1954875,0.15375455,0.29801667,0.1756375,0.22099091,0.41592222,0.10528122,0.21863535
585,6,4297752.559972027,566797.0630303473,0.0464,0.0385,0.045342855,0.055,0.0466,0.05492857,0.08976667,0.0671,0.08452857,0.093666665,0.0844,0.09732857,0.28386667,0.1909,0.24623571,0.3162667,0.2461,0.2958,0.19163334,0.1683,0.19247143,0.0011333333,0.002,0.0017857143,0.31517893,0.19107115,0.25156218,0.12410778,0.044866666,0.0787,0.049669646,0.053626668,0.0890375,0.05924286,0.08886,0.1123625,0.08968393,0.09184,0.1389375,0.1038,0.13595334,0.1651125,0.14072677,0.22313999,0.1891,0.19960892,0.25934,0.2066,0.22689465,0.26236,0.21685,0.23497322,0.048653334,0.0982125,0.07822143,0.0015199999,0.0023375,0.0019910715,0.31373334,0.2557625,0.30159643,0.18881999,0.17785,0.19402322,0.29565334,0.232075,0.2596,0.28750128,0.125641,0.22096528
586,6,4306112.6552721225,548979.7913252311,0.0129333325,0.041433334,0.023972223,0.020166667,0.049066667,0.0305,0.0529,0.0643,0.05395,0.035333335,0.0773,0.05165,0.32576668,0.17516667,0.23535557,0.15336667,0.2228,0.18122779,0.06826667,0.14843334,0.10208333,0.0012333333,0.004933333,0.0018,0.5147459,0.17981118,0.33786407,0.3349347,0.021590909,0.071770005,0.034272414,0.018363636,0.04566,0.028753448,0.0477,0.05986,0.050953448,0.026954545,0.07494,0.046460345,0.075745456,0.10093,0.08430172,0.23062727,0.12748,0.1721638,0.28866366,0.14453,0.20653448,0.30164546,0.15039,0.21673447,0.047145456,0.08948,0.06955517,0.0017272728,0.0033200001,0.0022413793,0.15507273,0.19914,0.17612068,0.067736365,0.13077,0.09647759,0.31646365,0.17063001,0.23380344,0.50260484,0.14179708,0.32048842
587,6,4389873.451444955,453815.37128389784,0.01945,0.037766665,0.028052941,0.0264,0.047133334,0.033941176,0.0556,0.0718,0.060758825,0.04255,0.0881,0.0536,0.3636,0.24586667,0.33655882,0.1965,0.2758667,0.21718235,0.087,0.1718,0.111641176,0.0016,0.0014333333,0.0016588236,0.54759777,0.2706477,0.48279932,0.27695006,0.017833333,0.03,0.024888571,0.024866667,0.0456,0.034365714,0.05676667,0.072075,0.06355429,0.043183334,0.0939625,0.062394287,0.09243333,0.126325,0.10578857,0.26531667,0.18435,0.23523141,0.3262,0.2098875,0.28110856,0.33525,0.23335,0.29713714,0.06476667,0.0907625,0.08987143,0.0031333333,0.0019875,0.0019457143,0.19731666,0.2899625,0.2401457,0.08986667,0.1805375,0.12820856,0.3654833,0.24865,0.31951714,0.50745136,0.23886374,0.40560085
588,6,4390876.610308833,546119.2185476011,0.0284,0.0435,0.037554998,0.032775,0.05446667,0.04569,0.0617,0.07853333,0.071535,0.0478,0.10526666,0.082055,0.322575,0.22163333,0.25671002,0.237,0.33253333,0.285075,0.114875,0.23096667,0.18056,0.0012,0.0022666666,0.0018200001,0.47793776,0.19732887,0.3003749,0.2806089,0.028607145,0.17509286,0.06680984,0.024364285,0.20621428,0.07405246,0.055471428,0.2326,0.10222787,0.04022143,0.26207143,0.11275245,0.09233571,0.28315,0.14906229,0.24304284,0.31905,0.23109509,0.291,0.3320143,0.26105574,0.29310715,0.3451143,0.2708672,0.05192143,0.13515,0.09003771,0.00185,0.0029142858,0.0021032786,0.22372857,0.24322857,0.26088196,0.10784286,0.1692,0.15976721,0.32495716,0.3592,0.29384425,0.4549487,0.10516623,0.25643447
589,6,4336726.7580420505,409565.23867112806,0.02505,0.053825,0.039916664,0.0323,0.063975,0.048733335,0.0718,0.088025,0.07895,0.05135,0.1118,0.08336667,0.37155,0.21595,0.2769722,0.20325,0.295975,0.2623833,0.0955,0.20955,0.16487221,0.00125,0.003425,0.002161111,0.5355267,0.17542292,0.32768905,0.3601038,0.034066666,0.0421,0.040824,0.039366666,0.049233336,0.046423998,0.07603333,0.070644446,0.072620004,0.06956667,0.09666667,0.087816,0.1249,0.120844446,0.122612,0.2530667,0.1471,0.182456,0.30123332,0.16568889,0.20949599,0.3009,0.16952221,0.211732,0.036866665,0.085088894,0.082552,0.0011666667,0.002111111,0.001784,0.26493332,0.28627777,0.28062,0.13573334,0.19905555,0.182248,0.34053332,0.1934889,0.240744,0.39399764,0.12995788,0.21778004
590,6,4289557.402859327,690064.0045083119,0.030525,0.04622,0.03873913,0.0352,0.0601,0.04754783,0.0714,0.0863,0.076130435,0.05105,0.110080004,0.08267826,0.3983,0.20821999,0.2695739,0.232325,0.27602,0.2589,0.1103,0.1867,0.15864782,0.00095,0.0014399999,0.0014869565,0.5708269,0.16663134,0.31828237,0.40419555,0.020314286,0.1818,0.039510716,0.02932857,0.26845,0.059275,0.06597143,0.2996,0.09013214,0.04942857,0.322,0.09801786,0.10298572,0.34075,0.13421428,0.27621427,0.38405,0.22680357,0.33415714,0.39715,0.25931785,0.33894286,0.4018,0.26697856,0.06298571,0.06745,0.07148571,0.0011285715,0.0012,0.0015821428,0.22528572,0.168,0.25742856,0.10928572,0.1208,0.15553571,0.3716,0.4149,0.29249284,0.4965696,0.09174102,0.28118476
591,6,4303889.863663563,504378.55848786194,0.02035,0.040214285,0.027338095,0.02488,0.048142854,0.032811906,0.05551,0.066042855,0.057830952,0.03166,0.07765714,0.05126667,0.47687003,0.19217142,0.32062855,0.18264,0.21752857,0.19702381,0.07295,0.14765714,0.1070619,0.00187,0.0042285714,0.0020738095,0.7167609,0.20767182,0.4664538,0.50908905,0.022726666,0.0373875,0.02909643,0.024360001,0.0379,0.029667856,0.05666667,0.057075,0.05609821,0.031226667,0.070225,0.04957143,0.0886,0.096525,0.09462857,0.33367333,0.14275,0.23709822,0.42307997,0.16265,0.28712678,0.42345333,0.1752875,0.29327857,0.07062667,0.0807,0.08969286,0.00266,0.0022,0.0023910715,0.18947333,0.23945,0.21138035,0.076859996,0.15615,0.11353572,0.45922667,0.192875,0.31935894,0.6544103,0.19545384,0.43141645
592,6,4383781.703989831,452800.3510788321,0.019825,0.050375,0.032116666,0.027575,0.06895,0.0439,0.06535,0.1033,0.07701667,0.04655,0.149075,0.08941667,0.356225,0.26115,0.29115,0.205075,0.34595,0.2628778,0.0925,0.217625,0.14611666,0.001175,0.001475,0.0013444445,0.5273954,0.17306955,0.3349383,0.3543259,0.02046,0.0409625,0.030560605,0.0272,0.0592125,0.042363636,0.062140003,0.0905125,0.07327576,0.04604,0.1395125,0.09632727,0.0962,0.1634125,0.13112424,0.24412,0.186825,0.1988394,0.29516,0.20795,0.22989698,0.2974,0.222675,0.24266365,0.042460002,0.108625,0.08587576,0.00104,0.0026875,0.0017181818,0.20648001,0.3369375,0.27853635,0.0921,0.21255,0.1588,0.33078,0.24565,0.2696515,0.44633976,0.13348673,0.24822144
593,6,4295758.212028582,401539.82841640705,,0.043466665,0.041244447,,0.05285,0.050144445,,0.07336667,0.07505,,0.0928,0.088644445,,0.19685,0.23303333,,0.26816666,0.26539442,,0.19216666,0.18490556,,0.00305,0.0018666666,-0.0,0.18324213,0.249673,-0.18324213,0.03858,0.041466665,0.04298667,0.0349,0.0425,0.04484667,0.06278,0.062866665,0.06998333,0.046439998,0.086044446,0.08266,0.09252,0.116166666,0.118093334,0.299,0.14876667,0.19652,0.38476002,0.16621111,0.23127,0.3839,0.16652222,0.23345335,0.07318,0.09601111,0.08931,0.0018799999,0.002111111,0.0023966667,0.23721999,0.27476668,0.27756333,0.11662,0.1917,0.18357332,0.42424,0.19496666,0.26459,0.56418,0.14653328,0.26328644
594,6,4279769.574661045,641540.5426676143,0.0343375,0.04797143,0.043677498,0.042,0.060314287,0.0554075,0.0756375,0.0867,0.0876475,0.0766375,0.10875714,0.109759994,0.38565,0.25411427,0.2822225,0.2400375,0.29345715,0.2847125,0.1442375,0.20324285,0.194765,0.0010875,0.0016142856,0.0016475001,0.49218976,0.23984244,0.27894884,0.25234732,0.03612857,0.0518,0.040728,0.044,0.0643,0.05102,0.07994286,0.0927,0.083856,0.08422857,0.1232,0.1043,0.11875714,0.1514,0.140224,0.26531428,0.1904,0.22583601,0.3428143,0.2112,0.267192,0.34382856,0.2142,0.273852,0.0602,0.0306,0.069464,0.0011285715,0.0012,0.0020879998,0.2594143,0.3415,0.2842,0.1638,0.2307,0.187056,0.37142858,0.24,0.29632398,0.41979918,0.15067424,0.27810508
595,6,4302091.967917728,515438.0426419338,0.0222,0.036125,0.031767648,0.028833335,0.04875,0.041508824,0.06608889,0.07015,0.07022059,0.044011112,0.10065,0.07889706,0.3752222,0.180825,0.26991177,0.19681111,0.252225,0.24179119,0.084122226,0.1588,0.13514118,0.0011,0.0016,0.0014735294,0.5591575,0.14091648,0.3272448,0.41824102,0.02562143,0.04339,0.035538334,0.029757144,0.056009997,0.04340333,0.06382143,0.07749,0.07029167,0.04292857,0.11409,0.083053336,0.09664286,0.13235,0.11856167,0.2630357,0.15209,0.19691,0.3217643,0.16998,0.23119333,0.32507858,0.18304001,0.24151833,0.05594286,0.080709994,0.07474,0.0018071429,0.00306,0.0022266665,0.19583572,0.2933,0.25210336,0.08554286,0.189,0.14327833,0.35837144,0.20136,0.26650333,0.49392304,0.11831987,0.27495125
596,6,4363902.049961602,438436.1640585554,0.016466668,0.038475,0.027742105,0.023166668,0.0441,0.034878947,0.06163333,0.054525,0.05934737,0.038366664,0.072825,0.06106842,0.3739,0.13535,0.24194737,0.18496667,0.256775,0.22708948,0.08023333,0.17565,0.13326842,0.0014,0.001425,0.0016157894,0.5721997,0.119310685,0.32567057,0.45288903,0.01816,0.02775,0.023403125,0.026139999,0.0372875,0.032415625,0.06514,0.05315,0.055925,0.04384,0.0793,0.06560937,0.10344,0.0930875,0.097234376,0.26756,0.1097625,0.16336875,0.32246,0.1237,0.18925,0.31464,0.13615,0.19629376,0.0523,0.064975,0.0662375,0.0028,0.00205,0.0019125,0.19712,0.27165,0.24255,0.09074,0.18715,0.14739375,0.35046002,0.1490375,0.21709688,0.47680894,0.10714529,0.24133661
597,6,4354124.732354366,525226.9784564157,0.035883334,0.045528572,0.04342439,0.043066666,0.059385713,0.055621948,0.07773333,0.08557143,0.08790732,0.07411667,0.10867143,0.104765855,0.38173333,0.22574285,0.28030488,0.25698334,0.28112856,0.28449756,0.14395,0.19842857,0.18583658,0.00105,0.0027714286,0.0018585365,0.49309763,0.19688386,0.2865021,0.29621378,0.032553334,0.0694,0.043729823,0.036833335,0.08515,0.05558947,0.06864667,0.1095,0.086554386,0.0608,0.13284001,0.09857193,0.10751999,0.17366,0.1421579,0.29051998,0.22368999,0.24131228,0.3745,0.24407,0.28542632,0.3753667,0.24836001,0.2914965,0.065626666,0.08952,0.08658421,0.0020133334,0.00196,0.0022298247,0.24712665,0.26843,0.28035614,0.13230667,0.18439001,0.1775386,0.4132067,0.26768002,0.31883156,0.5169418,0.1842805,0.31563455
598,6,4264717.47384581,520991.7749743127,0.04966,0.04785,0.040594116,0.06402,0.061,0.051964704,0.1061,0.09725,0.08854117,0.12744,0.118,0.09742353,0.33584,0.30115,0.33632353,0.3547,0.3135,0.29398236,0.22176,0.2196,0.18194118,0.00174,0.002,0.0019058823,0.3173547,0.28899863,0.3803801,0.028356075,0.0421,0.038785715,0.036214285,0.056054547,0.05235714,0.04689184,0.0921,0.0841,0.07939184,0.108581826,0.10261428,0.08739796,0.14575455,0.14672858,0.13127959,0.23739092,0.21477143,0.2306551,0.27911818,0.23871428,0.26888776,0.2885182,0.2528,0.2812796,0.040918183,0.099371426,0.08404081,0.0011818182,0.0017,0.0015653061,0.3228182,0.2839857,0.26757753,0.19910909,0.18871428,0.16378775,0.3181091,0.26721427,0.30231634,0.2903858,0.25046408,0.325079
599,6,4369431.252304109,474414.2357231699,0.0374,0.049666665,0.0457,0.0452,0.05851667,0.05542083,0.0859,0.07471667,0.08126667,0.06956667,0.09551667,0.0915875,0.33936667,0.16743334,0.237825,0.21916668,0.27651668,0.26768333,0.116233334,0.19405,0.17232084,0.0012333333,0.0031833334,0.0023833334,0.44777802,0.12872851,0.25081295,0.3190495,0.0372,0.044642854,0.041768294,0.03102,0.04,0.037136585,0.06774,0.05622857,0.06402927,0.04683,0.07942857,0.06908293,0.105780005,0.10067143,0.11009756,0.2511,0.11612858,0.18228537,0.29782,0.13027142,0.20943901,0.29499,0.13314286,0.2108,0.04251,0.082514286,0.07129025,0.00316,0.0024857144,0.0024804878,0.22266,0.27084285,0.25631464,0.113919996,0.18275714,0.15448536,0.32603002,0.15764286,0.23934634,0.4408185,0.10144177,0.2573681
600,7,4398563.821122451,423389.69958355924,0.0353,0.0328,0.029425,0.037920002,0.042333335,0.03546,0.063540004,0.059466667,0.062234998,0.0522,0.07583333,0.06277,0.39183998,0.16293333,0.284755,0.2252,0.2433,0.223105,0.12104,0.17243333,0.13349,0.00284,0.0012666667,0.00191,0.55967885,0.16190395,0.38662484,0.3977749,0.032375,0.04135,0.03483793,0.0243625,0.026833335,0.02347931,0.0507875,0.043066666,0.047286205,0.0377125,0.06278333,0.05109655,0.0831,0.0963,0.09475517,0.268025,0.12425,0.19486897,0.3480125,0.141,0.23850688,0.3517625,0.13336666,0.23829311,0.0572375,0.087633334,0.08412069,0.0027875,0.0022333334,0.0021172413,0.22185,0.2609667,0.23883794,0.11385,0.17953333,0.14243104,0.38265,0.1662,0.2699276,0.5443666,0.13742362,0.34387746
601,7,4383634.224785894,442377.5393063642,0.017875,0.034433335,0.023147367,0.020325,0.0403,0.027026316,0.044325,0.050933335,0.04856842,0.024725,0.0627,0.040936843,0.394375,0.1351,0.26880527,0.153775,0.2123,0.17340526,0.059775,0.149,0.093442105,0.0014,0.0013333333,0.0016473684,0.6356989,0.14079249,0.41671443,0.49490643,0.019066667,0.025425,0.023769697,0.0191,0.029025,0.024060607,0.045116667,0.0427125,0.0448,0.024733333,0.05875,0.044351514,0.06953333,0.0766625,0.07783333,0.26416668,0.0969,0.16154546,0.35293332,0.111475,0.19956666,0.34996668,0.1177625,0.20384242,0.05786667,0.0689625,0.072409086,0.0021166666,0.0024625,0.0018636364,0.16045,0.2107625,0.1911303,0.06396667,0.1457,0.11108182,0.38395,0.134775,0.22650908,0.57693034,0.1172034,0.3043055
602,7,4347842.318142115,471899.9364614432,0.033477776,0.05568,0.044826314,0.03497778,0.063659996,0.051042106,0.0776,0.08178,0.08243421,0.035444446,0.1088,0.07997368,0.5814222,0.19296,0.35396317,0.22838889,0.33784,0.28550264,0.09525555,0.24828,0.1693,0.0012777777,0.00348,0.0019342105,0.81905407,0.1446963,0.4430906,0.6743578,0.024355555,0.044914287,0.038527776,0.028066665,0.055271428,0.047622222,0.07074445,0.07662857,0.07823889,0.031488888,0.108928576,0.08396389,0.106677786,0.12941428,0.12767778,0.40324444,0.14838572,0.24645278,0.5026444,0.16555715,0.29038888,0.49815556,0.17591429,0.2985222,0.0786,0.0857,0.0916,0.0021666666,0.0022714285,0.002111111,0.21868889,0.30425715,0.28700557,0.09131111,0.21147144,0.1720389,0.5431,0.19787142,0.32932222,0.741339,0.11650963,0.35758874
603,7,4365249.536140944,470311.69048409944,0.02685,0.029625,0.025375,0.027325,0.037125,0.029725,0.050025,0.051,0.050635,0.0303,0.063975,0.047085002,0.381975,0.137825,0.257705,0.158725,0.1922,0.174105,0.06635,0.133075,0.096355,0.001125,0.0028,0.00171,0.6043793,0.14296888,0.38414428,0.4614104,0.031777777,0.0337625,0.032538887,0.026544446,0.0308125,0.0275,0.05371111,0.0463875,0.051483333,0.0341,0.064775,0.052875,0.07798889,0.0851,0.089175,0.28406668,0.1067875,0.18764445,0.37413332,0.1211125,0.229675,0.3682222,0.125825,0.23248611,0.06544445,0.07845,0.08056111,0.0040777777,0.0025625,0.0025694445,0.1931111,0.214375,0.21148057,0.088477775,0.150225,0.12670279,0.40928888,0.1449625,0.25970557,0.576048,0.1191187,0.3303166
604,7,4388244.8269100655,478292.3050949588,0.018966667,0.0325,0.02445,0.0228,0.0411,0.029679999,0.06393333,0.058,0.054655,0.031466667,0.076475,0.051390003,0.44766665,0.1661,0.24261999,0.17436667,0.201875,0.177725,0.06893333,0.125125,0.097090006,0.0013,0.001375,0.00148,0.6831073,0.16601649,0.34999293,0.5170908,0.0201625,0.0307375,0.025452778,0.022925,0.032225,0.027444446,0.066925,0.0492,0.054697223,0.0312,0.0705875,0.05448889,0.1031,0.0904125,0.092875,0.31855,0.1112,0.17930834,0.386275,0.1270125,0.21103889,0.3942875,0.1339,0.21841943,0.0635375,0.0739125,0.06764445,0.0022625,0.001925,0.0016777779,0.1798125,0.19615,0.18477778,0.0752,0.122025,0.10158333,0.4192875,0.15415,0.2399139,0.61784565,0.12144559,0.3037567
605,7,4390987.803339143,450520.26488239225,0.026966665,0.0392,0.02896111,0.029666666,0.045166664,0.03361111,0.05293333,0.06283333,0.05811111,0.036766667,0.07263333,0.054044444,0.4049,0.17506666,0.2905111,0.19026667,0.22133332,0.1904,0.08746667,0.15493333,0.11077778,0.0014,0.0013666668,0.0014666667,0.61637443,0.18977758,0.41625074,0.42659685,0.027757144,0.0367875,0.034743242,0.029571429,0.0351375,0.031443242,0.05832857,0.05195,0.05617027,0.045985714,0.0643375,0.05661892,0.08922857,0.0945625,0.09741892,0.27595717,0.13615,0.19994053,0.36324283,0.153075,0.24349189,0.37228572,0.1533,0.2505757,0.05651429,0.0855125,0.080664866,0.0021857144,0.0022875,0.0022324324,0.21042857,0.22775,0.22112703,0.102471426,0.15295,0.13228649,0.39835715,0.17685,0.27395135,0.55019677,0.17007308,0.3497335
606,7,4377714.8376714615,476619.9226193388,0.0191,0.04332,0.036657143,0.02355,0.04958,0.042732146,0.05695,0.062140003,0.06355357,0.03185,0.07796,0.06800714,0.390325,0.1445,0.22487144,0.16935,0.24608001,0.23117143,0.073275,0.16961999,0.14317143,0.00105,0.0012,0.0013464285,0.61099595,0.12492453,0.28251854,0.4860714,0.02015,0.0421125,0.033071797,0.0270375,0.0528875,0.043753844,0.0620875,0.070175,0.06865641,0.0414875,0.09505,0.07893589,0.0903,0.1052125,0.10339231,0.2587875,0.1238875,0.17263846,0.320175,0.1386625,0.2024641,0.3327875,0.1602,0.2203513,0.0482,0.0702375,0.06382821,0.0034625,0.002175,0.0021333334,0.19145,0.2771625,0.24688461,0.0920875,0.1904,0.15226667,0.3545,0.1679375,0.23378974,0.50842756,0.11731806,0.25077257
607,7,4391703.987129792,576580.232511415,0.03452,0.043675,0.037608694,0.03782,0.05495,0.04504348,0.062340003,0.071625,0.06672174,0.05064,0.090475,0.074582614,0.44276002,0.17335,0.27631304,0.24103999,0.24355,0.24191739,0.12806,0.174225,0.15266086,0.00114,0.003,0.0017130434,0.62667173,0.14900324,0.34654173,0.4776685,0.03501875,0.10833077,0.051496826,0.04264375,0.13286923,0.06546826,0.06945,0.14792307,0.08868095,0.06253125,0.16867693,0.102050796,0.09915,0.18166922,0.12725873,0.29975626,0.19999231,0.21826033,0.3932,0.21278462,0.2631127,0.39211875,0.22386155,0.26898888,0.07200625,0.088953845,0.08230476,0.00230625,0.0026692308,0.0021761905,0.2553625,0.22056924,0.25917462,0.14121875,0.15658462,0.16676348,0.4330625,0.23546155,0.29707462,0.5342836,0.08470725,0.27567357
608,7,4388697.79756357,502926.9079606032,0.036057144,0.040466666,0.029989475,0.05007143,0.0483,0.038092107,0.08191429,0.06941667,0.06256316,0.10101429,0.08273333,0.06973684,0.28052858,0.2356,0.2719237,0.27587143,0.24198332,0.21383421,0.15792857,0.15698333,0.121992104,0.002657143,0.0018166666,0.0019421052,0.29467937,0.26647422,0.3511915,0.028205156,0.0278375,0.0285,0.025134284,0.047575,0.043957144,0.038211428,0.07995,0.07008571,0.06625714,0.1019,0.08898571,0.07673143,0.126025,0.11807142,0.10797428,0.203525,0.18761428,0.20720571,0.24375,0.21841428,0.25469142,0.2489375,0.2516857,0.2773743,0.0549875,0.08862857,0.08517143,0.00215,0.0018285715,0.0019485714,0.2849875,0.24608572,0.23190571,0.16215,0.15642858,0.13284001,0.2788375,0.2531,0.2908743,0.24612948,0.2775974,0.34320697
609,7,4386630.443806874,600889.3479898968,0.030679999,0.0349,0.027029999,0.04042,0.04295,0.03491,0.07296,0.0624,0.06164,0.072840005,0.07645,0.064575,0.37452,0.20035,0.29644498,0.24388,0.2373,0.21486498,0.12704,0.1532,0.12155501,0.0029799999,0.00235,0.002275,0.48678917,0.2238353,0.39938334,0.26295388,0.025361538,0.08246364,0.035920754,0.043723077,0.10004545,0.050849058,0.077061534,0.12108182,0.078677356,0.08767692,0.1358909,0.08678491,0.117584616,0.15916364,0.11831698,0.26781538,0.21479093,0.2315,0.33682308,0.23759092,0.2822,0.32775387,0.25872728,0.29315096,0.061846156,0.10004545,0.08584717,0.0029923078,0.0034909092,0.00245283,0.24445386,0.22483635,0.22538868,0.1257,0.14452727,0.12678869,0.37372306,0.26347274,0.3158302,0.3901969,0.19376467,0.34361476
610,7,4321506.142689403,536387.2884265137,0.0405,0.0446,0.040505264,0.046666667,0.0518,0.04724737,0.0731,0.0652,0.06805263,0.07263333,0.08185,0.07884211,0.3285,0.14935,0.22756843,0.2724,0.22225,0.24167895,0.1694,0.1671,0.16463684,0.0009333333,0.00185,0.001531579,0.42564425,0.12539104,0.26243547,0.3002532,0.039057143,0.061763637,0.047966667,0.03732143,0.06610909,0.05069,0.0613,0.07922727,0.072231665,0.057335712,0.09925455,0.086503334,0.091835715,0.11271818,0.110355005,0.23213571,0.1273,0.17825167,0.30077145,0.14038183,0.21264334,0.30617145,0.1441,0.218705,0.04957143,0.072254546,0.07472666,0.0022642857,0.0024363636,0.0020899998,0.24172856,0.20812728,0.25159168,0.13986428,0.15121818,0.16871999,0.33692142,0.16221818,0.24404,0.43087634,0.08110594,0.23171924
611,7,4323856.939805545,464340.3711846684,0.02035,0.029783335,0.025644828,0.02155,0.035183333,0.030082757,0.040075,0.046566665,0.049893104,0.023825,0.05993333,0.049434483,0.39265,0.13081667,0.24381724,0.1497,0.19855,0.18693103,0.059025,0.14568333,0.11542759,0.00105,0.0025,0.0016103449,0.6359797,0.13902436,0.35667607,0.49695534,0.016533332,0.031342857,0.030003225,0.014066667,0.02602857,0.02245484,0.038066667,0.0396,0.043203227,0.021033334,0.05528571,0.043332256,0.05953333,0.07521429,0.078506455,0.28436667,0.09705714,0.17807741,0.38813332,0.1124,0.22078064,0.38821667,0.121,0.22819355,0.06098333,0.07367143,0.07900645,0.0020166666,0.0033857143,0.0022354838,0.16595,0.20437142,0.19697419,0.06418333,0.14207143,0.11512903,0.42191666,0.13602857,0.24797419,0.6380486,0.13104218,0.34691218
612,7,4297288.5188869005,470086.4299824385,0.0184125,0.0318,0.024875,0.022425,0.036142856,0.0292575,0.04755,0.0457,0.0491825,0.0297875,0.0548,0.0450075,0.4081375,0.12082858,0.244055,0.1645,0.15774286,0.1643775,0.068525,0.113228574,0.0948925,0.0023875,0.0023142856,0.0020575002,0.6392656,0.13180952,0.36804137,0.50745606,0.02055,0.033,0.029803332,0.0198,0.0295875,0.026893333,0.042075,0.040775,0.043923333,0.025725,0.0542625,0.0476,0.063775,0.07375,0.07748333,0.27165,0.09305,0.15100333,0.364675,0.1040625,0.18231666,0.350975,0.107375,0.18236667,0.0701,0.0710375,0.07948333,0.0011,0.00245,0.0023833334,0.1636,0.1814,0.18253334,0.065525,0.1241125,0.110186666,0.3997,0.123575,0.20797335,0.5755761,0.10728888,0.25984496
613,7,4373840.33579136,428703.2801605731,0.033066664,0.037425,0.03056842,0.033566665,0.041425,0.03513158,0.05183333,0.051425,0.05298421,0.037966665,0.064825,0.05537368,0.3357,0.1452,0.22582105,0.18616666,0.21795,0.20349474,0.0946,0.1516,0.12716316,0.0015666666,0.001425,0.0019421052,0.5216729,0.15447462,0.313618,0.3671983,0.03495,0.0317,0.030733334,0.025633335,0.0263,0.024843333,0.050666664,0.037566666,0.043346666,0.037566666,0.05296667,0.04724,0.08281667,0.07475,0.08243333,0.23528333,0.09593333,0.15260333,0.29898334,0.11048334,0.18457,0.30416667,0.11186666,0.18632667,0.0509,0.068566665,0.07185666,0.0024166666,0.002,0.0020233335,0.21378332,0.20706667,0.21277,0.1095,0.14221667,0.12888333,0.33111668,0.13531667,0.21406333,0.4780085,0.1188471,0.26753554
614,7,4314301.153008819,534883.910809007,0.030125,0.044666667,0.037019048,0.033125,0.0503,0.041461904,0.07425,0.062866665,0.0649619,0.039525,0.076066665,0.0623,0.481025,0.1578,0.25742382,0.21205,0.24063332,0.22816192,0.08975,0.16483334,0.13526191,0.001075,0.0068666665,0.0021095239,0.70040005,0.15244663,0.34671572,0.5479534,0.030114286,0.03974,0.03769375,0.03035,0.042579997,0.03804844,0.07060714,0.05375,0.061548438,0.038192857,0.06655,0.05870469,0.110564284,0.08028,0.0973875,0.32040715,0.1029,0.18619531,0.3831,0.116380006,0.21698906,0.38906428,0.12459,0.22469844,0.06167143,0.05057,0.06368906,0.002542857,0.00163,0.001928125,0.20667143,0.22151999,0.22729531,0.09395714,0.15035,0.13644688,0.41384286,0.14091,0.2458625,0.59239715,0.11297895,0.3038866
615,7,4353097.557254333,426666.54271902284,0.02995,0.047533333,0.037433334,0.0314,0.05843333,0.04675,0.0518,0.08056667,0.07490555,0.031475,0.1056,0.085161105,0.4962,0.19376667,0.30999443,0.197125,0.28073332,0.25274444,0.0824,0.20563333,0.1575,0.00145,0.0016,0.00185,0.7391887,0.15230489,0.3711637,0.5868838,0.0273875,0.039825,0.03512353,0.0273875,0.05495,0.04902059,0.052275,0.0792,0.07722647,0.0373875,0.1132,0.09807647,0.0782875,0.1321,0.12504706,0.3061625,0.1548875,0.21186765,0.407675,0.1713125,0.25555882,0.409625,0.1882625,0.26605588,0.0569125,0.0909375,0.0829,0.0019625,0.002475,0.0019088236,0.2132125,0.2894,0.27761766,0.096725,0.206675,0.17695294,0.44605,0.201875,0.2923059,0.6206627,0.12853675,0.2796973
616,7,4368652.887341221,479355.997388412,0.0409,0.035625,0.029986111,0.04342857,0.04215,0.03635,0.06961429,0.05965,0.06195,0.053757142,0.070575,0.061047222,0.46487144,0.161325,0.29744443,0.26557145,0.193675,0.20409167,0.14318572,0.133325,0.11689722,0.0011714286,0.00175,0.0013444445,0.64482915,0.17049232,0.40928692,0.47433683,0.027466666,0.0299125,0.025027025,0.04145,0.0388375,0.038045947,0.06866667,0.0569375,0.06445135,0.06908333,0.07335,0.07331081,0.09801667,0.09455,0.10506487,0.27338332,0.1274375,0.20039189,0.36613333,0.140825,0.24401893,0.36795,0.1482875,0.25357568,0.045916665,0.068075,0.07073244,0.0024666665,0.00225,0.0021783784,0.26996666,0.210025,0.21302974,0.16571666,0.144175,0.13044594,0.40093333,0.161275,0.27226216,0.4871502,0.14146332,0.31525385
617,7,4313727.7816859605,535168.4303098583,0.024566667,0.042,0.032966666,0.028,0.0462,0.038116667,0.0629,0.0571,0.062372223,0.0383,0.0734,0.061466668,0.3268667,0.1397,0.22682779,0.18633334,0.2536,0.22353333,0.0833,0.1504,0.12472222,0.0009,0.0011,0.0012055555,0.50847435,0.12596324,0.30079925,0.3825111,0.025684616,0.034818184,0.031419355,0.028776923,0.041736364,0.03755484,0.06339231,0.05634545,0.062387098,0.03780769,0.073954545,0.06119516,0.09493077,0.08828182,0.09683226,0.2500923,0.10901818,0.17489193,0.29717693,0.12604547,0.20429517,0.30082306,0.14046364,0.21397097,0.05459231,0.0615,0.06893548,0.0024384614,0.0019,0.0019064517,0.19363077,0.24338181,0.22648548,0.08685385,0.14807273,0.124027416,0.32654613,0.15660909,0.23609678,0.47251838,0.12615968,0.28066468
618,7,4385307.92759688,433618.8379483913,0.041925,0.042325,0.039842855,0.045425,0.0523,0.04828095,0.0645,0.070575,0.070771426,0.06335,0.0897,0.08146667,0.2758,0.180475,0.23130476,0.250025,0.261625,0.2516524,0.171625,0.1893,0.1745762,0.001175,0.001625,0.0018047619,0.37197796,0.1625912,0.26253766,0.20938675,0.032285716,0.029275,0.030502778,0.039642856,0.0414375,0.041675,0.060357142,0.06135,0.06408055,0.06578571,0.084925,0.07919167,0.08827143,0.103525,0.10317222,0.19175714,0.1316,0.1620111,0.244,0.147975,0.19171944,0.22551428,0.161625,0.19707778,0.04912857,0.0723375,0.06763889,0.0030142856,0.003125,0.0023194444,0.24278572,0.25565,0.25609168,0.16632858,0.1812,0.17490834,0.27442858,0.173,0.22065833,0.28865215,0.1404304,0.21246287
619,7,4387546.890040241,470184.1112858286,0.0168,0.033366665,0.025717648,0.021766666,0.039866667,0.030229412,0.0493,0.0523,0.0539,0.028666666,0.06463333,0.046829414,0.4133,0.1389,0.26831764,0.1624,0.21286668,0.1899,0.0652,0.15176666,0.10891765,0.0026333334,0.0013666668,0.0017529412,0.64879787,0.14348052,0.40104094,0.50531733,0.022733333,0.029325,0.030057143,0.022016667,0.027675,0.0281,0.050366666,0.0421875,0.049577143,0.028983334,0.05865,0.048725713,0.0748,0.0798625,0.0842,0.2751333,0.1022875,0.17006572,0.36366668,0.1161375,0.2047343,0.3586,0.116125,0.20748572,0.06405,0.069475,0.06774857,0.004366667,0.0020125,0.0022914286,0.17048334,0.214275,0.20250857,0.07305,0.1509875,0.12305429,0.39586666,0.139575,0.23278858,0.5769954,0.11432033,0.29967672
620,7,4346808.912105403,596565.7349308028,0.03762,0.032,0.031278946,0.041479997,0.0349,0.0366,0.06792,0.0473,0.059836842,0.06056,0.0528,0.060594738,0.3562,0.1437,0.26332104,0.21226001,0.1653,0.19406842,0.122980006,0.1162,0.11643158,0.00098,0.0023,0.0013052631,0.4922267,0.17887785,0.35976318,0.31334883,0.0375125,0.2478,0.06122593,0.0320375,0.16016667,0.048314817,0.056175,0.16733333,0.069829635,0.0447625,0.17283334,0.07117778,0.0864375,0.2157,0.112696305,0.264075,0.2397,0.21526296,0.35285,0.2523,0.2631889,0.34035,0.22646667,0.2555889,0.0708,0.1612,0.09004445,0.00155,0.0023666667,0.0020925927,0.2083125,0.17176667,0.21175557,0.10495,0.120233335,0.122833334,0.3882125,0.26586667,0.29654074,0.5104151,0.08169503,0.3232072
621,7,4277067.337532714,693212.7699226785,0.0322,0.04506,0.038275,0.0413,0.053859998,0.04816,0.070675,0.0708,0.0726,0.066025,0.083459996,0.079145,0.12625,0.111980006,0.128005,0.089425,0.1053,0.118155,0.051725,0.07552,0.077205,0.000875,0.00146,0.001635,0.117195725,0.054332774,0.0926816,0.06286295,0.041466665,0.0182,0.039626922,0.052855555,0.0214,0.049280766,0.08155555,0.0335,0.075303845,0.07298889,0.0478,0.083057694,0.098355554,0.0493,0.10233846,0.12805556,0.0571,0.12426538,0.14851111,0.0673,0.14038461,0.13912222,0.0721,0.13821922,0.020566666,0.0022,0.036284614,0.0009888889,0.001,0.0014461539,0.093088895,0.0824,0.1485577,0.058755554,0.053,0.103119224,0.14457779,0.0813,0.14741923,0.12579615,0.0511872,0.103101216
622,7,4270062.307890721,586117.1801571911,0.0351,0.050125,0.038623076,0.035933334,0.057925,0.04296923,0.05855,0.073225,0.06253077,0.042916667,0.091125,0.06419231,0.35355,0.171575,0.23805386,0.19006667,0.263125,0.21616155,0.09691667,0.1845,0.13310769,0.0018666666,0.001825,0.001826923,0.5331662,0.14466561,0.31222546,0.38850063,0.040357143,0.0336,0.037157144,0.03852857,0.0513,0.04357143,0.0628,0.069,0.06703214,0.045957144,0.0923,0.068589285,0.08651429,0.1054,0.10144643,0.27314284,0.1247,0.20132858,0.34885716,0.1454,0.24413572,0.35914284,0.151,0.25547144,0.05777143,0.0279,0.07039286,0.0011714286,0.0014,0.002325,0.21994285,0.2507,0.23277856,0.11087143,0.1684,0.13493215,0.38537145,0.1683,0.27441427,0.5328317,0.10692011,0.32899803
623,7,4329601.907197209,588626.4392369958,0.02484,0.045,0.03756111,0.0289,0.0553,0.04521111,0.05258,0.0771,0.070994444,0.039160002,0.1026,0.07911111,0.44184,0.197,0.3068389,0.1874,0.2377,0.2416,0.08748,0.1715,0.15494445,0.00138,0.0032,0.0015222222,0.65547866,0.16352096,0.38038176,0.4919577,0.018872224,0.0362125,0.036908064,0.024488889,0.0477125,0.04232258,0.054444447,0.06945,0.07098871,0.036005553,0.098375,0.07761613,0.07789445,0.1196125,0.115446776,0.28502777,0.141475,0.22422259,0.39988333,0.1599375,0.28251776,0.41115555,0.171625,0.3007742,0.06363889,0.075675,0.078091934,0.0019777778,0.0026,0.0021322581,0.1873,0.2511,0.25560483,0.081661105,0.1754375,0.15983064,0.43881664,0.1882875,0.31836614,0.626265,0.13008578,0.37516835
624,7,4292927.447201564,677685.5892856063,0.041175,0.03286,0.03615909,0.057475,0.04772,0.050763637,0.114075,0.08458,0.0932,0.10545,0.07412,0.08445909,0.1843,0.072179995,0.11801817,0.13985,0.077920005,0.10324091,0.081575,0.05212,0.06453182,0.0011,0.00122,0.0013454545,0.13714188,-0.003879798,0.063524224,0.14102168,0.040525,0.22255,0.05377143,0.057475,0.1816,0.06760357,0.1054125,0.21745,0.11052857,0.09155,0.19615,0.10012857,0.10015,0.2037,0.10488214,0.1474875,0.19025,0.12398214,0.17725,0.19085,0.14161786,0.1670625,0.1691,0.13638572,0.0264125,0.096,0.043407146,0.001225,0.00225,0.0016071429,0.13715,0.06925,0.12775715,0.0800125,0.0512,0.07890714,0.1816375,0.1902,0.14775,0.13612896,-0.041238282,0.06584097
625,7,4313741.72440121,534714.5017131722,0.025666665,0.0395,0.0343,0.028533334,0.045,0.04032353,0.067266665,0.0578,0.065252945,0.036566667,0.0751,0.06677647,0.4023,0.1386,0.2455,0.19126666,0.2383,0.23442942,0.08106667,0.1385,0.12954706,0.0009333333,0.0006,0.0012411765,0.61362183,0.12037095,0.31784067,0.49325088,0.032675,0.037645455,0.036840986,0.0304,0.041854545,0.0380459,0.06570833,0.0558,0.062088527,0.037266664,0.07490909,0.06222459,0.09975,0.0891,0.0985541,0.27578333,0.10685454,0.17929344,0.32858333,0.12263636,0.20927048,0.32565832,0.13593636,0.21818362,0.05435833,0.05818182,0.067413114,0.0019666667,0.0018363636,0.0018622952,0.19488333,0.24936365,0.2333541,0.084808335,0.15068182,0.12746885,0.35864168,0.15390909,0.24253115,0.5094905,0.11595811,0.28511232
626,7,4376391.787121846,578637.1822831719,0.02516,0.03355,0.029042104,0.03006,0.0414,0.035463158,0.06168,0.0584,0.05896316,0.045020003,0.0836,0.06362632,0.35388002,0.1767,0.25136843,0.21458,0.25845,0.23622105,0.09488,0.16135,0.12948948,0.00106,0.0023,0.0016526316,0.52817243,0.16898513,0.3342816,0.3591873,0.0239,0.0985,0.042567242,0.029253846,0.12556922,0.05527931,0.06080769,0.14148462,0.07877586,0.043123078,0.16923077,0.08890517,0.09659231,0.18633078,0.12325862,0.2587923,0.20812307,0.20334138,0.31507692,0.22563845,0.23665345,0.314,0.2372,0.24458103,0.06318461,0.08987692,0.07815172,0.0012307692,0.0021076924,0.0018793105,0.21676154,0.25216156,0.2519293,0.09676153,0.16148461,0.14119656,0.35422307,0.2536923,0.27371722,0.47773865,0.10340017,0.26694244
627,7,4346477.224165571,518772.52534091944,0.01808,0.041020002,0.029756756,0.020539999,0.04732,0.03574054,0.04194,0.06318,0.05801892,0.02466,0.0766,0.05822162,0.438,0.1781,0.26713786,0.15086,0.23553999,0.2038,0.059159998,0.167,0.121767566,0.00098,0.003,0.0018702704,0.6901957,0.18631512,0.37124303,0.50388056,0.021116666,0.14126666,0.05502586,0.01715,0.106916666,0.043293104,0.039491665,0.11905834,0.06393965,0.022275,0.127925,0.062112067,0.06109167,0.15385833,0.100191385,0.26168332,0.193525,0.20558965,0.3623,0.20984167,0.2512,0.361325,0.20334166,0.25141552,0.063775,0.123058334,0.09355,0.0013583333,0.00235,0.0020068965,0.15603334,0.18228334,0.19879656,0.063275,0.12681666,0.118205175,0.39665,0.230175,0.28020862,0.5991193,0.12483214,0.33792493
628,7,4344558.752357036,458103.19792253897,0.025975,0.0552,0.03960476,0.030425,0.064,0.047438096,0.056275,0.0819,0.0747,0.04115,0.112425,0.080142856,0.276325,0.20835,0.28559047,0.137925,0.317775,0.25350952,0.067675,0.225025,0.15659048,0.0019,0.003925,0.0027190475,0.42756447,0.16223608,0.34752518,0.2653284,0.030014286,0.053077776,0.046958823,0.026542855,0.050266664,0.04237353,0.05997143,0.06982222,0.07034411,0.042385716,0.10253334,0.08100294,0.095785715,0.1248,0.123614706,0.24572857,0.1438111,0.20284706,0.30202857,0.16194445,0.23717941,0.31575716,0.1715889,0.24893235,0.042942856,0.090166666,0.08691177,0.0036857144,0.0034777778,0.0027205884,0.1851,0.3018778,0.2739,0.09335714,0.21271111,0.17401765,0.32721427,0.19575556,0.27213234,0.4821424,0.121776596,0.2908696
629,7,4338755.499719828,510891.7024266697,0.112733334,0.123840004,0.11568049,0.1402111,0.15104,0.14227317,0.20796667,0.2153,0.20644878,0.2560222,0.26756,0.25518778,0.3595667,0.33062,0.33253902,0.4379222,0.43836,0.42260978,0.4054,0.4303,0.4027,0.0012111111,0.0034599998,0.0018463415,0.13113402,0.07991324,0.09942372,0.051220775,0.101323076,0.19789091,0.12787369,0.12564616,0.22290908,0.15381753,0.18698461,0.2769,0.21475089,0.23314615,0.3239,0.26419824,0.24786924,0.34017274,0.2808772,0.29584613,0.35274547,0.3069158,0.32683846,0.36167273,0.32539648,0.31641537,0.36327273,0.32267544,0.04546154,0.16017273,0.10065614,0.002776923,0.0027,0.0024350877,0.4119154,0.36377272,0.4110772,0.37771538,0.3511091,0.38788772,0.3428,0.3744,0.34148422,0.11096846,0.045982562,0.0747121
630,7,4310617.248301755,475302.7198300147,0.040242855,0.055633333,0.049789473,0.045057144,0.0676,0.06087368,0.07355714,0.09025,0.08912105,0.06495714,0.11601666,0.10897894,0.43401432,0.20696667,0.28014213,0.28512856,0.3117,0.3139921,0.16142857,0.22678332,0.21339737,0.0021285715,0.0026666666,0.0020842105,0.5803109,0.15307257,0.27755746,0.42723832,0.025016667,0.03395,0.032241933,0.038083334,0.06318333,0.057138707,0.06776667,0.08663333,0.08587419,0.062916666,0.117683336,0.10879354,0.09873333,0.13423334,0.13267097,0.27866668,0.15806666,0.21033873,0.3631,0.17436667,0.25080645,0.36513332,0.18778333,0.26300967,0.05806667,0.073983334,0.07807097,0.0032166669,0.0022666666,0.0022903224,0.24313332,0.30623332,0.30015805,0.13391666,0.22106667,0.19999354,0.3962,0.20063333,0.28363225,0.49833456,0.119199574,0.25296026
631,7,4265365.772682749,672898.7235035024,0.1236,0.0673,0.09029167,0.15305,0.089325,0.11506666,0.22075,0.1442,0.17415833,0.2607,0.186075,0.21640833,0.38985,0.2793,0.31746668,0.401,0.315275,0.3493167,0.31245,0.2426,0.2774833,0.0011,0.001375,0.001225,0.16019359,0.1350398,0.13754326,0.025153786,0.10368334,0.18176666,0.094247825,0.13865,0.20096666,0.12575652,0.2003,0.24836667,0.17982174,0.24318333,0.2868,0.22152174,0.26165,0.32553333,0.24489132,0.32001668,0.3805667,0.28573912,0.3519,0.4087667,0.30753914,0.33971667,0.37723333,0.29742172,0.048183333,0.11926666,0.07191739,0.0013,0.0018,0.001673913,0.3631333,0.26446667,0.32580435,0.27386668,0.20673333,0.2564261,0.36935,0.42736664,0.32476956,0.1254751,0.10945412,0.103741005
632,7,4361784.0079607405,486130.59400908794,0.03585,0.042483333,0.036054052,0.049216665,0.05203333,0.046381082,0.07715,0.074766666,0.07195135,0.09148333,0.08833333,0.08133784,0.112616666,0.11925,0.1368973,0.07123333,0.15555,0.1161973,0.050216667,0.1171,0.07895946,0.0032666668,0.00225,0.0019621623,0.039659403,0.05805947,0.104269795,-0.018400066,0.031666666,0.0253875,0.029083783,0.043577775,0.039875,0.043008108,0.06972222,0.06,0.06798108,0.07592222,0.079125,0.077554055,0.09313333,0.092075,0.09704054,0.1266889,0.10225,0.1291973,0.14885555,0.1142625,0.14823513,0.13006666,0.1235,0.14607567,0.027255554,0.060675,0.054313514,0.0033555557,0.0021125,0.0020702702,0.104555555,0.176225,0.14117567,0.06452222,0.1225125,0.09242702,0.14773333,0.1342375,0.16221622,0.10314956,0.08446588,0.1285868
633,7,4396545.986565577,444886.085046799,0.037575,0.0318,0.031005265,0.039975,0.036833335,0.035726316,0.061,0.046466667,0.05445263,0.0479,0.06006667,0.05494211,0.33095,0.1263,0.22317368,0.207675,0.1869,0.19136842,0.116075,0.12936667,0.11892106,0.0015,0.0014333333,0.0016526316,0.4893977,0.13033338,0.31038243,0.35906434,0.034844447,0.0330125,0.032877777,0.03522222,0.0304375,0.032738887,0.056944445,0.0414875,0.050355554,0.053633332,0.0596625,0.05985833,0.08496667,0.0759875,0.08471945,0.2117889,0.089725,0.14670555,0.2715,0.102425,0.17817222,0.26084444,0.1030875,0.17366388,0.051588893,0.064275,0.06564722,0.0022666666,0.0025375,0.0019194444,0.22552222,0.1971,0.21084721,0.13801111,0.1383875,0.13776389,0.3022111,0.1229625,0.204525,0.37279865,0.08710942,0.21597868
634,7,4305893.631875297,546428.1830394131,0.0326,0.048233334,0.037554543,0.035333335,0.055833332,0.042631816,0.0582,0.073,0.06479091,0.044933334,0.0938,0.06623182,0.3552333,0.22096668,0.27945,0.19586666,0.2936,0.23528636,0.10143333,0.19863334,0.14103636,0.0009666667,0.005633333,0.002390909,0.5302195,0.21984625,0.37058058,0.31037325,0.03443125,0.038033333,0.035888527,0.03456875,0.042433333,0.037791803,0.0598375,0.06137778,0.061696723,0.0448125,0.08923333,0.06381639,0.086175,0.12028889,0.10353115,0.2614,0.1598,0.20896395,0.33563125,0.18593334,0.25414917,0.3242375,0.19363333,0.2587836,0.0571625,0.090955555,0.080195084,0.002025,0.0019777778,0.0019295082,0.2115625,0.28946668,0.2422082,0.10416875,0.18984444,0.14161803,0.36950624,0.22557779,0.28948033,0.48789537,0.18539654,0.34521085
635,7,4295763.795471524,551162.3187622214,0.025260001,0.050366666,0.03615263,0.0274,0.0551,0.040578946,0.05196,0.06503333,0.058736842,0.032139998,0.08093333,0.06025263,0.34796,0.15093334,0.23367895,0.17004,0.2785667,0.23547895,0.075040005,0.19683334,0.14314736,0.00098,0.0026333334,0.0014947369,0.55403286,0.13009477,0.314569,0.4239381,0.026061112,0.05142727,0.038340624,0.024866667,0.04898182,0.0372875,0.05095,0.058645453,0.055923436,0.02958889,0.075381815,0.05585625,0.0743,0.08784545,0.08627344,0.24733889,0.10131818,0.1702375,0.31103334,0.1146,0.20417969,0.31431112,0.124318175,0.21108282,0.048527777,0.05601818,0.0632375,0.0013611111,0.002872727,0.0020328125,0.17012222,0.25925454,0.2268875,0.07263333,0.17916363,0.13264844,0.3465111,0.1404,0.23661563,0.5138187,0.09373097,0.28849566
636,7,4399704.993392138,568597.7039310555,0.0399,0.0534,0.041357893,0.044925,0.0671,0.050752632,0.071325,0.09035,0.07608947,0.05915,0.1165,0.08778421,0.4409,0.20745,0.2821895,0.249225,0.31215,0.2696158,0.143,0.23315,0.18201052,0.001275,0.00325,0.0018368422,0.60294336,0.15290341,0.32555598,0.45003995,0.037273332,0.1563875,0.056309614,0.039493334,0.1509375,0.061526924,0.06707333,0.1643125,0.086851925,0.05336667,0.1871375,0.096286535,0.098286666,0.2010875,0.12857115,0.29840666,0.2195625,0.22773655,0.38472,0.2351,0.27336538,0.38481998,0.240475,0.27964807,0.064106666,0.1047125,0.08141923,0.00256,0.00265,0.0023634615,0.23695335,0.2462,0.26605576,0.12802668,0.1875875,0.17699616,0.42134,0.257575,0.30668268,0.5477119,0.078920074,0.30343086
637,7,4341283.322966646,578790.815490429,0.030533334,0.03565,0.030025,0.033166666,0.03895,0.033675,0.0546,0.04565,0.052245002,0.0405,0.05505,0.049155,0.37965,0.1307,0.26196998,0.19036666,0.1774,0.187385,0.09238333,0.12575,0.109485,0.0012666667,0.0022,0.00156,0.57411045,0.14976403,0.38555065,0.42434642,0.029964706,0.12591538,0.051933844,0.024858825,0.085376926,0.03922308,0.048435293,0.09393846,0.05840615,0.033435293,0.101246156,0.056898464,0.075858824,0.12222307,0.091993846,0.2575294,0.1507,0.19026308,0.33315292,0.16228461,0.2293,0.3335353,0.15717693,0.22982307,0.057817645,0.09243847,0.07845385,0.0015058824,0.0022307693,0.0020384614,0.19174117,0.17036153,0.1972246,0.09000588,0.11877693,0.11596154,0.36737648,0.18152307,0.25804767,0.5306696,0.09986441,0.31639203
638,7,4349126.54477579,559352.9685868977,0.031,0.03565,0.031,0.0341,0.04065,0.035694737,0.0628,0.05455,0.05711579,0.042466667,0.07055,0.055742107,0.42116666,0.17205,0.27978948,0.2131,0.219,0.2157,0.09813333,0.14595,0.12150526,0.0012666667,0.0035,0.0017368422,0.62159956,0.18917227,0.39624372,0.4324273,0.0288,0.14226153,0.054998334,0.025814286,0.11501538,0.048661668,0.05315714,0.1262923,0.070590004,0.031914286,0.14541538,0.068634994,0.08439286,0.17622307,0.112393335,0.28027856,0.20530769,0.22495666,0.35706428,0.22652307,0.27128834,0.35926428,0.22673845,0.27666333,0.063357145,0.112538464,0.090845,0.00145,0.002123077,0.0019316667,0.2015,0.22343846,0.22344168,0.08807857,0.15165384,0.124966666,0.39634284,0.25939232,0.30879834,0.5699551,0.12902401,0.3608127
639,7,4316120.745131983,458940.84508541384,0.032066666,0.039720003,0.029539999,0.033266667,0.04586,0.034560002,0.053966668,0.06226,0.056715004,0.039166667,0.0791,0.0559,0.40503332,0.18602,0.28943998,0.19683334,0.25263998,0.209775,0.09526667,0.17214,0.11879,0.0011,0.0029,0.00159,0.610171,0.1942785,0.4101222,0.41589254,0.038933333,0.03317143,0.029832257,0.029,0.034814287,0.027361292,0.05613333,0.05067143,0.051535487,0.035466667,0.06985714,0.049370967,0.08078333,0.09144286,0.08738065,0.29511666,0.11947142,0.20070322,0.39851668,0.13778572,0.25127098,0.41893336,0.14908572,0.26995805,0.052616667,0.07171429,0.07514194,0.0016166666,0.0023285714,0.0022064515,0.2119,0.23285715,0.20941292,0.10378334,0.15702857,0.11998064,0.43871665,0.16734286,0.2854129,0.63738877,0.15042529,0.3971827
640,7,4396665.162422351,421389.6728819015,0.036275,0.038633335,0.036410525,0.04,0.046033334,0.04211579,0.06245,0.06066667,0.06328421,0.0593,0.077533334,0.070142105,0.31785,0.1389,0.23333156,0.231225,0.21956667,0.22415264,0.135475,0.16393334,0.14489473,0.001275,0.0014666667,0.0017210526,0.442671,0.11578791,0.291062,0.32688308,0.0299,0.0331875,0.030962856,0.033825,0.035825,0.03524,0.0579375,0.0506875,0.056025714,0.0568125,0.0715375,0.06813714,0.090275,0.0892875,0.095322855,0.226075,0.104775,0.15634857,0.2880375,0.1175875,0.18587714,0.2784875,0.1188,0.18313429,0.0573125,0.072125,0.07095714,0.00275,0.003425,0.0023,0.2297125,0.2300625,0.23693714,0.135025,0.166575,0.15712573,0.3185875,0.138725,0.21279429,0.39169696,0.0915592,0.21348532
641,7,4319352.157143175,491608.59222747677,0.028211111,0.0424625,0.0318,0.030411111,0.0481125,0.037781395,0.0524,0.0605125,0.058411628,0.0353,0.0740875,0.06132558,0.41822222,0.1346,0.24742559,0.19501111,0.187975,0.20168605,0.090055555,0.1390875,0.12658605,0.0017555555,0.00275,0.0022651162,0.6369543,0.1152698,0.33360654,0.5216845,0.02486,0.044085715,0.0426,0.027020002,0.0558,0.045453332,0.05242,0.0693,0.067553334,0.0424,0.09095714,0.081886664,0.0796,0.10397142,0.10915667,0.27358,0.11684286,0.17904666,0.36478,0.13017142,0.21518001,0.35663998,0.13507143,0.21585,0.07076,0.07687143,0.08229667,0.00312,0.0021285715,0.0027066667,0.20474,0.21037143,0.24247333,0.09806,0.15575714,0.16292667,0.40088,0.15384285,0.24541333,0.5386725,0.08148979,0.23712371
642,7,4317709.67368005,456599.1043078061,0.02228,0.04036,0.028677274,0.02762,0.04798,0.034645457,0.057520002,0.06636,0.061186366,0.043420002,0.08342,0.05847273,0.38143998,0.178,0.29345,0.18468,0.2349,0.20791365,0.09012,0.1607,0.11825,0.0021,0.003,0.001809091,0.56880903,0.17156336,0.40971512,0.39724568,0.016,0.0299875,0.022487879,0.023183333,0.0429625,0.032557573,0.062033333,0.067125,0.06273636,0.039416667,0.0895875,0.06373333,0.09341667,0.1093625,0.100754544,0.3125,0.14305,0.20855756,0.40486667,0.1626,0.25103334,0.41443336,0.184325,0.2706303,0.05425,0.0753125,0.076036364,0.0012666667,0.0022375,0.0021212122,0.20118333,0.254225,0.226,0.09403333,0.1724375,0.13236666,0.43771666,0.1907625,0.28371212,0.6212863,0.16925448,0.3633366
643,7,4318705.660848962,450421.3844719892,0.0161,0.03605,0.028289475,0.022566667,0.047575,0.03734737,0.0499,0.071025,0.06514211,0.0353,0.087275,0.067157894,0.34723333,0.203825,0.2637158,0.15343334,0.23375,0.20544212,0.06556667,0.156475,0.12295264,0.0009333333,0.0033,0.0016631578,0.5445941,0.20616859,0.3448639,0.33842552,0.018733332,0.0320625,0.028233334,0.023533333,0.03475,0.030754544,0.05283333,0.0540875,0.05541515,0.039333336,0.0711875,0.058118183,0.08178333,0.101225,0.09702424,0.24575,0.1375625,0.18537879,0.3244,0.1547875,0.22303635,0.31991667,0.1539875,0.22274546,0.049216665,0.0783375,0.07548788,0.0015666666,0.0021125,0.0022727272,0.16151667,0.2241625,0.20370303,0.07091667,0.14895,0.11947576,0.35181668,0.1780625,0.24985453,0.4959698,0.15624557,0.3021285
644,7,4284594.269859821,645178.9856995852,0.014885714,0.027214285,0.021247223,0.0202,0.03272857,0.026175,0.05267143,0.042785715,0.047972225,0.031357143,0.05328571,0.043394446,0.33444285,0.133,0.22830556,0.14017142,0.1547,0.15267779,0.05807143,0.09884286,0.08081389,0.0010857142,0.0014285714,0.0015027778,0.5375004,0.15805218,0.3469376,0.3794482,0.016716667,0.2253,0.041630767,0.01955,0.15845,0.036984615,0.05301667,0.1748,0.060134612,0.030166665,0.18875,0.057903845,0.08105,0.2228,0.0946,0.2419,0.27045,0.18038078,0.29503334,0.27925,0.21116538,0.28831667,0.2798,0.2117923,0.05218333,0.16595,0.06954231,0.0008833333,0.0024,0.0014538461,0.1519,0.1089,0.16759232,0.06358333,0.0761,0.08935,0.32656667,0.3074,0.24168076,0.47429052,0.13136253,0.28481796
645,7,4338743.265407154,405965.3282839541,0.026066666,0.036433335,0.030047057,0.028233334,0.042733334,0.034576472,0.05753333,0.05426667,0.05685294,0.031666666,0.06513333,0.052635297,0.38483334,0.1623,0.24880588,0.18223333,0.20776668,0.19615294,0.0794,0.14116666,0.11291177,0.0013,0.0032666668,0.0020705883,0.60439247,0.18422039,0.3566399,0.4201721,0.023175,0.029466666,0.027781483,0.02405,0.029144445,0.02814074,0.055525,0.043866664,0.049444444,0.0335,0.05896667,0.05289259,0.087875,0.07835555,0.08717407,0.247375,0.11202221,0.1585,0.30405,0.12803334,0.1863889,0.294375,0.13972221,0.1926,0.051025,0.06994445,0.071474075,0.001725,0.0017333335,0.0018148148,0.177625,0.20136666,0.19926296,0.08025,0.13515556,0.11916296,0.334475,0.15535556,0.21577778,0.4743958,0.15757275,0.26468915
646,7,4301535.696016809,458742.3238956432,0.02515,0.039033335,0.030063333,0.02665,0.046266664,0.036056668,0.052875,0.06201667,0.06074,0.0321,0.077933334,0.061470002,0.3971,0.16831666,0.26236,0.170575,0.22181667,0.20909333,0.0716,0.15131666,0.12386999,0.0013,0.00295,0.0017066668,0.619005,0.16671503,0.35621625,0.45229,0.022216666,0.033,0.028127585,0.019916667,0.028842855,0.024803448,0.0504,0.0417,0.047655173,0.028266666,0.054657143,0.0454,0.08003333,0.079157144,0.08548965,0.28721666,0.10552858,0.18246897,0.36661667,0.11905714,0.21903104,0.36626667,0.11522858,0.22134483,0.05876667,0.07998571,0.08048966,0.0022,0.0022,0.0020758621,0.18758334,0.19984286,0.20164138,0.0812,0.1303,0.11381034,0.4027,0.14024286,0.2482138,0.589217,0.121492215,0.33064756
647,7,4360225.448262502,579485.4624650284,0.023625,0.03085,0.0266625,0.025775,0.03575,0.03035625,0.048375,0.0452,0.04720625,0.032875,0.05885,0.04743125,0.384725,0.1417,0.245075,0.17035,0.1942,0.18573125,0.07545,0.1292,0.10595,0.00145,0.00595,0.00203125,0.6009907,0.16144556,0.36360717,0.43954515,0.029835714,0.123108335,0.053620692,0.023135714,0.063025,0.03177414,0.04567143,0.07308333,0.050915517,0.02762143,0.08756667,0.049179308,0.07062857,0.10995,0.08613966,0.26745,0.13001667,0.19359656,0.35530716,0.14638333,0.24154139,0.35791427,0.14613333,0.2480362,0.07555714,0.09730833,0.08775,0.0023,0.00295,0.0021810345,0.17756428,0.18720834,0.1947862,0.07455714,0.12798333,0.108881034,0.3926857,0.17105834,0.27429312,0.5797843,0.10795354,0.3639224
648,7,4269902.973186935,612925.5238889332,0.022885716,0.034875,0.02667027,0.02567143,0.0412,0.031664867,0.0531,0.058575,0.055116218,0.037757143,0.0752875,0.055675678,0.36241427,0.1748875,0.25804323,0.17384286,0.2302625,0.19966216,0.07787143,0.1535375,0.11291892,0.0009142858,0.001475,0.0016972973,0.55858594,0.18368554,0.363535,0.3749004,0.022928571,0.0319,0.026104165,0.0199,0.02415,0.022041667,0.044385716,0.0395,0.043391667,0.031085715,0.05525,0.0410375,0.077285714,0.07975,0.08237083,0.24041428,0.10455,0.18405417,0.3055857,0.1218,0.22346668,0.29101428,0.1145,0.21400833,0.06332857,0.0269,0.06823333,0.0011428571,0.00135,0.0013208333,0.1747,0.2242,0.19224167,0.07684286,0.14055,0.1008375,0.33891428,0.15265,0.25498334,0.47584355,0.11877557,0.32946867
649,7,4369123.727325177,431215.3746547697,0.022066668,0.0421,0.039070588,0.0238,0.0498,0.046158824,0.0447,0.065725,0.068311766,0.0259,0.083425,0.07618236,0.4004,0.156225,0.24834707,0.15456666,0.24895,0.24962942,0.0646,0.185575,0.1700647,0.0013333333,0.001325,0.0019,0.64014465,0.13417424,0.30073807,0.5059704,0.019933334,0.0316,0.030434376,0.022116667,0.045866664,0.04134375,0.049616665,0.06508333,0.06614062,0.033883333,0.08925,0.07826875,0.07258333,0.10346666,0.10386875,0.25591668,0.12656666,0.17724063,0.34971666,0.14333333,0.21517187,0.3588333,0.16218334,0.23219062,0.05161667,0.07463333,0.07027187,0.0015166667,0.0030666667,0.001940625,0.18203333,0.25973332,0.25059062,0.08118333,0.1877,0.161175,0.37968332,0.16883333,0.244575,0.5640892,0.13247281,0.2709824
650,7,4386733.237512419,566004.3844264813,0.0314,0.033525,0.02805238,0.033525,0.042425,0.03448095,0.053,0.059525,0.05462381,0.0403,0.07425,0.05691905,0.3804,0.169325,0.25061905,0.184425,0.22125,0.1957619,0.08825,0.149525,0.115323804,0.0014,0.00265,0.0016619047,0.5756133,0.17638819,0.34907827,0.39922512,0.038284615,0.14798571,0.0637983,0.032676924,0.09882857,0.047674574,0.054661535,0.10775,0.06632542,0.045969233,0.116692856,0.069830514,0.08459231,0.14769286,0.10616102,0.25166154,0.17450714,0.1903017,0.3309,0.18765,0.22886612,0.31707692,0.17562142,0.21973899,0.06953077,0.11697858,0.09195593,0.0013384615,0.0024142857,0.0018508474,0.21256155,0.18464287,0.20774575,0.112869225,0.12532142,0.12590848,0.36782306,0.20957856,0.25864407,0.47482675,0.101204224,0.27013806
651,7,4270433.5196531145,586613.8231342769,0.0314,0.028525,0.0284,0.0321,0.03615,0.032055553,0.046785716,0.05265,0.04865185,0.0353,0.0599,0.046192594,0.31175715,0.16105,0.21371853,0.15492858,0.1464,0.15195927,0.07895714,0.0998,0.091218516,0.0017428572,0.001375,0.001862963,0.49491876,0.19380218,0.31618673,0.3011166,0.03737778,0.03595,0.036614705,0.033433333,0.044075,0.034641176,0.049933333,0.0591,0.052032355,0.040044446,0.0641,0.051241174,0.06993333,0.095175,0.084905885,0.2313,0.1488,0.17457059,0.3121,0.166125,0.21259412,0.3034222,0.163975,0.20732059,0.06073333,0.055475,0.070314705,0.0017555555,0.001375,0.002232353,0.18707779,0.160025,0.18276764,0.095977776,0.1004,0.10576177,0.3436,0.18575,0.23822059,0.47047576,0.18947083,0.29331633
652,7,4287403.22538687,540836.543415048,0.01936,0.0309,0.026655,0.02462,0.041433334,0.034835,0.053140003,0.0609,0.061205,0.03536,0.07943333,0.062379997,0.42642003,0.14653334,0.277405,0.17284,0.1777,0.193115,0.07522,0.1261,0.11564499,0.00138,0.0027333335,0.001455,0.64690024,0.12545122,0.37667724,0.521449,0.023629412,0.063159995,0.036815383,0.026564706,0.07435,0.044984616,0.053005885,0.09562,0.07155231,0.038111765,0.12379,0.07920308,0.0761647,0.14204,0.11165846,0.26800588,0.16267,0.21057232,0.38087645,0.17799,0.26206464,0.37731177,0.18445,0.26727232,0.05495294,0.07472,0.07709846,0.0012235295,0.00235,0.0021184615,0.18065883,0.20114,0.21567231,0.08001765,0.13949001,0.13137077,0.4158294,0.20179,0.29233998,0.5773499,0.10235929,0.3226198
653,7,4314042.839191825,427641.4713697094,0.022966668,0.03746,0.029038096,0.025566667,0.04426,0.034733333,0.047166664,0.0592,0.055147618,0.028633334,0.07216,0.055304762,0.38043332,0.15416,0.23873332,0.15606666,0.19818,0.18302381,0.065633334,0.13726,0.10773334,0.0013666668,0.0028799998,0.0019666667,0.6069061,0.15444376,0.33436614,0.45246238,0.02372,0.06475,0.04,0.02252,0.0699,0.04394375,0.04708,0.08132,0.06300312,0.032679997,0.09279,0.067634374,0.075440004,0.11358,0.09905312,0.25522,0.13659,0.17082188,0.33694,0.15035,0.20239687,0.3345,0.1507,0.20321874,0.0605,0.06307,0.07375938,0.0016799999,0.00197,0.00219375,0.18088001,0.18543,0.19893438,0.08342,0.12456,0.12164687,0.36744,0.17052,0.227525,0.5340314,0.10541388,0.2482246
654,7,4393117.290049562,509004.29610222526,0.024042858,0.030266665,0.026969446,0.026385715,0.038766667,0.032733336,0.050442856,0.053883333,0.054872222,0.031714287,0.06643333,0.054533333,0.36277142,0.14086667,0.22909167,0.16995715,0.19153334,0.19066945,0.07707143,0.13728334,0.119383335,0.0014285714,0.0014166667,0.0015083333,0.57519704,0.14310727,0.320886,0.43208978,0.0295875,0.03105,0.03369737,0.022975,0.024675,0.024644738,0.047375,0.0383375,0.045542106,0.0281625,0.0532625,0.044657893,0.07415,0.071925,0.07922895,0.2467375,0.092475,0.16236842,0.3137875,0.1047625,0.19543684,0.3122125,0.1037375,0.19601843,0.0634375,0.069425,0.07086842,0.0018375,0.0025125,0.0018710525,0.171275,0.1783625,0.18771578,0.0762625,0.126225,0.114147365,0.344775,0.1226125,0.22029212,0.51465696,0.102460906,0.2903638
655,7,4330853.3664842835,418583.5604149956,0.0301,0.0405,0.0329,0.034366667,0.04894,0.039985,0.063766666,0.06504,0.064245,0.048933335,0.0819,0.065615006,0.39096668,0.1784,0.26857,0.2137,0.23753999,0.2182,0.10356666,0.17218001,0.133975,0.0018333334,0.00316,0.002,0.56687856,0.17545964,0.35580024,0.39141893,0.032333333,0.0404125,0.03485625,0.023883333,0.0367125,0.03020625,0.05138333,0.048925,0.0509125,0.033933334,0.0634125,0.051178124,0.085,0.092075,0.092625,0.2679667,0.119,0.17957813,0.3511167,0.1357125,0.21906875,0.3444667,0.130675,0.21349375,0.050966665,0.0840125,0.0833,0.0023666667,0.002275,0.002409375,0.21286668,0.230875,0.21967812,0.09738333,0.15745,0.12987188,0.38603333,0.158925,0.2479875,0.5444489,0.13107868,0.30366132
656,7,4398686.682904427,453374.13299380615,0.015575,0.0374,0.025811765,0.019225,0.0421,0.030758822,0.045175,0.0525,0.04951765,0.0241,0.064166665,0.048729412,0.338125,0.124066666,0.21083531,0.127525,0.19476666,0.16600588,0.05065,0.13583334,0.09625294,0.001125,0.0012666667,0.0015352941,0.5623797,0.11716916,0.30521843,0.44521058,0.016933333,0.039275,0.029411111,0.020366667,0.0403,0.03196389,0.044933334,0.0512,0.050305553,0.0284,0.066475,0.054680556,0.0642,0.08075,0.08056111,0.22325,0.0972875,0.14409445,0.28703332,0.1086125,0.17125556,0.27995,0.11385,0.17309722,0.05281667,0.0633375,0.061477777,0.004366667,0.001975,0.0021416666,0.14085,0.2145625,0.19234444,0.06256667,0.1480625,0.11625555,0.31526667,0.131225,0.197325,0.4664864,0.0930096,0.22696827
657,7,4312599.70119941,503325.98658181523,0.12927142,0.1222,0.12577142,0.15748572,0.1418,0.1506,0.22504285,0.1907,0.21035,0.27365714,0.22883332,0.25484285,0.34071428,0.25783333,0.307475,0.3665,0.2952,0.34070358,0.28837144,0.24546668,0.26956785,0.0014857142,0.0039666668,0.0018071429,0.083926685,0.04012103,0.06856366,0.043805655,0.12772143,0.13852727,0.138778,0.14852142,0.13061817,0.144408,0.21394284,0.16853637,0.200212,0.2628357,0.20155454,0.24343799,0.28459284,0.21994546,0.26653,0.32697144,0.22954546,0.29053,0.35435,0.23641819,0.305792,0.3300143,0.22247273,0.28693798,0.048435714,0.09302727,0.089264,0.0017214285,0.0018,0.001938,0.39316428,0.24186365,0.34601203,0.30534285,0.1933909,0.274446,0.3653857,0.24307273,0.315184,0.08565113,0.030650195,0.05811811
658,7,4310795.549102488,457223.8675600961,0.023966666,0.03822,0.030966666,0.025633335,0.046,0.03725238,0.0483,0.066,0.060766667,0.031266667,0.07886,0.06446667,0.37543333,0.17578,0.24193808,0.16276667,0.2048,0.20765239,0.07213333,0.14096,0.12806666,0.0018333334,0.00284,0.0016523809,0.59319717,0.17750344,0.31767154,0.41569373,0.023542857,0.031214286,0.028148385,0.029457144,0.045885716,0.042893548,0.05414286,0.07167143,0.07096774,0.04397143,0.09182857,0.0827871,0.07341429,0.11098572,0.10744839,0.24477144,0.14798571,0.19189678,0.33204284,0.16284285,0.23,0.32722858,0.18752858,0.24475484,0.06261429,0.078428574,0.079806454,0.0012428572,0.0025571429,0.0019387096,0.1982,0.2453,0.24286452,0.09695714,0.17142858,0.1536129,0.36598572,0.18922858,0.2623613,0.49425086,0.1699319,0.2805231
659,7,4347819.396006397,469778.99125035154,0.0129,0.04615,0.030407406,0.016675,0.055075,0.036896296,0.038275,0.07075,0.05680741,0.0229,0.0895,0.059107408,0.34645,0.170325,0.2455,0.1166,0.27085,0.20167778,0.0455,0.185175,0.1183037,0.00145,0.003375,0.0019222221,0.5771865,0.14588033,0.33587694,0.43130618,0.014933333,0.0368,0.030338708,0.017866667,0.04692857,0.037916128,0.041866664,0.062785715,0.058148388,0.0245,0.08074286,0.06423871,0.06126667,0.09557143,0.08964516,0.25395,0.12094286,0.1682,0.3379,0.13522857,0.20332581,0.33956668,0.15188572,0.21697097,0.05581667,0.06837143,0.071177416,0.00155,0.0021714284,0.0020838708,0.13096666,0.2394,0.21486776,0.0519,0.15828572,0.12678388,0.37316668,0.16301428,0.23632903,0.56327623,0.1321701,0.278476
660,7,4285671.516570839,630093.7417807981,0.021960001,0.03707143,0.027727274,0.025260001,0.044485714,0.03270682,0.05002,0.0605,0.05480909,0.03365,0.07572857,0.050593182,0.3814,0.17338572,0.27426818,0.17525,0.22548571,0.18957046,0.07592,0.15437143,0.10686818,0.00125,0.0019142857,0.0020454547,0.5945826,0.18016139,0.40065253,0.41442123,0.0282,0.0279,0.035664286,0.026242856,0.0315,0.030742856,0.04942857,0.0504,0.05362143,0.033185713,0.0672,0.048292857,0.07338571,0.0953,0.08884286,0.2454,0.1341,0.194125,0.33567142,0.1559,0.24233928,0.34307143,0.1544,0.25231785,0.048214287,0.0303,0.06542857,0.0010285714,0.0016,0.0016071429,0.18714286,0.2476,0.20696785,0.08521429,0.152,0.11582142,0.36554286,0.188,0.26990715,0.5445315,0.1656938,0.37279254
661,7,4252465.835818944,677850.835547283,0.036883336,0.04228,0.039890908,0.039083336,0.05044,0.046413634,0.06188333,0.07044,0.070463635,0.046583336,0.087840006,0.07530909,0.4295,0.23296002,0.30737272,0.23428333,0.27468002,0.26217726,0.11533334,0.18004,0.15677728,0.0013333333,0.0018,0.0019363636,0.6210937,0.25128552,0.38986182,0.36980817,0.03416,0.038466666,0.035307143,0.04027,0.049633335,0.044364285,0.06555,0.073866665,0.07064643,0.05333,0.09623333,0.07462143,0.09088,0.1322,0.11219286,0.27931002,0.19266666,0.23011784,0.36738998,0.216,0.28205356,0.37985,0.2405,0.30063215,0.06599,0.0699,0.07,0.00127,0.0015,0.0015,0.23696999,0.2846,0.25663927,0.122530006,0.18306667,0.14786786,0.40351,0.24826668,0.31672144,0.5413697,0.24510804,0.38184616
662,7,4276594.300589172,592173.6715454855,0.03898,0.041114286,0.036279485,0.045339998,0.048942856,0.044271797,0.07346,0.07295714,0.074197434,0.07266,0.08392857,0.077689745,0.2973,0.25138572,0.29799232,0.26128,0.25712857,0.24360256,0.15338,0.16521429,0.14316666,0.00147,0.0014285714,0.0014564103,0.3816037,0.28815994,0.37101775,0.09344375,0.034683336,0.0338,0.0283,0.04995,0.04975,0.042792305,0.081,0.0751,0.07563077,0.09313333,0.0855,0.08011153,0.119433336,0.12085,0.12266538,0.23793332,0.18925,0.2330577,0.2922167,0.21705,0.27611154,0.29018334,0.23665,0.2923923,0.04315,0.03285,0.067411534,0.0012333333,0.00125,0.001823077,0.29393333,0.27705,0.25390387,0.16965,0.16965,0.14287692,0.3313,0.24545,0.31248847,0.32544357,0.2620765,0.35745686
663,7,4342257.349383827,448093.6865405477,0.012475,0.03415,0.02284091,0.020025,0.042675,0.03009091,0.05025,0.0604,0.055631816,0.035875,0.081625,0.053995453,0.281,0.1829,0.2607909,0.119975,0.26165,0.19082727,0.051375,0.163475,0.100922726,0.001525,0.00315,0.0017227272,0.44825727,0.18362886,0.3718326,0.2646284,0.013533332,0.034633335,0.025151515,0.016733333,0.03991111,0.029054545,0.048266664,0.058855556,0.054230303,0.030866666,0.07998889,0.056618184,0.07995,0.10243334,0.09368182,0.24846667,0.13272221,0.18632726,0.30973333,0.15227778,0.2215879,0.30765,0.16705555,0.23169394,0.04395,0.08116667,0.07664849,0.0035,0.002788889,0.002230303,0.15361667,0.25175557,0.2053303,0.06588333,0.15662222,0.11190909,0.34058332,0.18442221,0.2544515,0.5007913,0.16016337,0.32004723
664,7,4360983.066212702,578025.4734330727,0.04264,0.05265,0.045205556,0.054240003,0.0681,0.057994448,0.0932,0.1008,0.09493333,0.099,0.1214,0.1039,0.37676,0.3097,0.35193333,0.31754,0.35315,0.32456112,0.18866,0.23995,0.20587222,0.0018600001,0.0023,0.0017722221,0.43013948,0.29402396,0.38723907,0.13611552,0.04268,0.1422,0.06329375,0.04476,0.16189231,0.07005625,0.07866667,0.1922077,0.103907816,0.07923333,0.21545386,0.10994688,0.12916666,0.25874615,0.16264375,0.26555336,0.31606156,0.2755125,0.32573333,0.33846155,0.31970313,0.32601333,0.3443846,0.32924843,0.048466664,0.12470769,0.08879219,0.0017133333,0.0031384614,0.0022265625,0.28915334,0.3009154,0.30086094,0.16433334,0.20477693,0.18445937,0.36571333,0.37222308,0.35897344,0.40691257,0.1731568,0.34413826
665,7,4381615.569925435,483075.21771216526,0.02154,0.03326,0.034491427,0.026420001,0.0408,0.041122857,0.04454,0.053940002,0.059468575,0.0437,0.07184,0.07045143,0.14076,0.14942,0.16528286,0.09568,0.18706,0.18595143,0.05326,0.12848,0.12072285,0.00146,0.00126,0.00138,0.19479948,0.14672771,0.17767128,0.04807177,0.02225,0.02802857,0.029164707,0.020316668,0.035457145,0.035391178,0.034383334,0.05022857,0.052773528,0.033433333,0.07187143,0.06774118,0.052333333,0.08805714,0.08575,0.1028,0.10388572,0.115197055,0.125,0.11938572,0.13366176,0.12053334,0.1318,0.13955589,0.024316667,0.06427143,0.05337647,0.0018333334,0.0021,0.0020058823,0.11681666,0.18145715,0.19665882,0.06786667,0.12074286,0.1266,0.13826667,0.14868572,0.15761471,0.18134147,0.114868045,0.1378788
666,7,4363991.120743623,581755.8259936959,0.026,0.03645,0.03083158,0.029075,0.0399,0.03538421,0.048825,0.05025,0.05378947,0.039875,0.0628,0.05723158,0.334475,0.1405,0.23023157,0.172875,0.1974,0.19396842,0.08335,0.1353,0.11856842,0.00125,0.00175,0.0016052631,0.5149719,0.15043911,0.31625035,0.3645328,0.023646154,0.06057273,0.04120492,0.024415383,0.06095455,0.038,0.047007695,0.07337273,0.056811474,0.038376924,0.09135455,0.062150817,0.07212308,0.10877273,0.093208194,0.23013845,0.13086364,0.17306721,0.31304616,0.1474909,0.21344917,0.31003076,0.15735453,0.219859,0.062838465,0.065272726,0.07329508,0.0019615386,0.0018818182,0.0021836066,0.18005385,0.20408182,0.2138049,0.087007694,0.13992727,0.13377869,0.34483075,0.17392728,0.24178852,0.4843574,0.119860016,0.28799447
667,7,4377891.11690308,476686.1823849006,0.0314,0.03976,0.041230768,0.034466665,0.04734,0.047892306,0.07586667,0.0622,0.07009616,0.042533334,0.0806,0.07890385,0.40943334,0.14824,0.21056923,0.21116668,0.2728,0.25541538,0.0991,0.18498,0.16290769,0.0009666667,0.00126,0.0013615385,0.6068421,0.12603602,0.23512708,0.48080608,0.030133335,0.0428,0.03693,0.034777775,0.0505625,0.0451625,0.076633334,0.068125,0.0722975,0.048,0.0936875,0.0813675,0.11315555,0.1075,0.111834995,0.29985556,0.1251625,0.18089251,0.3553778,0.1405875,0.2080575,0.35485557,0.157,0.2199125,0.055677775,0.0783375,0.0666775,0.0032666668,0.00225,0.00215,0.22206667,0.3002375,0.26416498,0.10898889,0.2019625,0.1627575,0.3847222,0.1709625,0.2378275,0.5218435,0.11454301,0.24474554
668,7,4399561.2472715955,452978.5214279971,0.019325,0.042166665,0.028735293,0.02215,0.049,0.03328235,0.0445,0.06163333,0.05242941,0.024,0.07633333,0.04887647,0.4169,0.1529,0.2642647,0.14415,0.24033332,0.19025883,0.05575,0.1625,0.105188236,0.001125,0.0015666666,0.0014058824,0.6661581,0.14326523,0.3897532,0.52289283,0.015428572,0.0378625,0.029783335,0.017171428,0.0430875,0.033955555,0.04177143,0.056875,0.055088893,0.024228573,0.0742375,0.05681111,0.06185714,0.0896625,0.08670555,0.2519,0.111325,0.17364444,0.33605716,0.123875,0.21045557,0.34748572,0.134225,0.22295557,0.05297143,0.0686375,0.07118055,0.0028142857,0.002175,0.0024305556,0.13438572,0.235675,0.20743889,0.05324286,0.15715,0.119905554,0.36457142,0.148925,0.23983333,0.57493114,0.11427103,0.30556938
669,7,4396033.304226457,449835.89075627236,0.0216,0.0254,0.022094738,0.025933335,0.037866667,0.02911579,0.049566664,0.06196667,0.05694737,0.032133333,0.0809,0.050873686,0.34336668,0.1779,0.28657895,0.1533,0.2177,0.17842633,0.06373333,0.14306666,0.0929,0.0014333333,0.0010666667,0.0018578947,0.5477583,0.17674154,0.41831002,0.37101674,0.0267125,0.024275,0.02115862,0.0290375,0.032525,0.026689654,0.05585,0.052925,0.05194828,0.0373125,0.076775,0.05204483,0.0827625,0.098525,0.08886207,0.264525,0.1192,0.19327587,0.3435625,0.139075,0.239,0.3264,0.14105,0.23597242,0.0623625,0.07485,0.07532414,0.00155,0.001875,0.0015482758,0.182625,0.226975,0.19276208,0.0798375,0.1454,0.10167586,0.372375,0.16185,0.26780343,0.51041263,0.12124521,0.33788356
670,7,4323000.933607536,462252.90273984714,0.019925,0.04668,0.041108333,0.023975,0.05566,0.050466664,0.04655,0.07396,0.073779166,0.03615,0.09582,0.0901,0.3584,0.16222,0.23331667,0.1715,0.26028,0.26584584,0.0798,0.19782,0.1824375,0.001125,0.00318,0.0016375,0.5574642,0.11923676,0.2470008,0.43822742,0.019885715,0.0471375,0.04201212,0.021785716,0.0581125,0.0541,0.044342857,0.0802625,0.07966667,0.033357143,0.110975,0.102721214,0.060357142,0.1243125,0.12098788,0.23041429,0.1411875,0.17729394,0.33004284,0.154825,0.21285757,0.33202857,0.1683,0.22570606,0.05667143,0.0821125,0.076830305,0.0022714285,0.0027875,0.0022484849,0.16831428,0.2905875,0.28587273,0.0753,0.21685,0.20044242,0.3582143,0.1822375,0.24151818,0.52877706,0.099894404,0.20884009
671,7,4338699.859204894,510768.75763307634,0.11402222,0.124740005,0.115941465,0.14157778,0.15278001,0.14283903,0.20975557,0.21924,0.20749024,0.2591111,0.27302,0.25729755,0.36056668,0.33906,0.3347195,0.44381112,0.44536,0.42624146,0.41192222,0.43792003,0.4063,0.0013333333,0.00378,0.001890244,0.12794323,0.08278562,0.09914536,0.04515761,0.10147692,0.1985909,0.12802586,0.12473077,0.21499091,0.15127242,0.1854923,0.2719,0.21210344,0.23156154,0.31893635,0.2615224,0.24629231,0.33765453,0.27891552,0.2933846,0.35064545,0.30461207,0.3244154,0.3607,0.32341036,0.31379232,0.3584182,0.31978104,0.044238463,0.16005453,0.099215515,0.002676923,0.0026727272,0.0025965518,0.41126925,0.3654182,0.41038278,0.37664613,0.3515818,0.38613966,0.34016925,0.37260908,0.3395431,0.109961234,0.046474043,0.07478892
672,7,4316973.260927029,462088.4786648184,0.0331,0.043383334,0.039934482,0.03695,0.05165,0.048306897,0.0652,0.07021667,0.0757931,0.0563,0.09018333,0.086427584,0.38595,0.18055,0.26403102,0.20825,0.24586667,0.24421723,0.113725,0.18121666,0.166,0.002425,0.0025666666,0.0016931035,0.54180604,0.16171673,0.30174753,0.3800893,0.028142856,0.037242856,0.034529414,0.030057143,0.034114286,0.03483235,0.0577,0.048585713,0.057994116,0.048485715,0.06632857,0.06440588,0.08651429,0.089842856,0.097632356,0.26285714,0.11362857,0.18109117,0.34004286,0.13028572,0.21858235,0.33005714,0.13368572,0.21886764,0.05782857,0.08718571,0.07885882,0.0030571427,0.0027142856,0.002547059,0.20391428,0.22215715,0.22382647,0.1025,0.15164286,0.14058824,0.37577143,0.15871428,0.24975292,0.4866686,0.13024691,0.2811582
673,7,4314998.812046623,444485.29285940976,0.02538,0.039920002,0.033177275,0.03318,0.05368,0.04317273,0.072459996,0.082779996,0.07634545,0.05178,0.10192,0.07688182,0.41717997,0.2671,0.32895,0.23798001,0.28108,0.26046818,0.110740006,0.18181999,0.14645,0.0015199999,0.00326,0.0017181818,0.592623,0.27316782,0.41637555,0.31945518,0.028825,0.039885715,0.033810347,0.0346,0.04957143,0.041993104,0.074075,0.076885715,0.075068966,0.060075,0.09901429,0.08057241,0.119675,0.13372858,0.12867586,0.2809,0.19821428,0.23752415,0.341975,0.22474284,0.27813104,0.346125,0.23838572,0.29019657,0.052175,0.108428575,0.101920694,0.001225,0.0022428571,0.0022586207,0.259775,0.2818857,0.2726276,0.129775,0.17812857,0.1559793,0.38245,0.26015717,0.31606552,0.4798515,0.23605949,0.3532427
674,7,4367593.878168511,428833.510683775,0.027266666,0.0374,0.031310525,0.028766666,0.044675,0.036773685,0.05256667,0.05985,0.05875789,0.0321,0.075275,0.05756316,0.35486668,0.152625,0.24011579,0.1617,0.221425,0.197,0.06956667,0.15595,0.11957368,0.0014,0.0016,0.0018842106,0.56352603,0.1450365,0.33112702,0.41848952,0.027857143,0.037477776,0.03149143,0.023242857,0.040544447,0.0331,0.050871428,0.055422224,0.05389429,0.0326,0.07308889,0.057362862,0.07947143,0.091244444,0.088259995,0.251,0.11281111,0.16085143,0.3191,0.12866667,0.19303715,0.3216,0.13732222,0.20214571,0.045514286,0.07207777,0.068522856,0.0013285715,0.0025333334,0.0018571428,0.1886,0.23415557,0.2136,0.08651429,0.1608,0.12848572,0.3500857,0.15205556,0.22103713,0.5161304,0.12232724,0.2701542
675,7,4378556.2146903165,406564.94969859987,0.0435,0.0529,0.04833684,0.04955,0.068175,0.06066842,0.0752,0.095275,0.08979474,0.0776,0.12465,0.1128,0.3496,0.1981,0.27135265,0.28595,0.2988,0.30041578,0.1706,0.2296,0.20999473,0.00105,0.001475,0.0012789473,0.44275442,0.12264069,0.2570447,0.32011372,0.035983335,0.04325,0.04010909,0.0527,0.057425,0.057851512,0.08353333,0.0805625,0.085745454,0.09471667,0.1114375,0.11352424,0.124866664,0.1301625,0.13735758,0.24965,0.1491375,0.18909395,0.30911666,0.1643625,0.2198606,0.30701667,0.16915,0.22383635,0.05553333,0.0869,0.08471212,0.0015,0.0027125,0.0018969696,0.30691668,0.2839625,0.3050697,0.1927,0.2111,0.21333635,0.34486666,0.1876625,0.2511697,0.345915,0.10043244,0.18430881
676,7,4341548.7666599965,439437.9783922851,0.0135,0.03345,0.025057895,0.01835,0.037575,0.02933684,0.0455,0.047925,0.049173683,0.0246,0.062275,0.046,0.4415,0.1413,0.2672579,0.13475,0.207025,0.18128422,0.05105,0.138325,0.09965789,0.0015,0.00265,0.0016947369,0.6945833,0.15305904,0.40151095,0.5415243,0.014325,0.0659625,0.034432143,0.01755,0.0573375,0.033839285,0.0476,0.0669875,0.05342857,0.026475,0.0808125,0.051539287,0.07245,0.1011375,0.08606071,0.296075,0.12825,0.18821786,0.391575,0.143775,0.22780715,0.392275,0.15095,0.23634644,0.0596,0.0615,0.075310715,0.004075,0.0022,0.0021714284,0.147375,0.1950125,0.18067142,0.05825,0.1320875,0.10099643,0.4262,0.16975,0.25880715,0.62817043,0.1303768,0.3397089
677,7,4294874.154337403,434261.28957922186,0.031966664,0.042616665,0.035627272,0.035866667,0.046866667,0.04086818,0.06173333,0.05496667,0.057613634,0.0484,0.06658333,0.06265,0.2831,0.1197,0.1887909,0.19113334,0.19556667,0.1990591,0.10453334,0.15016666,0.13459091,0.0027666667,0.0024666665,0.0020181818,0.4193288,0.10378404,0.2354867,0.31554478,0.032614287,0.04582222,0.0432,0.033142857,0.041388888,0.04218857,0.05855714,0.054277778,0.062074285,0.049642857,0.07131111,0.07323143,0.085514285,0.08518889,0.09550857,0.22545715,0.099922225,0.15318286,0.2845,0.11,0.18165714,0.27465716,0.11231111,0.18312286,0.05497143,0.06747778,0.07143428,0.0047142855,0.0020333333,0.0026828572,0.20185713,0.21216668,0.22872856,0.10731428,0.15902221,0.15755999,0.31251428,0.12853333,0.20716287,0.4035986,0.07986239,0.20217304
678,7,4391415.260795702,421006.72674787237,0.0466,0.03965,0.03503889,0.05035,0.04455,0.04086111,0.0678,0.055375,0.05955,0.0715,0.067025,0.06591667,0.1862,0.112525,0.18687221,0.28215,0.218275,0.22310556,0.19505,0.1771,0.15377778,0.001,0.001625,0.0014777777,0.21118718,0.08932884,0.22481234,0.12185834,0.044766665,0.0349625,0.035920586,0.048183333,0.0359125,0.0392,0.06865,0.0473875,0.057476472,0.07603333,0.0644875,0.070691176,0.09946667,0.0775125,0.09388823,0.15588334,0.089725,0.1328706,0.18525,0.1004125,0.15374705,0.1853,0.1055875,0.1574353,0.042333335,0.0598375,0.0634147,0.0030833334,0.0023125,0.0019794118,0.28673333,0.2305125,0.24404119,0.20231666,0.1769,0.17151177,0.21213332,0.121175,0.17982647,0.19971535,0.08152448,0.1634099
679,7,4283257.517457371,709048.2744799119,0.024366667,0.043420002,0.032984212,0.0255,0.05014,0.037494734,0.044766665,0.060420003,0.05283684,0.025933335,0.077259995,0.055294737,0.33093333,0.14804,0.22023684,0.12246666,0.24478,0.20328948,0.048,0.16331999,0.11693684,0.00063333334,0.00122,0.0010631579,0.54731166,0.1326995,0.30478364,0.41461217,0.02454,0.0405,0.037065215,0.02408,0.0465,0.04041739,0.0519,0.0617,0.0627087,0.03162,0.0828,0.06516087,0.08004,0.0924,0.09762609,0.27354,0.1132,0.18863913,0.3491,0.1319,0.22676955,0.34712,0.1415,0.23500435,0.06722,0.0269,0.07072609,0.001,0.0015,0.0016652175,0.16798,0.2689,0.23313044,0.07084,0.1653,0.1323826,0.38332,0.1631,0.25974783,0.5542836,0.10949694,0.30516863
680,7,4276420.706526122,658069.2341238189,0.02405,0.048375,0.03367,0.0264,0.0517,0.03757,0.048125,0.061925,0.055425,0.03305,0.07575,0.056665003,0.30355,0.1453,0.223225,0.16575,0.241,0.21041499,0.075775,0.1694,0.124785,0.0011,0.0013,0.00125,0.48901922,0.13101876,0.30635193,0.35800046,0.023955556,0.0439,0.036444828,0.0257,0.0427,0.037831035,0.049033333,0.053,0.05758276,0.036822222,0.0696,0.061665516,0.07276667,0.0793,0.09027586,0.21487778,0.1001,0.17092068,0.27135557,0.1159,0.20583104,0.2653,0.1183,0.20722759,0.051455554,0.0223,0.059837934,0.0010777778,0.0014,0.0015413794,0.1745,0.2387,0.2303138,0.08321111,0.1564,0.13710344,0.302,0.1405,0.23867585,0.42195883,0.09472201,0.26852015
681,7,4341342.870252192,561194.1769290471,0.030879999,0.0271,0.028247619,0.03276,0.032,0.031909525,0.0598,0.042,0.05265238,0.04186,0.0586,0.04847619,0.36476,0.1682,0.26680475,0.19374,0.2083,0.19425239,0.09156,0.1288,0.10323334,0.00126,0.0026,0.0018142856,0.5509397,0.20934567,0.39462268,0.341594,0.027109092,0.10245384,0.046374574,0.027072726,0.10518462,0.04774915,0.052963637,0.11465385,0.06760339,0.03689091,0.13083078,0.0703017,0.07942727,0.14504616,0.10087627,0.24135454,0.16883077,0.18501186,0.30594546,0.18648462,0.22086611,0.3073,0.20753846,0.23559321,0.0544,0.07599231,0.07496271,0.0010909091,0.0023076923,0.0020135595,0.19217274,0.19540769,0.20988981,0.08773637,0.12659231,0.11864237,0.3413,0.21693076,0.25491694,0.4843131,0.12603688,0.29425603
682,7,4284511.665666701,609423.6036868921,0.03528,0.0293625,0.031126829,0.04042,0.0387375,0.038382925,0.06842,0.060025,0.06523658,0.060709998,0.0697375,0.064617075,0.35893998,0.1774375,0.27908537,0.24193999,0.1964,0.2139,0.138,0.1326125,0.12925123,0.001,0.0016625,0.0013951219,0.49551588,0.20021453,0.3738553,0.29530135,0.03417143,0.0175,0.027776923,0.041585714,0.0222,0.038657695,0.06658571,0.0416,0.06654231,0.06195714,0.0488,0.06753846,0.09432857,0.0783,0.10431923,0.2525,0.1305,0.22005385,0.33395717,0.1488,0.27181923,0.32885715,0.1488,0.2762,0.05765714,0.0144,0.06956923,0.001,0.0012,0.0016038462,0.23425715,0.1928,0.22460769,0.13181429,0.1185,0.13061538,0.37092856,0.1737,0.30374613,0.45159087,0.19748482,0.36268973
683,7,4280347.5984787,663921.6014993752,0.0293,0.04005,0.031072224,0.032033335,0.043875,0.03405,0.056533333,0.057175,0.0544,0.044833336,0.0712,0.05291111,0.3517,0.1697,0.26185557,0.2087,0.2456,0.21602222,0.103133336,0.166275,0.12237778,0.0008666667,0.0014,0.0012277778,0.5257087,0.18368915,0.37611267,0.34201953,0.0289375,,0.028661538,0.0299125,,0.027430767,0.0569125,,0.052788466,0.0467625,,0.04918077,0.08725,,0.089423075,0.24605,,0.20355384,0.31495,,0.25121537,0.309425,,0.25391537,0.066625,,0.07410385,0.0015,,0.0016423076,0.21295,,0.21266924,0.1071,,0.11570384,0.34775,,0.28401923,0.46189567,-0.0,0.37307248
684,7,4382714.487792763,488834.29964318016,0.026742855,0.03408,0.029373528,0.029757144,0.04036,0.034994118,0.05425714,0.0529,0.056461766,0.037257142,0.06834,0.057682354,0.3765,0.14355999,0.25130293,0.19095714,0.20713998,0.20087941,0.08814286,0.1454,0.11952353,0.001,0.0016200001,0.0013323529,0.5785506,0.14381571,0.34830344,0.43473488,0.026742855,0.032085713,0.03075,0.024657143,0.029428571,0.02668235,0.049442858,0.04157143,0.046329413,0.03617143,0.06052857,0.04829706,0.07872857,0.07902857,0.08427647,0.24435715,0.10008571,0.17056471,0.31724286,0.116714284,0.20912354,0.31195715,0.12304286,0.20910881,0.057628572,0.07774286,0.0787353,0.0014428572,0.0024285715,0.0017588236,0.18957143,0.20335715,0.19923529,0.085442856,0.13395715,0.11315589,0.34784284,0.14185715,0.23642354,0.49290806,0.12322346,0.30341342
685,7,4314777.660652213,528083.5945009488,0.024875,0.0391,0.029805264,0.0285,0.04275,0.03396842,0.068725,0.055,0.05793158,0.035825,0.06795,0.05155263,0.47725,0.1727,0.28260526,0.218025,0.2345,0.22542632,0.093175,0.14805,0.12027894,0.001025,0.00185,0.001363158,0.7059502,0.1960465,0.41073644,0.50990367,0.023185715,0.06423,0.034740675,0.026842855,0.071940005,0.037994917,0.06527143,0.08457,0.06261017,0.03372143,0.1043,0.05769661,0.10012857,0.1269,0.101889834,0.31783572,0.15515,0.21082881,0.38780716,0.17064,0.24917795,0.3894643,0.18337,0.2566254,0.06237143,0.08919,0.07883051,0.0012571429,0.00359,0.0018694915,0.20775716,0.23852,0.22915086,0.09082857,0.15338,0.1237339,0.42855713,0.20731,0.28708473,0.6048421,0.13787846,0.3564784
686,7,4276679.946351398,531040.348558765,0.020825,0.03415,0.0253375,0.024075,0.0395,0.02998125,0.053225,0.05435,0.0543,0.033725,0.06665,0.0483875,0.372975,0.1409,0.2556875,0.16615,0.195,0.1747375,0.073825,0.13735,0.09874375,0.001025,0.0015,0.00146875,0.58333874,0.14269406,0.37778345,0.44064468,0.0266,0.05592222,0.030057143,0.0213,0.03398889,0.024551021,0.048523076,0.04961111,0.047955103,0.028523078,0.06734445,0.042383675,0.07669231,0.0949,0.08322449,0.26839232,0.114266664,0.19257756,0.34903845,0.12953334,0.23747551,0.35687694,0.1316,0.24527754,0.04979231,0.07156667,0.07082449,0.0010769231,0.0022666666,0.0014693877,0.17196153,0.17851111,0.17335102,0.07591539,0.1248,0.09468571,0.3802077,0.15194444,0.2649,0.5759251,0.12421557,0.37656668
687,7,4352274.25997357,453748.84407580853,0.009075,0.0297,0.020335,0.016275,0.0428,0.03002,0.050975,0.067475,0.061145,0.02865,0.090375,0.058315,0.378025,0.183025,0.29385,0.16105,0.24715,0.20293,0.068375,0.1673,0.11321,0.0012,0.0026,0.001835,0.6037093,0.1654553,0.41068146,0.438254,0.021739999,0.033433333,0.027833335,0.02122,0.04595,0.030803705,0.057340004,0.06538333,0.060177777,0.0327,0.09223333,0.061618518,0.0886,0.11096666,0.10454814,0.2881,0.13475,0.2105111,0.3697,0.15105,0.25373334,0.38742,0.17283334,0.27502963,0.04578,0.063433334,0.07507407,0.00326,0.0019,0.0021,0.17958,0.24313332,0.21545926,0.080740005,0.16648334,0.12348148,0.402,0.18115,0.2894074,0.60495263,0.14452803,0.37495434
688,7,4314303.941582139,534793.1252468014,0.0275,0.038933333,0.034061905,0.02985,0.044866666,0.038847618,0.0686,0.056533333,0.06172857,0.033875,0.07153333,0.05932381,0.4475,0.14343333,0.25164285,0.19195,0.24583332,0.22904761,0.07685,0.15623334,0.12682858,0.000775,0.0068333335,0.0020761907,0.6763883,0.13668025,0.34490004,0.5397081,0.029135715,0.0906,0.046062123,0.02917143,0.031541664,0.034748487,0.066614285,0.041725,0.057019696,0.03552143,0.06206667,0.056219697,0.10255,0.0805,0.09280606,0.30495,0.097891666,0.17752121,0.3657,0.113416664,0.2088379,0.35768571,0.12174166,0.21566516,0.06337143,0.06573333,0.06785909,0.0025,0.0018416666,0.0019515152,0.19229285,0.21941668,0.22309394,0.08157857,0.13928334,0.12381364,0.39802855,0.14506666,0.24155605,0.5581745,0.117405586,0.29513988
689,7,4340414.003986417,420772.0591274846,0.017266667,0.05345,0.041883335,0.021266667,0.06365,0.053505555,0.043433335,0.08295,0.076972224,0.026433334,0.102725,0.09273889,0.37303331,0.16735,0.20852779,0.13966666,0.27295,0.23530556,0.05716667,0.215625,0.17120555,0.0013,0.002675,0.002011111,0.6032134,0.11426807,0.2022724,0.48894536,0.0155,0.0428375,0.040089287,0.021019999,0.05095,0.051114284,0.043339998,0.0709625,0.075775,0.03814,0.0950625,0.09964643,0.059340004,0.1134375,0.117939286,0.19164,0.130175,0.15697142,0.2673,0.14265,0.18304643,0.25652,0.1486125,0.18612142,0.036960002,0.0699875,0.06173214,0.0043200003,0.0021875,0.0025214285,0.15732,0.263075,0.25896785,0.07806,0.1976375,0.18580358,0.28618002,0.1630125,0.20591071,0.40499055,0.09723899,0.15168147
690,7,4291626.383422996,703525.0690184152,0.031433333,0.03776,0.031816665,0.033733334,0.04276,0.035894446,0.06543333,0.05432,0.058377776,0.039933335,0.07002,0.05423333,0.3974,0.13888,0.25436667,0.1965,0.22668001,0.2064611,0.0838,0.1575,0.116788894,0.0011666667,0.00126,0.0012277778,0.5984749,0.13172111,0.361375,0.4667538,0.0281,0.19645,0.046670835,0.032033335,0.27445,0.056845833,0.06646667,0.28515,0.08220417,0.040733334,0.3059,0.07885,0.09913333,0.3015,0.11773334,0.292,0.3235,0.2207,0.35421667,0.32775,0.25530833,0.34951666,0.35145,0.260575,0.06501667,0.12615,0.0757125,0.0013,0.0026,0.0018125,0.2021,0.16375,0.213525,0.08888333,0.1253,0.1181,0.388,0.34695,0.28540418,0.5333868,0.05460032,0.31335893
691,7,4368007.57862591,539664.2504562426,0.033075,0.0353,0.031508695,0.03635,0.042175,0.03711739,0.0656,0.05545,0.06141739,0.05045,0.069225,0.05946087,0.367125,0.151325,0.26230434,0.21055,0.2119,0.20685217,0.1092,0.148425,0.122634776,0.0011,0.001775,0.0016652175,0.5319748,0.15579161,0.3609287,0.37618318,0.034107145,0.06820833,0.040558066,0.030135715,0.0541,0.036437098,0.0591,0.06920833,0.061262902,0.038842857,0.08741667,0.058337096,0.0891,0.11505834,0.10144032,0.27615,0.14280833,0.20386936,0.35597858,0.16056666,0.24620806,0.3529857,0.1642,0.25168386,0.06070714,0.07334167,0.07738871,0.0023142856,0.0025583333,0.0021112903,0.2004,0.216625,0.21418872,0.098192856,0.15289167,0.12766452,0.39149284,0.18556666,0.27733546,0.5430455,0.13970764,0.34732297
692,7,4343711.244648047,479520.5324706568,0.0177,0.0346,0.024595238,0.021389998,0.0393,0.028830951,0.04345,0.04926,0.048423808,0.026870001,0.06552,0.044226192,0.39327,0.14396,0.28048095,0.15800999,0.22603999,0.19137143,0.0631,0.1528,0.10093333,0.0027100001,0.00308,0.0019761906,0.6283622,0.15070611,0.42595318,0.47765607,0.01785,0.019642858,0.02001875,0.017783333,0.026228571,0.02425,0.037066665,0.03732857,0.041646875,0.0208,0.05315714,0.0419375,0.05651667,0.0681,0.07215937,0.27145,0.08637143,0.16586563,0.38123333,0.09868571,0.20905313,0.37555,0.10827142,0.212675,0.06833333,0.05295714,0.0705875,0.00115,0.0021285715,0.001696875,0.15723334,0.20821428,0.1917,0.05813333,0.14081429,0.10618125,0.41605,0.123471424,0.2386875,0.62216324,0.11149077,0.32501
693,7,4327977.627083625,587302.3535348623,0.0245,0.0311,0.024010528,0.025460001,0.0339,0.02696842,0.04758,0.04285,0.045521054,0.027879998,0.053,0.03816842,0.39992,0.1351,0.26744735,0.16724001,0.17565,0.16449474,0.0671,0.1158,0.08455789,0.00134,0.0022,0.0015578947,0.6340876,0.16260003,0.42176276,0.47148758,0.02523125,0.11540909,0.045094915,0.02439375,0.06946363,0.03611017,0.0484875,0.07742727,0.05549661,0.028475,0.090781815,0.05347627,0.07296875,0.12152727,0.09102882,0.27345625,0.14425454,0.1910661,0.3585375,0.15921818,0.23408645,0.35534376,0.1544909,0.23726948,0.0611875,0.0759,0.074120335,0.00161875,0.0024818182,0.0018491526,0.17725,0.1608909,0.19141863,0.0719375,0.10939091,0.105784744,0.3954625,0.18497273,0.26541865,0.57398415,0.11605692,0.3364666
694,7,4391198.91591173,477933.4093058471,0.020733332,0.040033333,0.02998235,0.0247,0.05346667,0.03794706,0.06046667,0.07823333,0.06777647,0.032166667,0.10696666,0.06980588,0.455,0.20193334,0.28868824,0.18713334,0.2858,0.22964707,0.07563333,0.182,0.12561177,0.0011333333,0.0010333332,0.0013823529,0.6899121,0.16276431,0.37577084,0.52714777,0.018657142,0.0394375,0.03035,0.022828571,0.0513125,0.039019447,0.06172857,0.0746,0.06876945,0.0317,0.1065875,0.07795,0.08782857,0.1231,0.111258335,0.30942857,0.1443375,0.19754167,0.38595715,0.1623875,0.23231667,0.38994285,0.1766875,0.24365832,0.06561429,0.0785375,0.0736,0.0027428572,0.0019875,0.002113889,0.18901429,0.2685,0.23273611,0.08057143,0.17395,0.13292779,0.42051432,0.1931375,0.2658472,0.6109094,0.12233878,0.28955036
695,7,4381001.780462202,441958.99355568714,0.0356,0.045566667,0.0344,0.039775,0.06183333,0.046016667,0.063175,0.0907,0.0773,0.053075,0.119,0.086627774,0.3515,0.21986668,0.3037222,0.236625,0.2856,0.24614443,0.127875,0.19903333,0.14802778,0.0014,0.0013666668,0.0015277778,0.50447804,0.16750067,0.35904056,0.33697736,0.030425,0.0440375,0.037438888,0.038225,0.0623,0.052730553,0.067125,0.092125,0.08602222,0.066275,0.1276875,0.10571389,0.1005375,0.1547375,0.14205278,0.2768875,0.189425,0.23194167,0.366225,0.207625,0.2768472,0.3635375,0.222625,0.28747222,0.0541375,0.0921125,0.081472225,0.0039125,0.002775,0.002388889,0.2560125,0.3118875,0.2893639,0.1406875,0.21625,0.18203333,0.400125,0.237975,0.31182778,0.48808447,0.15522048,0.29483524
696,7,4314181.470499948,534910.3622644527,0.02905,0.043033335,0.0344,0.031925,0.048233334,0.038510002,0.071725,0.06033333,0.06188,0.039575,0.07423333,0.060340002,0.397275,0.15866666,0.24553502,0.19955,0.2519,0.230565,0.08905,0.16336666,0.13244,0.0009,0.007,0.002135,0.59926087,0.15789878,0.33300045,0.44136208,0.029292306,0.03734,0.03438871,0.030515384,0.04208,0.036675807,0.069123074,0.05483,0.061253227,0.036923077,0.07168,0.057537097,0.10549231,0.08727,0.09903387,0.30076924,0.10871,0.19569354,0.36116925,0.12675999,0.23176292,0.3555077,0.14218001,0.24224032,0.06082308,0.05703,0.070411295,0.0026076923,0.0016200001,0.0019580645,0.20500769,0.25006002,0.23419517,0.091230765,0.15393001,0.12800968,0.38897693,0.15782,0.26518708,0.5515192,0.1341108,0.33452746
697,7,4304497.745536288,568770.0574427191,0.0165,0.0161,0.01925,0.027466666,0.02295,0.027114285,0.0615,0.0305,0.050114285,0.0509,0.0329,0.045592856,0.032533333,0.0265,0.022785714,0.008266666,0.03595,0.01445,0.008266666,0.0313,0.013378572,0.001,0.002,0.0014071428,-0.03976525,-0.014473618,-0.05035985,-0.025291633,0.035733335,0.02301111,0.03198654,0.0381,0.016711112,0.031421155,0.06965,0.028666666,0.055353846,0.054975,0.031188888,0.04825,0.08273333,0.03771111,0.06863847,0.081483334,0.027633334,0.05957692,0.093833335,0.028822223,0.06609808,0.077591665,0.024877777,0.055173077,0.0328,0.03728889,0.043540385,0.001225,0.0016333334,0.0016211538,0.05593333,0.042444445,0.05635,0.032141667,0.029366666,0.03648077,0.08263333,0.027577776,0.05961731,0.046746742,-0.014346941,0.014780604
698,7,4359138.94811512,483258.9286043086,0.02485,0.0329,0.032609757,0.030383334,0.036616664,0.036921952,0.06573333,0.045666665,0.058960974,0.043416664,0.062483333,0.05690488,0.27985,0.1323,0.21964633,0.16055,0.2516,0.22643416,0.0837,0.16766666,0.14070244,0.0028833335,0.0025666666,0.0020170733,0.4270679,0.13612036,0.29999128,0.29094756,0.01865,0.023085715,0.025021212,0.024966666,0.02572857,0.028715152,0.06125,0.036742855,0.050963636,0.03375,0.057842858,0.052909087,0.09335,0.06882857,0.08593333,0.25513333,0.080714285,0.15693636,0.29913333,0.09402857,0.18111818,0.2973,0.1064,0.18992424,0.057133332,0.06432857,0.06877879,0.00165,0.0022285716,0.0017787878,0.17396666,0.23498572,0.22298789,0.0808,0.15342857,0.1342909,0.31973332,0.120885715,0.20767576,0.4780346,0.097486846,0.26010808
699,7,4342115.956465621,589570.5690324791,0.027383335,,0.024633333,0.03015,,0.029344445,0.06018333,,0.053833332,0.031766664,,0.040255554,0.51996666,,0.2945889,0.23426667,,0.16303334,0.095983334,,0.08173889,0.0010833333,,0.0012555555,0.7646253,-0.0,0.4570388,0.7646253,0.0315,0.0219375,0.0258375,0.024485715,0.0249875,0.025157142,0.05769286,0.0381625,0.0488,0.02817857,0.037575,0.03560357,0.09382143,0.050625,0.07729821,0.36082858,0.051275,0.18406965,0.44365713,0.0562375,0.219475,0.44215712,0.0501875,0.21609107,0.06213571,0.026275,0.04901607,0.0017142857,0.001625,0.0016642857,0.21554285,0.0801625,0.1421625,0.08974286,0.051725,0.072314285,0.47055,0.0606875,0.23310356,0.6854922,0.027650077,0.34668076
700,8,4205969.814948131,623055.032348698,0.026575,0.032254543,0.027195124,0.03155,0.039936364,0.033636585,0.06325,0.058527272,0.058160976,0.0496625,0.07984545,0.06238293,0.37005,0.19544546,0.2696561,0.2303875,0.2548,0.23411706,0.11135,0.16483636,0.13276342,0.0009375,0.0022727272,0.0018170732,0.53783727,0.2083522,0.36507815,0.32948506,0.024185715,0.0276,0.024260001,0.030528571,0.031275,0.031252,0.06221429,0.050275,0.057212,0.0499,0.077725,0.062979996,0.10192857,0.102625,0.10334,0.26332855,0.13635,0.202728,0.32504284,0.159775,0.24333999,0.32315716,0.165125,0.24533999,0.06778571,0.064875,0.08484,0.0012714285,0.001275,0.001628,0.23372856,0.2712,0.24803999,0.11447142,0.1696,0.139288,0.36424285,0.197025,0.281416,0.4734457,0.16165248,0.32646087
701,8,4311107.318942583,517000.1182282506,0.024366667,0.03148,0.028989743,0.028533334,0.03814,0.034656413,0.06142222,0.0512,0.058366667,0.039555553,0.06942,0.05898461,0.40304443,0.13448,0.25061283,0.1979889,0.22041999,0.21708205,0.09043333,0.1537,0.12760769,0.0010777778,0.0028600001,0.0016512821,0.60663265,0.12501076,0.3441164,0.4816219,0.031053845,0.10202222,0.044884905,0.029607693,0.06853333,0.04048868,0.063884616,0.083233334,0.06519434,0.040976923,0.11056666,0.07091698,0.094976924,0.12522222,0.10429245,0.29063076,0.14146666,0.19117548,0.36333844,0.15534444,0.22678679,0.36304614,0.16372222,0.23403583,0.05399231,0.068,0.07240377,0.0019846153,0.0031,0.0020716982,0.2055923,0.20722222,0.22613584,0.09520769,0.14552222,0.13602075,0.39557692,0.18012221,0.2566094,0.5509636,0.092988975,0.29040486
702,8,4254438.427168374,612309.1928315657,0.015388888,0.039142855,0.024320513,0.02188889,0.05334286,0.033525642,0.069122225,0.08398571,0.07188205,0.037644446,0.108571425,0.064520516,0.4657222,0.23694284,0.3485359,0.19985555,0.27612856,0.23168975,0.0844,0.1852,0.1258205,0.0015222222,0.0018142856,0.001697436,0.6877551,0.2143075,0.47229317,0.47344762,0.02375,0.0362,0.030873684,0.0212,0.04,0.03023158,0.0656,0.0668,0.06594737,0.03355,0.0954,0.06032632,0.10755,0.1172,0.11453158,0.33295,0.1493,0.24251053,0.40325,0.1756,0.28573155,0.4102,0.169,0.29178947,0.09375,0.0357,0.091973685,0.0012,0.0013,0.0019368421,0.2075,0.2785,0.24384211,0.0921,0.1853,0.13452631,0.4408,0.2014,0.31997895,0.63165784,0.13162036,0.40280446
703,8,4346580.138570714,407219.8704582753,0.0238,0.043466665,0.033558823,0.0295,0.051566668,0.039735295,0.0632,0.073133335,0.06864706,0.042666666,0.088533334,0.064688236,0.44156665,0.24323332,0.3273353,0.20523332,0.26726666,0.23314118,0.09043333,0.1747,0.1290353,0.0011333333,0.0017,0.0014294118,0.6459012,0.26567727,0.44288638,0.38022393,0.026220001,0.042322222,0.03435,0.029520001,0.048722222,0.0399375,0.0634,0.0715,0.0679,0.04104,0.08773333,0.0682875,0.09634,0.12246666,0.11305,0.29498002,0.18182221,0.22332187,0.37696,0.20914443,0.26781562,0.38106,0.22325556,0.28028437,0.06424,0.10588889,0.101628125,0.00206,0.0021333334,0.0025625,0.2026,0.2746,0.2469,0.0872,0.17576666,0.13980626,0.42236,0.24525556,0.30757812,0.5745304,0.2362965,0.3669863
704,8,4368667.003811715,600168.2142450418,0.041166667,0.0372,0.039835002,0.043266665,0.0448,0.045045,0.07006667,0.061,0.068915,0.059833333,0.0814,0.072859995,0.34975,0.1629,0.261825,0.24068333,0.247,0.24906,0.13193333,0.1709,0.15430501,0.0014666667,0.003,0.001965,0.4853462,0.1500081,0.32882026,0.33533812,0.03799,0.04449,0.039375,0.04016,0.04596,0.041823078,0.06702,0.05782,0.061640386,0.054929998,0.076359995,0.06518269,0.10175,0.09393,0.098751925,0.25381002,0.11338001,0.17720193,0.31192,0.12987,0.209675,0.30745,0.13934,0.21453269,0.06374,0.07056,0.076046154,0.00134,0.0019299999,0.0026576924,0.2315,0.25592,0.23933655,0.11901999,0.17142,0.14351922,0.34717,0.15729,0.24010962,0.4386215,0.119045466,0.2723434
705,8,4387732.413944964,507226.31241277535,0.0304,0.043766666,0.033187877,0.038733333,0.05841667,0.043736365,0.07601667,0.08966667,0.07846061,0.06288333,0.111083336,0.07953333,0.37556666,0.2671,0.3364818,0.24968332,0.2953,0.2552485,0.12633334,0.19191666,0.14246364,0.00135,0.002,0.0018333334,0.5120964,0.2543142,0.42057562,0.2577822,0.0256625,0.0358,0.030191666,0.031125,0.046657145,0.037302777,0.068875,0.07624286,0.071088895,0.0507875,0.10191429,0.07036111,0.108625,0.1425,0.122608334,0.2867375,0.20225714,0.254925,0.35335,0.23025715,0.30516112,0.352575,0.23902856,0.31136942,0.0618625,0.12058572,0.10679722,0.0018875,0.0023571427,0.0018777779,0.2258125,0.28541428,0.24796389,0.1061375,0.17937142,0.13349167,0.3919375,0.26828572,0.3448722,0.51168984,0.2310464,0.4070437
706,8,4255526.515225484,597012.8870989254,0.0297625,0.0443875,0.0370125,0.03305,0.0520125,0.043695003,0.0619,0.071925,0.071185,0.0493125,0.0965,0.077755,0.3595,0.233375,0.2990225,0.2271125,0.3087875,0.2753275,0.1049,0.1990875,0.161905,0.00135,0.00165,0.001555,0.52472764,0.23357908,0.3723451,0.29114854,0.0271,0.04008,0.034107406,0.03194,0.04856,0.047207408,0.062740006,0.068440005,0.076577775,0.04816,0.09506,0.08805926,0.102759995,0.122619994,0.12945186,0.25594,0.1617,0.21757036,0.3098,0.18744001,0.25482592,0.31208,0.20338,0.2681926,0.069340006,0.0677,0.08237778,0.00102,0.00158,0.0015037037,0.23928,0.29332,0.29174075,0.11306,0.18574001,0.17592221,0.34783998,0.22523999,0.2940148,0.46215358,0.18916903,0.30437493
707,8,4246724.363481333,515747.44783709774,0.024166668,0.03835,0.029,0.0265,0.0467,0.03490625,0.05956667,0.0662,0.06149375,0.033833336,0.0863,0.06084375,0.44633335,0.1919,0.29829374,0.19593334,0.2617,0.23275,0.0791,0.16895,0.12578125,0.0009,0.0022,0.00149375,0.675108,0.18870352,0.41100687,0.48640448,0.015183332,0.032945454,0.023256896,0.020833332,0.04760909,0.03283103,0.05743333,0.06682727,0.059065513,0.030833334,0.09037273,0.061008617,0.093716666,0.11027273,0.10273966,0.30988333,0.14206363,0.20753103,0.38553333,0.16101818,0.24596897,0.38894168,0.1819091,0.26223275,0.05984167,0.066,0.077739656,0.0010333332,0.0015818182,0.0017155173,0.19944166,0.26529092,0.2353,0.081258334,0.17090909,0.12947586,0.42714164,0.19441818,0.28326553,0.6119662,0.1635976,0.3571214
708,8,4194199.9582092627,626039.5858088979,0.0165,0.0302,0.021260714,0.020583333,0.0381,0.027457144,0.049583334,0.05485,0.049535714,0.032233335,0.0746375,0.052275,0.39163333,0.18235,0.26593214,0.20045,0.25085,0.21920356,0.087683335,0.162625,0.119517855,0.0009333333,0.0027625,0.0016678572,0.6116434,0.19778568,0.38389096,0.4138577,0.00984,0.0216,0.016848,0.01788,0.035475,0.027128,0.05004,0.05645,0.054212,0.036,0.0846,0.062740006,0.08054,0.101275,0.09602,0.25742,0.135325,0.19275601,0.32448,0.15655,0.23291999,0.33976,0.1827,0.25493202,0.06346,0.053725,0.075744,0.00096000003,0.0014,0.001816,0.20538001,0.272375,0.247144,0.09292,0.173875,0.14027199,0.36808,0.1954,0.273528,0.53247887,0.17698124,0.34185508
709,8,4203928.694488612,562390.6245082938,0.023666667,0.0343,0.0315375,0.029533334,0.044125,0.03881875,0.06423333,0.065025,0.06598125,0.05216667,0.0799,0.068025,0.37523332,0.234325,0.2978625,0.23396668,0.271425,0.25475624,0.1117,0.174075,0.14396875,0.0008666667,0.003775,0.00193125,0.53828895,0.27071494,0.39325503,0.267574,0.025075,0.03724,0.031142307,0.032575,0.04476,0.039992306,0.0659,0.064940006,0.06665385,0.0492,0.08418,0.07016923,0.10645,0.11191999,0.112469226,0.2707,0.16555999,0.20663077,0.323775,0.19014001,0.24125385,0.349625,0.21718,0.26756537,0.073175,0.0625,0.082784615,0.00355,0.00236,0.0028115385,0.22915,0.26732,0.25348845,0.111,0.16358,0.14298846,0.365475,0.23084,0.2804423,0.5117258,0.23428495,0.34366304
710,8,4319198.676273613,514806.586431458,0.020277778,0.0407,0.027610525,0.027333334,0.0537,0.035642106,0.06437778,0.078025,0.06618158,0.04512222,0.0999,0.06176842,0.41671112,0.222075,0.31425,0.19915555,0.248525,0.21613948,0.09026667,0.16355,0.117973685,0.0009777778,0.0032,0.0016394737,0.60916036,0.20894116,0.43159416,0.4002192,0.026641665,0.07791111,0.040755767,0.032291666,0.0944,0.049969234,0.06896667,0.121133335,0.08213077,0.051191665,0.14983334,0.084786534,0.108975,0.17548889,0.1286327,0.2927333,0.2143,0.24090768,0.36484167,0.23656668,0.2851077,0.36981666,0.26253334,0.30275387,0.063675,0.091811106,0.090901926,0.0017666667,0.002788889,0.0021115385,0.216175,0.23437779,0.24250385,0.1007,0.1548889,0.13940193,0.40635833,0.26613334,0.319575,0.533647,0.17369102,0.36177352
711,8,4377458.841344582,531941.2764270749,0.032442857,0.039,0.033928204,0.03692857,0.047142856,0.040151283,0.06991429,0.06627143,0.06662564,0.0527,0.08175714,0.06575385,0.3794,0.19025715,0.2831795,0.22045715,0.2306,0.22405899,0.10381428,0.16004285,0.12822308,0.0015857143,0.0028,0.001823077,0.5423739,0.19564012,0.37721604,0.34673378,0.0287,0.0348,0.031842306,0.02965,0.04009,0.034067307,0.05917,0.055379998,0.056925,0.04385,0.06788,0.054926924,0.0985,0.0976,0.09810769,0.25113,0.1336,0.18944807,0.30578998,0.15164,0.22284614,0.30888,0.14920999,0.22554038,0.052059997,0.06148,0.064440385,0.00194,0.00189,0.0018826923,0.1998,0.20797,0.20365962,0.09642,0.14194,0.11851538,0.33769,0.17504,0.2514423,0.46854228,0.1549589,0.31423652
712,8,4191049.9602213423,537677.5287106361,0.025366668,0.0419,0.03545,0.033366665,0.052425,0.04396875,0.071833335,0.073975,0.0727875,0.059666667,0.10125,0.082125,0.3809,0.194375,0.2788,0.2435,0.304775,0.27445,0.13083334,0.2096,0.1704625,0.0009,0.00335,0.00175625,0.52692294,0.16197059,0.3331442,0.36495236,0.034127273,0.04038182,0.03917966,0.034,0.045963634,0.04153729,0.07120909,0.06818182,0.0702661,0.0538,0.10049091,0.08130339,0.111754544,0.12285454,0.12161864,0.29942727,0.1492,0.21087119,0.36486363,0.16885453,0.24667795,0.37243634,0.18086363,0.25779662,0.06616364,0.089381814,0.094418645,0.0012090909,0.002809091,0.002394915,0.2516,0.31295455,0.28683728,0.12723637,0.20904545,0.1743949,0.4023818,0.20245454,0.2822932,0.5305102,0.14129809,0.3036861
713,8,4301144.380650221,402259.889292794,0.0239,0.041033335,0.03324737,0.0279,0.0489,0.039757896,0.0569,0.06935,0.06618421,0.0358,0.08646667,0.06692105,0.3874,0.21695,0.28068948,0.1871,0.25986668,0.23241052,0.0785,0.16533333,0.13047895,0.0012,0.0031333333,0.0018210525,0.5966117,0.22900331,0.37079102,0.36760837,0.02335,0.03751,0.03206207,0.02555,0.045220003,0.036748275,0.059875,0.06552,0.06331724,0.03495,0.08849,0.06817931,0.0943,0.11445,0.10881379,0.298125,0.15427,0.20108277,0.37205,0.17571,0.23774482,0.37975,0.19219,0.25089312,0.06575,0.0985,0.09835517,0.001275,0.00272,0.0024517241,0.2038,0.26488,0.24295174,0.0864,0.16703,0.13701034,0.41225,0.21108998,0.27509657,0.5889467,0.18457659,0.32292467
714,8,4385373.96932277,413723.00706179463,0.0223,0.037575,0.02946842,0.025233332,0.0469,0.03626316,0.05523333,0.069725,0.0638,0.033233333,0.083925,0.060594738,0.3712,0.196975,0.2711,0.17486666,0.24115,0.21140528,0.07236667,0.159375,0.118547365,0.0008666667,0.00145,0.0015368421,0.5823156,0.20210668,0.3715164,0.38020894,0.021775,0.033325,0.029469445,0.02535,0.04485,0.036497224,0.058925,0.0660875,0.06324167,0.0361625,0.083975,0.063830554,0.0930875,0.1079125,0.10228056,0.2773,0.1511125,0.19571666,0.34075,0.1701125,0.22994721,0.347025,0.1907625,0.2463,0.06265,0.073825,0.070725,0.0025375,0.002225,0.00205,0.1853625,0.24015,0.22128056,0.07785,0.1563125,0.12533334,0.378375,0.19685,0.26171944,0.5420199,0.19174623,0.32595626
715,8,4227526.493352175,545759.3097581606,0.0221,0.038733333,0.026214285,0.0238,0.046133336,0.03127857,0.060933333,0.0651,0.05932857,0.03,0.0853,0.05515714,0.47086665,0.2155,0.31542856,0.20686668,0.32186666,0.24926428,0.0837,0.22336668,0.13770714,0.0008333333,0.0045333332,0.0019142857,0.71436286,0.22918984,0.44942397,0.48517302,0.029225,0.07566,0.03523051,0.025033332,0.07357,0.036650848,0.059975,0.09253,0.06431017,0.030775,0.11518001,0.062667795,0.0958,0.14141,0.108896606,0.32589167,0.18035,0.22455254,0.40973336,0.20345,0.26788133,0.41315836,0.22268999,0.2841,0.0561,0.11317,0.088305086,0.0010916668,0.0037599998,0.0021644067,0.21499167,0.27787,0.24578644,0.09011667,0.18591,0.13758983,0.45176664,0.24216,0.30906948,0.64286923,0.17928824,0.38590413
716,8,4230917.923835786,581528.3732123849,0.026633335,0.029277777,0.027225,0.030333335,0.033866666,0.030883335,0.053066667,0.048233334,0.049719445,0.0474,0.056644447,0.049375,0.29343334,0.14836666,0.20856944,0.20015,0.16542222,0.1747139,0.10166667,0.112122215,0.104672216,0.001,0.002177778,0.001511111,0.43709937,0.1785433,0.29989848,0.25855607,0.024433333,0.09995,0.042892855,0.02865,0.11405,0.04942857,0.05141667,0.12686667,0.06906429,0.047116667,0.13611667,0.07116071,0.08138333,0.15656666,0.102817856,0.21056667,0.18285,0.17789286,0.26198334,0.19656666,0.207275,0.25886667,0.20168334,0.21179284,0.049866665,0.089433335,0.07397857,0.00095,0.00215,0.0018857144,0.20578332,0.16831666,0.20069642,0.104833335,0.11311666,0.11895714,0.29413334,0.2171,0.23357144,0.38585684,0.10724981,0.25429317
717,8,4290861.351552985,503838.1113705438,0.024733333,0.0446,0.032035,0.03251111,0.056214288,0.0405825,0.07447778,0.08734286,0.076097496,0.056144446,0.10112857,0.070735,0.449,0.30071428,0.3857125,0.23133333,0.2873,0.24984752,0.105733335,0.17987143,0.131825,0.0015555555,0.0028714284,0.0016725,0.6201363,0.3232842,0.50623953,0.2968521,0.026666665,0.0315,0.030196827,0.03502,0.0501625,0.041674603,0.07382666,0.0797125,0.07682222,0.056753334,0.095275,0.07302857,0.118526675,0.13415,0.12771904,0.3023,0.2056875,0.27234125,0.37720665,0.23385,0.32831588,0.38478002,0.254825,0.3449651,0.062533334,0.0983375,0.096392065,0.0029533333,0.0020125,0.0027603174,0.23563333,0.2714125,0.26014125,0.109873325,0.16855,0.13868889,0.42559332,0.270275,0.37263334,0.5391671,0.268877,0.4471953
718,8,4248206.943799925,557391.5178838997,0.0674,0.07023333,0.05801875,0.07933333,0.0851,0.07324375,0.118366666,0.11083334,0.1080875,0.12053334,0.1306,0.12075,0.32136667,0.22716667,0.25896874,0.27606666,0.28343332,0.26471874,0.17496666,0.21393332,0.18563125,0.0009666667,0.0045666667,0.0020625,0.31172776,0.15670232,0.22311068,0.15502544,0.042746667,0.04410909,0.042806666,0.084246665,0.08467273,0.085776664,0.124680005,0.114681825,0.12127333,0.12934667,0.13852727,0.13515666,0.1528,0.14491817,0.15027332,0.2613,0.1801091,0.22085832,0.30135334,0.20169091,0.24915166,0.31453332,0.224,0.26965,0.0446,0.06720909,0.069531664,0.0015866667,0.001690909,0.0018383333,0.28160667,0.26603636,0.27318168,0.17527333,0.19068183,0.18376167,0.33383334,0.22748181,0.27724335,0.28490862,0.13728659,0.21093343
719,8,4245630.164298863,528103.2132258071,0.033966664,0.051566668,0.03968421,0.040833335,0.06716667,0.05,0.07743333,0.0999,0.082042105,0.06736667,0.1324,0.09256316,0.3396,0.27133334,0.2981105,0.2657,0.3423,0.29586843,0.13943334,0.22713332,0.17533684,0.0008333333,0.005,0.0023,0.45333537,0.21857326,0.33801302,0.23476212,0.035925,0.04483,0.03917302,0.04234375,0.05813,0.047503173,0.0787375,0.08754,0.0784873,0.0682875,0.12192,0.08877302,0.12445,0.15522,0.13409841,0.26659375,0.20324,0.22530794,0.3167125,0.22945,0.26164284,0.31941876,0.24558,0.2728651,0.05540625,0.10172,0.08853492,0.001275,0.0018600001,0.001815873,0.283275,0.34146002,0.3019857,0.1452375,0.21673,0.17430158,0.35813126,0.26823,0.3011349,0.42326197,0.20098324,0.30972737
720,8,4202293.508171779,578911.0204863318,0.01802,0.029989999,0.023227027,0.022,0.03795,0.028829731,0.058259998,0.056640003,0.05427838,0.033579998,0.06925,0.048827026,0.4177,0.16746,0.27535677,0.18894,0.18616,0.1865,0.0825,0.12036999,0.100443244,0.001,0.00232,0.0016027027,0.6409298,0.18409863,0.40668395,0.4568312,0.02594,0.049866665,0.031571876,0.025,0.035283335,0.029953126,0.057059996,0.05223333,0.056971874,0.03342,0.06916667,0.051721875,0.08814,0.09623333,0.09622187,0.289,0.12783334,0.2118375,0.35661998,0.14568333,0.2511,0.36852,0.14885,0.26172814,0.0574,0.0656,0.07935,0.00102,0.00155,0.001846875,0.1856,0.19306666,0.198475,0.08148,0.1227,0.10770938,0.3924,0.1729,0.2830125,0.5782659,0.1515065,0.37883726
721,8,4214449.577401994,548762.1448558853,0.029833334,0.048475,0.03470625,0.035066664,0.0619,0.0438375,0.07136667,0.0937,0.0759625,0.05576667,0.12945,0.0865125,0.3904333,0.26515,0.31076875,0.2636333,0.348975,0.2956625,0.1292,0.22565,0.16825625,0.0009666667,0.004175,0.00259375,0.54889536,0.2152834,0.3692315,0.33361197,0.029230768,0.07495,0.038561016,0.03482308,0.09355,0.048935592,0.0686,0.12015,0.078088135,0.053146154,0.15967,0.08858475,0.1114,0.18967,0.13394916,0.28304616,0.22638999,0.23354238,0.34413844,0.2503,0.2727966,0.3482,0.26464,0.28425425,0.056361537,0.11055,0.09344068,0.0011692308,0.00263,0.0017983051,0.26564613,0.31564,0.29313222,0.12500769,0.20138,0.16292372,0.38788462,0.28931,0.31540167,0.49983683,0.15925317,0.32680047
722,8,4313036.380953388,459689.3826303864,0.0238,0.0121,0.01632381,0.026266666,0.01748,0.022128573,0.0583,0.032,0.044966664,0.031766664,0.027879998,0.039219048,0.31936666,0.02336,0.12335714,0.13333334,0.0172,0.05854762,0.0559,0.01418,0.03199524,0.0010666667,0.0016600001,0.0012142857,0.51518816,-0.01036438,0.1727706,0.5255525,0.021966668,0.02635,0.02372069,0.029033335,0.0205,0.02493793,0.06196667,0.039225,0.04911724,0.0403,0.037475,0.041955173,0.08416667,0.0446,0.06474828,0.21893333,0.0385125,0.11162414,0.2575333,0.0424,0.12845862,0.22056668,0.0293375,0.112417236,0.05275,0.0667,0.07053448,0.0013333333,0.002225,0.0019689656,0.13515,0.0678,0.0976,0.05888333,0.0416625,0.051427588,0.27285,0.0435125,0.13615862,0.3421174,-0.018175792,0.1452096
723,8,4213040.867154115,564653.236040377,0.036433335,0.049475,0.039111763,0.045133334,0.05715,0.047635294,0.096,0.080975,0.08374117,0.100266665,0.100825,0.09300588,0.314,0.198525,0.25635293,0.247,0.29535,0.2570412,0.1485,0.200175,0.16218235,0.0011333333,0.003775,0.0023764705,0.3437023,0.16955858,0.27600482,0.1741437,0.02022,0.03196,0.026779998,0.03702,0.04712,0.039896,0.076840006,0.06918,0.070984006,0.07538,0.0901,0.079744,0.118219994,0.11362,0.115564,0.24928,0.14362,0.186552,0.30196002,0.1631,0.21758401,0.29012,0.17048,0.217556,0.056479998,0.06866,0.077628,0.0014399999,0.0023,0.002564,0.2373,0.28472,0.24703601,0.13126,0.18315999,0.14984,0.32362,0.19408001,0.242196,0.3649479,0.14491029,0.24453107
724,8,4240185.624048326,550559.3940354794,0.024,0.04605,0.03207143,0.028233334,0.05655,0.042057145,0.06876667,0.078,0.07516429,0.0395,0.105,0.08197857,0.47216666,0.1881,0.30359286,0.20103334,0.29055,0.25065714,0.084,0.2054,0.14975,0.0009666667,0.00575,0.0026285716,0.6902934,0.14426081,0.36927313,0.54603255,0.021357143,0.034081817,0.028879687,0.027778571,0.048436366,0.041726563,0.07000714,0.06867273,0.071903124,0.03872143,0.09950909,0.08235625,0.10443572,0.11644546,0.11940469,0.32477143,0.13958183,0.2112953,0.39895,0.1562909,0.24739687,0.40212142,0.17332727,0.25886095,0.05768571,0.06882727,0.07617656,0.00145,0.0018454546,0.001859375,0.19718572,0.29182726,0.25875157,0.08321429,0.19595455,0.15534687,0.43976432,0.18685454,0.2829703,0.6076708,0.13068411,0.30295703
725,8,4381763.1050845655,467877.30895423156,0.0162,0.030933334,0.02455,0.023466667,0.0415,0.03305,0.056933332,0.06453333,0.06071875,0.035733335,0.0871,0.062325,0.3851,0.2081,0.285975,0.17753334,0.22886668,0.20013125,0.07473333,0.14226666,0.10676875,0.0014666667,0.0016333334,0.001625,0.5938136,0.21345809,0.3894835,0.3803555,0.019885715,0.03282222,0.029556412,0.021185715,0.027477777,0.025710257,0.05224286,0.045777775,0.049802564,0.032342855,0.06944445,0.05583077,0.08357143,0.09793333,0.09433333,0.26287144,0.13792221,0.18615128,0.3351,0.15853333,0.22376923,0.33134285,0.1598,0.22351538,0.0558,0.08668889,0.07641795,0.0024571428,0.0032222222,0.002176923,0.17814286,0.21464443,0.2037564,0.07705714,0.1325,0.112333335,0.3689857,0.18926667,0.256259,0.530531,0.17029366,0.30880934
726,8,4290322.541267123,582433.6071751543,0.027366666,0.04195,0.033373334,0.029333334,0.0495,0.03884,0.06096667,0.07275,0.06661334,0.0385,0.0881,0.06294667,0.40173334,0.21325,0.31619334,0.196,0.26855,0.23677334,0.086733334,0.169,0.1286,0.0027333335,0.0022,0.0018799999,0.6077659,0.21960916,0.43149433,0.38815677,0.027457144,0.116875,0.042968966,0.0365,0.193375,0.06285862,0.06754286,0.218475,0.09064483,0.058728572,0.241825,0.09323794,0.10342858,0.245975,0.12956552,0.24745715,0.28895,0.23418964,0.3003857,0.309725,0.2735,0.30691427,0.33,0.29012415,0.05698571,0.058475,0.073662065,0.0010571429,0.001475,0.0019448276,0.25138572,0.2397,0.25608966,0.12418572,0.156375,0.1421,0.3393,0.336575,0.30782413,0.42853796,0.11538936,0.3251318
727,8,4248346.377632367,544126.2237576802,0.0258,0.041233335,0.030082352,0.031666666,0.0523,0.037652943,0.06426667,0.0737,0.06490588,0.051233333,0.0938,0.0657,0.3532667,0.2262,0.28984708,0.20973332,0.2549,0.22870588,0.103,0.17223334,0.1308,0.0010666667,0.0042,0.0022588235,0.5114956,0.22806828,0.38712072,0.2834273,0.0281,0.03936154,0.033286154,0.03464,0.050146155,0.041141536,0.06970666,0.072969235,0.07011077,0.05674667,0.09359231,0.07212308,0.107253335,0.119676925,0.11287077,0.26231334,0.16656153,0.21588,0.3193333,0.19193077,0.25716615,0.32862,0.21394615,0.27471384,0.060413335,0.09052308,0.08857077,0.0011,0.0025,0.0019692308,0.22876668,0.2676846,0.24730922,0.11269333,0.1712077,0.14019077,0.36203334,0.22730769,0.29661998,0.4640072,0.2091557,0.34982294
728,8,4190403.815705099,549018.1068115401,0.023125,0.033275,0.026323529,0.025225,0.037625,0.030182352,0.0528,0.047475,0.05052353,0.031575,0.0604,0.047388237,0.39955,0.139825,0.26359412,0.184275,0.18515,0.1879294,0.076025,0.123325,0.100805886,0.0009,0.002625,0.0014764706,0.62354696,0.1545492,0.3924378,0.46899778,0.0206375,0.026672726,0.025351724,0.01625,0.024209091,0.022493104,0.0417625,0.033945456,0.040943105,0.0237,0.047372725,0.040420692,0.073625,0.0705,0.07857586,0.2539,0.09406363,0.16329311,0.3249,0.10762727,0.19692586,0.332,0.10821818,0.20118621,0.0510125,0.06218182,0.07642414,0.001625,0.001909091,0.0020758621,0.1750875,0.18454546,0.1894724,0.0727875,0.11877273,0.10427587,0.360375,0.13198182,0.22684826,0.55494356,0.12448813,0.30959412
729,8,4344323.32318046,521156.7249649384,0.029214285,0.045,0.034772974,0.0389,0.05566,0.04393243,0.07461429,0.07954,0.072618924,0.069714285,0.09718,0.07784324,0.28835714,0.19116,0.22684866,0.20355713,0.24898,0.21604055,0.11692858,0.19348,0.14583784,0.0011285715,0.0028600001,0.0016675676,0.37550172,0.16494755,0.26350766,0.21055417,0.030213334,0.14549,0.052696723,0.039753333,0.15761,0.063703276,0.07271334,0.17496,0.09133115,0.06764,0.19426,0.09878197,0.10723334,0.20952,0.12991476,0.22516668,0.23503001,0.20477213,0.27424,0.24823001,0.23643115,0.25920665,0.25226998,0.23249179,0.05786667,0.13376999,0.0935918,0.00142,0.0036799998,0.0020770493,0.21574,0.20696001,0.23095901,0.1223,0.1598,0.1538705,0.30207333,0.26696,0.2631623,0.33689922,0.08439073,0.22746441
730,8,4305998.485545424,588812.087837325,0.031866666,0.0547,0.0398,0.033533335,0.0655,0.04572857,0.0649,0.0996,0.07744286,0.040033333,0.1235,0.07401429,0.4798,0.2947,0.3766,0.21413332,0.3272,0.2616143,0.093,0.2174,0.14481428,0.001,0.0034,0.0015857143,0.69765246,0.26899633,0.4867119,0.42865613,0.03315,0.1703,0.053485185,0.036633335,0.2231,0.07061111,0.06691667,0.25133333,0.100611106,0.042466667,0.28453332,0.10151482,0.09901667,0.29333332,0.14317407,0.32315,0.31956667,0.27389628,0.42045,0.33723333,0.33163702,0.42548335,0.35813332,0.34958518,0.084533334,0.12453334,0.10124074,0.0011833333,0.0025,0.0021037038,0.21771668,0.2753,0.26878148,0.09466667,0.19056666,0.15161853,0.46595,0.36756667,0.37243333,0.6269082,0.090151295,0.38925925
731,8,4332789.127927697,422220.9321256868,0.013866668,0.03718,0.023475,0.0188,0.04538,0.030135,0.05876667,0.0654,0.059795,0.030766666,0.08148,0.054054998,0.47126666,0.21742,0.31768999,0.2093,0.27668,0.23176001,0.09036667,0.18516,0.13004,0.0012666667,0.00326,0.00187,0.7127339,0.2405214,0.45535263,0.47221252,0.023933332,0.0283,0.02903913,0.0236,0.038785715,0.034717392,0.064666666,0.05965714,0.06347391,0.033866666,0.07955714,0.06303043,0.09876667,0.10697142,0.10796957,0.31583333,0.15042858,0.21023914,0.40113333,0.17225714,0.24890435,0.40773332,0.19212858,0.26675218,0.050533336,0.07774286,0.079686955,0.0011333333,0.0019428572,0.0018086956,0.20826668,0.26485714,0.24195652,0.0885,0.17105713,0.13959566,0.43826666,0.20754285,0.28541303,0.62770873,0.20348173,0.35916457
732,8,4381900.651027148,512217.40321665717,0.022771427,0.039875,0.030678947,0.03107143,0.0530375,0.04055,0.06891429,0.0856,0.07396053,0.05405714,0.1034125,0.07453421,0.3358,0.2529375,0.29265264,0.20488572,0.2632625,0.22502105,0.10151429,0.1662875,0.12626842,0.0025714284,0.0028,0.002073684,0.48061362,0.24902113,0.37056282,0.23159249,0.025285715,0.036314286,0.030708823,0.029457144,0.047528572,0.037655883,0.06717143,0.07602857,0.07048236,0.04987143,0.09914286,0.07135589,0.10404286,0.13404286,0.11647646,0.25905716,0.19227143,0.22814411,0.3203143,0.2214,0.27342057,0.3329143,0.2401,0.29148236,0.050242856,0.09984286,0.089794114,0.0016,0.0029,0.0019558822,0.20484285,0.2635,0.23194411,0.09698571,0.16512857,0.12787059,0.35737145,0.25727144,0.31082353,0.48712954,0.23841856,0.37622374
733,8,4226390.953175492,704869.5742669533,0.00935,0.031220002,0.02118125,0.01485,0.03858,0.0272125,0.046,0.053359997,0.0471125,0.03345,0.058040004,0.04279375,0.3446,0.17858,0.25011876,0.1721,0.18261999,0.172875,0.07555,0.118080005,0.09475,0.00095,0.0013,0.001275,0.5459231,0.2286634,0.3831338,0.31725973,0.023733333,0.0253625,0.025253847,0.01875,0.0253375,0.022688461,0.046616666,0.04345,0.04672308,0.029658334,0.057125,0.043171156,0.07275,0.08375,0.08106923,0.24705833,0.1328375,0.18658653,0.31598333,0.1562625,0.22715962,0.32725832,0.1695375,0.24044614,0.05288333,0.080175,0.07238653,0.0010083333,0.0021,0.0016096153,0.185525,0.198575,0.1914173,0.0817,0.1281,0.10466923,0.35215834,0.188,0.26019615,0.532022,0.21507974,0.36693943
734,8,4311510.9378824085,563905.2749221694,0.0272,0.0359,0.032833334,0.02985,0.0401,0.038533334,0.0596,0.0565,0.06353333,0.0404,0.0756,0.06565333,0.44025,0.2131,0.30897334,0.20995,0.2397,0.24222,0.08755,0.1478,0.1291,0.00095,0.003,0.00174,0.6502853,0.24649704,0.41478547,0.40378827,0.02651875,0.08769167,0.040967744,0.0263125,0.08894167,0.04234355,0.054325,0.10474166,0.06515968,0.03535625,0.12876666,0.0654242,0.08949375,0.1644,0.11139032,0.297425,0.19683334,0.23185,0.3792375,0.21641667,0.27973872,0.3865375,0.21695833,0.28582257,0.0657375,0.11463334,0.093898386,0.00185,0.00455,0.0023693547,0.2133875,0.23978333,0.23261453,0.0895875,0.15106666,0.12063549,0.421825,0.24876668,0.31897902,0.5966818,0.14448193,0.38188276
735,8,4279023.243362808,585586.2056765632,0.026733335,0.03915,0.02996154,0.036766667,0.0502,0.039984617,0.071266666,0.07,0.067384616,0.0615,0.0845,0.06863847,0.35786667,0.19805,0.27650768,0.2332,0.2463,0.23116924,0.11926666,0.1692,0.13596153,0.0009666667,0.00175,0.0014461539,0.4921508,0.20264482,0.3605735,0.289506,0.027816666,0.07536667,0.038735483,0.030816665,0.1308,0.05829677,0.06295,0.15163334,0.08560323,0.051483333,0.17831667,0.09138387,0.10735,0.18508334,0.12907742,0.26555,0.22481668,0.22497742,0.32316667,0.24396667,0.26239356,0.3281167,0.26601666,0.27490646,0.057016667,0.071266666,0.06915161,0.0012666667,0.00205,0.0018774193,0.23426667,0.2425,0.24772903,0.11733334,0.16201666,0.14509355,0.3604667,0.27526668,0.29706776,0.47640318,0.12942918,0.30705255
736,8,4259808.391133824,544373.3788242114,0.029325,0.035766665,0.030205553,0.0345,0.045333333,0.03742222,0.068425,0.06623333,0.06481111,0.053725,0.08406667,0.063544445,0.414925,0.19423334,0.30579445,0.21855,0.2179,0.21457778,0.10515,0.14716667,0.121977784,0.001175,0.0022333334,0.0016,0.58489573,0.19729084,0.4152949,0.3876049,0.027972726,0.036509093,0.03361579,0.03509091,0.042936366,0.0379807,0.07113636,0.06401818,0.06681579,0.056854546,0.08334545,0.066419296,0.10866363,0.10594546,0.107547365,0.28426364,0.1464091,0.22092807,0.35180908,0.16820909,0.26673332,0.35934547,0.1846,0.28180876,0.06413636,0.07286364,0.08809649,0.0013818182,0.0018454546,0.0018333334,0.2225,0.2223,0.22628072,0.10903636,0.1448,0.12889123,0.39485455,0.19799091,0.3031158,0.5055683,0.1828189,0.3736248
737,8,4249744.091847986,572225.71231169,0.02835,0.0425,0.0312625,0.031725,0.05085,0.03665,0.06445,0.07475,0.06579375,0.0457,0.09265,0.0606875,0.42075,0.25425,0.339225,0.233075,0.3226,0.25658125,0.104575,0.21335,0.13989376,0.001,0.0019,0.0020375,0.6126546,0.27359965,0.4689578,0.33905497,0.0293,0.04078,0.03197037,0.035216667,0.05348,0.040922225,0.067266665,0.07486,0.06792593,0.045466665,0.092640005,0.06468519,0.10351666,0.1226,0.11218518,0.29811668,0.177,0.23533703,0.37151667,0.20436,0.28384814,0.38581666,0.22116001,0.29982594,0.06846667,0.07214,0.08495185,0.0010666667,0.0015199999,0.0016592592,0.24798332,0.31193998,0.2715111,0.11208334,0.203,0.14925556,0.41705,0.2426,0.32470372,0.56917125,0.22258464,0.40400237
738,8,4239819.062264618,596599.9029378435,0.02707143,0.033889998,0.028397437,0.029342856,0.04119,0.034071796,0.05578571,0.06206,0.05843333,0.039657146,0.07599,0.059020516,0.36477143,0.21951,0.27590257,0.19792858,0.249,0.22633588,0.09441429,0.16404,0.13046153,0.0010285714,0.00238,0.0019282051,0.55672216,0.2559409,0.38249403,0.30078125,0.028220002,0.0373,0.033962965,0.02486,0.0382,0.03215185,0.054059997,0.05658,0.05666667,0.037720002,0.074379995,0.058603704,0.0884,0.101959996,0.100074075,0.25254,0.15222,0.19486296,0.31688002,0.17525999,0.23216668,0.3243,0.18564,0.24381854,0.064959995,0.069340006,0.080603704,0.00246,0.0018399999,0.0022851853,0.20446,0.24928,0.23054814,0.10012,0.1583,0.13325186,0.35114,0.20921999,0.26712963,0.5063866,0.20389959,0.3344514
739,8,4260284.484585983,562778.2663446692,0.0357,0.0326,0.03262143,0.0412,0.0386,0.039485715,0.06733333,0.05735,0.06207857,0.06526667,0.0746,0.06903571,0.27956668,0.18625,0.23738572,0.26286668,0.24055,0.24968572,0.15303333,0.15395,0.15372857,0.0008333333,0.00225,0.0013857143,0.3730313,0.20444374,0.29996693,0.16858755,0.028741665,0.02971,0.027953448,0.04065,0.0436,0.04023793,0.06984167,0.06125,0.06366207,0.0685,0.08468,0.07382069,0.105283335,0.10256,0.10442759,0.21376668,0.13463001,0.17620344,0.2562917,0.15267,0.20654312,0.26301667,0.17309,0.22226036,0.047433335,0.06506,0.06585172,0.0013666668,0.00163,0.0018103449,0.261475,0.24808998,0.25265172,0.15125833,0.16301,0.15386897,0.29448333,0.18395,0.24256206,0.34067956,0.16059104,0.2651788
740,8,4194033.819298192,523776.5170700245,0.026133334,0.03986,0.035078947,0.035733335,0.055759996,0.04686842,0.0768,0.086559996,0.080636844,0.06646667,0.11046,0.09040526,0.3744,0.24744,0.3042895,0.25276667,0.30836,0.2818158,0.13273333,0.21186002,0.17381579,0.0008333333,0.00322,0.002168421,0.5018732,0.22640665,0.35149142,0.27546656,0.027879998,0.040954545,0.03407255,0.0394,0.05039091,0.0454,0.07938,0.07721818,0.07813137,0.07098,0.1030091,0.090352945,0.12374,0.13417272,0.13194509,0.26988,0.18394546,0.22579804,0.32722,0.20785454,0.26313138,0.33043998,0.21750908,0.27147058,0.056479998,0.10115454,0.110347055,0.001,0.002109091,0.0023509804,0.26456,0.3159818,0.29243726,0.13764,0.21306364,0.17844509,0.36848,0.24171819,0.29960588,0.43220508,0.19542834,0.30423212
741,8,4191928.427242747,628420.8573980964,0.024016667,0.034966666,0.0279,0.026716666,0.045216665,0.03388,0.05268333,0.06841667,0.056856,0.035966665,0.09285,0.060936,0.38536668,0.23838332,0.287108,0.19968334,0.29946667,0.243208,0.08891667,0.18471666,0.13294001,0.0012333333,0.0018,0.001504,0.59353673,0.24899226,0.39448026,0.34454447,0.026566666,0.034833334,0.031682756,0.022966668,0.036183335,0.032148276,0.04905,0.05448333,0.05664138,0.032216664,0.079,0.06375517,0.08125,0.105516665,0.10464483,0.25961667,0.14346667,0.20564483,0.32888332,0.1665,0.2476,0.32666668,0.17223334,0.25265172,0.07153333,0.07701667,0.095658615,0.001,0.00165,0.0028068966,0.20123334,0.26625,0.2584138,0.088816665,0.16358334,0.14258276,0.37175,0.20311666,0.2890931,0.5243106,0.1711541,0.33595604
742,8,4371307.146441534,563998.4445131829,0.02348,0.02975,0.030214285,0.0312,0.04035,0.039290477,0.06368,0.0631,0.06768095,0.05346,0.07845,0.07131429,0.32546002,0.18145,0.26772857,0.2049,0.21325,0.22935715,0.100159995,0.13225,0.1290381,0.0025,0.00185,0.0017666667,0.46775135,0.18799324,0.34126177,0.2797581,0.025816666,0.10027273,0.04525636,0.0325,0.10003637,0.05178182,0.06474167,0.11931818,0.07877818,0.05671667,0.14336364,0.088132724,0.10469166,0.17072727,0.12603636,0.23300833,0.20197272,0.20683636,0.27930832,0.22192727,0.24159819,0.28869167,0.22550908,0.25251818,0.05335833,0.09756363,0.077225454,0.0015916667,0.0027,0.002049091,0.21505833,0.25142726,0.24516365,0.1055,0.16085455,0.13944182,0.31565,0.2503818,0.27620545,0.4070275,0.13083969,0.2807058
743,8,4266912.297978546,616495.9961709921,0.017675,0.0811,0.032672502,0.0224625,0.09075555,0.039125,0.0417625,0.10482222,0.0549025,0.0302625,0.09808889,0.047155,0.137725,0.08957778,0.0847525,0.0810875,0.055422224,0.06677,0.043125,0.046733335,0.04462,0.001125,0.0026,0.0017275,0.22196484,-0.016058808,0.07846384,0.23802364,0.02225,0.14918001,0.048632145,0.02855,0.08478,0.03624643,0.044225,0.0972,0.050378572,0.037,0.0924,0.044085715,0.053,0.110759996,0.05788929,0.107475,0.1093,0.074525,0.12275,0.1105,0.08237143,0.099625,0.094459996,0.067860715,0.0338,0.07162,0.044357143,0.00105,0.0018799999,0.0016071429,0.09565,0.055559997,0.08355357,0.0488,0.04308,0.052039288,0.1306,0.124340005,0.09027857,0.13173947,0.0039127124,0.05064258
744,8,4226538.63692652,583841.7985030959,0.024183333,0.028529998,0.024097297,0.02595,0.035979997,0.028878378,0.05245,0.052479997,0.048627026,0.0342,0.06883,0.04905135,0.36556667,0.14847,0.22736487,0.18328334,0.19386,0.18410811,0.08015,0.12904,0.10289459,0.00085,0.0020299999,0.0014459459,0.5722506,0.15156105,0.33141604,0.42068955,0.022866666,0.03142,0.027586207,0.0232,0.029860001,0.02722414,0.05256667,0.04592,0.050679307,0.036216665,0.06482,0.051368963,0.08651667,0.08854,0.0902,0.25896668,0.1163,0.1899069,0.32211667,0.13274,0.2270862,0.32225,0.1282,0.22574139,0.06621667,0.057120003,0.0814862,0.0026166665,0.00146,0.002310345,0.2034,0.22008,0.21734138,0.09185,0.14134,0.12026551,0.36068332,0.16048001,0.26024827,0.50745004,0.12342573,0.32314482
745,8,4237200.310841538,689333.8078274177,0.0172,0.02695,0.020936362,0.0215,0.032616667,0.025004545,0.0461,0.043716665,0.042745456,0.0278,0.05665,0.041554544,0.38143334,0.14828333,0.23864092,0.17176667,0.20971668,0.18550454,0.0658,0.13435,0.098809086,0.0017666667,0.0012333333,0.0013272727,0.61049014,0.17838,0.36814582,0.43211013,0.02119091,0.093140006,0.03445294,0.020036364,0.061079998,0.029832352,0.04630909,0.07526,0.051267646,0.027409092,0.09578,0.05055,0.073309086,0.12278,0.08655588,0.2617818,0.15366,0.1912294,0.33585453,0.17084,0.23371765,0.34177274,0.17938,0.2440853,0.0644,0.08342,0.07084117,0.0009636364,0.0024,0.0019382352,0.17757273,0.19644,0.19588529,0.07032727,0.13032,0.10380883,0.3752,0.20054,0.2686941,0.55835074,0.14830562,0.35435504
746,8,4198607.237332337,623787.6940908144,0.024890909,0.032463636,0.026679544,0.029772727,0.043627273,0.034227274,0.06151818,0.07056364,0.062404547,0.046663634,0.092818186,0.06457045,0.38327274,0.22466365,0.29729545,0.22026365,0.26967272,0.23739547,0.101654544,0.16858183,0.12888409,0.0010272727,0.0023363635,0.00165,0.5627915,0.2277238,0.40062433,0.33506772,0.023636363,0.0292,0.027446875,0.024745455,0.03686,0.03151875,0.054909088,0.059779998,0.05899375,0.036336366,0.08674,0.059303124,0.0872,0.114180006,0.10178125,0.2704909,0.15254,0.21738125,0.33737272,0.17654,0.26290625,0.33676365,0.18404,0.26836875,0.065418184,0.06814,0.08260938,0.0010363637,0.00146,0.0024,0.21079092,0.27651998,0.2438125,0.08995455,0.16746,0.127225,0.3804091,0.21196,0.30234376,0.5274463,0.17472145,0.37050077
747,8,4232175.372169545,577327.0541014663,0.028225,0.04362,0.036563158,0.0356,0.055579998,0.046089474,0.072475,0.08224,0.07684211,0.065425,0.10158,0.083905265,0.3355,0.23818001,0.2805,0.24625,0.30198002,0.27544737,0.1291,0.20563999,0.1698,0.00095,0.00378,0.0020842105,0.45238087,0.23043624,0.33166605,0.22194463,0.030225,0.03672,0.034230303,0.041075,0.05018,0.04610606,0.0753375,0.0754,0.07653333,0.0747875,0.09442,0.08366667,0.12105,0.123959996,0.12498182,0.2362375,0.17862,0.21591516,0.2845125,0.20533998,0.25424242,0.293275,0.21691999,0.2643606,0.0585875,0.07886,0.08583333,0.001275,0.0015199999,0.0020454547,0.2782375,0.301,0.2908394,0.15255,0.19392,0.17281514,0.3266625,0.23916002,0.2908394,0.37087977,0.21215382,0.30831763
748,8,4274205.4208112825,601368.1386186711,0.0210625,0.0336,0.025843589,0.0259625,0.04121111,0.03174872,0.0564875,0.06231111,0.05723333,0.0417,0.077077776,0.055030767,0.353025,0.2018111,0.26844615,0.1913625,0.22034444,0.20069487,0.087075,0.14018889,0.11114615,0.0011375,0.0016222221,0.0015076924,0.5356203,0.22485854,0.38095742,0.31076175,0.02295,0.035625,0.027751725,0.0286,0.0412,0.032993104,0.06041667,0.062325,0.061810344,0.047383334,0.0796,0.05775862,0.09756667,0.104725,0.10294138,0.25578332,0.151625,0.21767241,0.31555,0.17525,0.2608793,0.31973332,0.188375,0.27445862,0.0605,0.04275,0.0761,0.0010166666,0.001225,0.0016413793,0.21073332,0.232425,0.21844138,0.09831667,0.1435,0.1174069,0.35638332,0.206875,0.29646552,0.47498927,0.19713971,0.38338262
749,8,4215071.079319128,652256.5695799257,0.02166,0.03665,0.028508695,0.027660001,0.0503,0.036865216,0.06706,0.08523333,0.07158261,0.04826,0.10396666,0.06829566,0.4041,0.27736667,0.34260434,0.22046001,0.27415,0.24379565,0.1018,0.17586666,0.13352174,0.0012,0.0016833334,0.0016217392,0.58529246,0.28391108,0.45520434,0.30138138,0.021483332,0.09865,0.039479997,0.02605,0.12715,0.05029,0.06528333,0.16256666,0.086846665,0.041883335,0.19151667,0.08592,0.10323334,0.22613333,0.13677667,0.31561667,0.28915,0.27674332,0.39076668,0.31645,0.32780665,0.39661667,0.32861668,0.34330666,0.07383333,0.117416665,0.096263334,0.0010666667,0.00295,0.0020733334,0.21923332,0.27541667,0.25883666,0.09735,0.1837,0.14318334,0.43458334,0.34663332,0.3667,0.592353,0.19166712,0.41526982
750,8,4192828.414896049,542642.9121125558,0.0237,0.038625,0.027517648,0.026933335,0.0498,0.034058824,0.0603,0.0736,0.061464705,0.0407,0.10125,0.062223528,0.42013335,0.217175,0.3146941,0.20033334,0.272075,0.22244707,0.08566667,0.1734,0.1164,0.0009,0.003675,0.0017647059,0.6249671,0.19847792,0.43112248,0.42648917,0.024222223,0.037690908,0.030008622,0.027277777,0.045436364,0.035094827,0.060355555,0.06679091,0.061948277,0.038977776,0.095709085,0.06467241,0.09761111,0.12185454,0.1105362,0.3013111,0.15717272,0.22491379,0.3777222,0.17824546,0.26955518,0.38662222,0.18953636,0.28216723,0.06835555,0.0789,0.09811724,0.0022444446,0.002090909,0.0020448277,0.2079111,0.2807818,0.24232586,0.0875,0.1737,0.12770861,0.42317778,0.21108182,0.3095724,0.58717024,0.16527754,0.37828317
751,8,4370234.200757966,572898.7337329101,0.024980001,0.028133335,0.025266668,0.0299,0.038166665,0.03201905,0.06068,0.059833333,0.05891429,0.04262,0.0715,0.05366667,0.38476002,0.18603334,0.29463333,0.18978001,0.1864,0.1908381,0.08526,0.1198,0.10084762,0.00314,0.0036333331,0.0022761906,0.5752,0.21090622,0.4232138,0.3642938,0.02735,0.14799231,0.05761607,0.024869999,0.094,0.042794645,0.056209996,0.11116923,0.068725,0.03599,0.12665385,0.06733393,0.09056,0.16447693,0.11381428,0.27541998,0.20393847,0.22516072,0.34941998,0.22098462,0.26799822,0.34123,0.21258461,0.26719284,0.0599,0.113769226,0.09439464,0.0011,0.0022538463,0.0017857143,0.19445,0.20006922,0.20943928,0.085190006,0.13130769,0.11448928,0.39062,0.24952307,0.30493215,0.53453124,0.14165466,0.34969854
752,8,4203237.929197921,525920.9795017841,0.032425,0.0493,0.035875,0.03825,0.058679998,0.043975,0.063575,0.07978,0.06787,0.053575,0.10702,0.076815,0.332075,0.20796001,0.257365,0.19785,0.27824,0.230205,0.1043,0.19414,0.14370501,0.0027,0.0029,0.00206,0.4766697,0.17227516,0.31308067,0.30439454,0.02794,0.044784617,0.0356625,0.03027,0.04566923,0.036773216,0.05958,0.06354616,0.05993393,0.04801,0.09644616,0.07187321,0.09348,0.123,0.1095875,0.25068998,0.14878462,0.18800892,0.31222,0.16936153,0.22263572,0.31178,0.18308462,0.23178035,0.04835,0.07826154,0.079067856,0.00116,0.002146154,0.0019321429,0.21798001,0.2869,0.24746428,0.111030005,0.19510768,0.1526625,0.34735,0.20633076,0.25882855,0.46210453,0.1531196,0.28467894
753,8,4214080.569188655,595772.9038449675,0.0318,0.04436,0.03759429,0.0427,0.057070002,0.048485715,0.0908,0.09362,0.08659143,0.09388,0.12114,0.10110286,0.3587,0.22067,0.28245714,0.28678,0.30336002,0.28700286,0.16434,0.21318,0.18278572,0.00102,0.00234,0.0017114286,0.4179577,0.16463147,0.29728183,0.25332624,0.032557145,0.09042,0.043875,0.034,0.07516,0.044260714,0.07241429,0.104380004,0.07823929,0.0689,0.13802,0.08884286,0.12652858,0.17038001,0.13523214,0.26757145,0.20034,0.23151071,0.32102856,0.22158,0.27098572,0.32332855,0.2154,0.27096784,0.05374286,0.10086,0.08614286,0.0011571428,0.00238,0.0024035715,0.2832,0.28282,0.28373572,0.15725714,0.1966,0.17311786,0.35727143,0.24726,0.30318928,0.42726964,0.12507693,0.30677488
754,8,4370548.767248795,445405.79740305187,0.020625,0.032325,0.02535,0.023525,0.038225,0.029872224,0.05895,0.05135,0.05533333,0.029775,0.066975,0.049177777,0.485425,0.15295,0.3092111,0.196325,0.21905,0.21336667,0.0783,0.1423,0.111222215,0.001275,0.001625,0.0013444445,0.7316693,0.16361357,0.4554836,0.56805575,0.020942857,0.0378875,0.029045947,0.020142857,0.0349625,0.027651353,0.054457143,0.049025,0.051908106,0.027242856,0.06915,0.04936216,0.090485714,0.0960375,0.095486484,0.32302856,0.1213125,0.20667027,0.4161,0.1394375,0.25020272,0.4263857,0.144975,0.25965944,0.0443,0.0735375,0.070927024,0.0027285714,0.0019375,0.0020405406,0.19278572,0.248575,0.2248054,0.0767,0.1605,0.1217081,0.4572857,0.1692,0.28501353,0.6689088,0.144601,0.38149068
755,8,4216248.348732239,547274.8776861951,0.029133335,0.042875,0.034529414,0.035066664,0.056975,0.04468235,0.07006667,0.08545,0.07572353,0.0581,0.115375,0.08624117,0.36516666,0.2467,0.2849,0.2584,0.32785,0.2913,0.12766667,0.2104,0.17017059,0.0009666667,0.003875,0.0020647058,0.5102109,0.21548472,0.33290043,0.29472613,0.029142857,0.0345,0.031537257,0.031757142,0.0468,0.04064902,0.06717143,0.075511105,0.07206667,0.057585713,0.11,0.08320196,0.11464286,0.14366667,0.12970589,0.2691143,0.18862222,0.21877845,0.32442856,0.21196668,0.2525941,0.33042857,0.22434443,0.26475686,0.052457143,0.09617778,0.09847058,0.0010571429,0.0021444445,0.002009804,0.27214286,0.33191112,0.30067256,0.13505714,0.20861112,0.17244117,0.36732855,0.2514111,0.29212943,0.46444994,0.19206648,0.3099388
756,8,4323031.808726074,552551.0820737749,0.02855,0.0426,0.031775,0.0329,0.05335,0.037815,0.06465,0.07785,0.066815004,0.0453,0.0975,0.060915,0.396475,0.26325,0.33991,0.2074,0.2952,0.23306,0.092725,0.18995,0.12313001,0.001125,0.00225,0.001335,0.58327156,0.2767574,0.469339,0.30651417,0.023292309,0.06854167,0.03732742,0.027592307,0.073925,0.042732257,0.060153846,0.09615833,0.07060161,0.038238462,0.12156666,0.0695129,0.09257692,0.15169166,0.11440968,0.28754613,0.1939,0.23669194,0.36263075,0.22025,0.2850742,0.36506924,0.23604168,0.29768708,0.058584612,0.101025,0.09211129,0.0014615385,0.002125,0.001932258,0.20236923,0.2932,0.24358709,0.08613077,0.1863,0.13079838,0.4029923,0.25944167,0.3250774,0.56085503,0.18731983,0.38950387
757,8,4370657.69556736,556042.7756241122,0.026779998,0.0466,0.03731818,0.030539999,0.061666667,0.046704546,0.05616,0.08596667,0.07402727,0.04526,0.10993334,0.082804546,0.39998,0.18553334,0.27711818,0.20222,0.24946667,0.24079546,0.09528,0.18196666,0.15173636,0.0017200001,0.0018333334,0.0015681818,0.5878282,0.1304012,0.32915565,0.45742702,0.023735715,0.1228,0.04994,0.0274,0.15854166,0.063426666,0.05480714,0.183975,0.0919,0.045714285,0.21526667,0.09991667,0.08491429,0.23510833,0.137425,0.25084284,0.25688332,0.22969835,0.34004286,0.27218333,0.27272165,0.3483643,0.280725,0.28371334,0.05892857,0.113191664,0.086891666,0.0020785716,0.002375,0.0019616666,0.21121429,0.25221667,0.24563332,0.10086429,0.184375,0.152385,0.38124284,0.29574168,0.30468333,0.5189192,0.09104762,0.30160004
758,8,4251063.31711689,647319.8769247918,0.022880001,0.033933334,0.027004544,0.027520001,0.0433,0.0336,0.06204,0.06128333,0.05965,0.03996,0.084133334,0.06025909,0.3983,0.18573333,0.27931365,0.21198,0.25105,0.2273,0.095359996,0.15631667,0.12277727,0.00091999996,0.0015166667,0.0013909091,0.59954995,0.18304284,0.38459355,0.41650712,0.0250625,0.05733333,0.030031033,0.0280875,0.0553,0.034127586,0.0640125,0.07853333,0.06330345,0.0410375,0.111033335,0.06562414,0.1028375,0.13613334,0.10950344,0.2981,0.16043334,0.21574827,0.367375,0.18093334,0.25691378,0.3743125,0.19053334,0.27130345,0.0630125,0.0578,0.07689655,0.0009875,0.0021,0.0018,0.2190375,0.27403334,0.23800345,0.0985,0.17203334,0.12859656,0.4043375,0.21763332,0.29374826,0.5657157,0.1364092,0.35988083
759,8,4248269.612554004,619747.0580679423,0.021057142,0.04084,0.025763415,0.026057145,0.04936,0.033109758,0.053271428,0.06905,0.058160976,0.042014286,0.08461,0.05930244,0.23951428,0.15355,0.1938317,0.13684286,0.18995,0.15669756,0.0646,0.13029,0.091170736,0.0014428572,0.00201,0.0018756097,0.3683743,0.12704423,0.2517092,0.24133006,0.0201,0.11115,0.036342308,0.024357142,0.0766,0.035584617,0.05161429,0.097925,0.0603,0.040157143,0.1109,0.0603,0.07711429,0.153325,0.094603844,0.18204285,0.16635,0.15441923,0.22798572,0.174975,0.18251154,0.20967144,0.155775,0.16915768,0.05387143,0.0972,0.070961535,0.0011142858,0.002225,0.0018038462,0.14521429,0.15315,0.15847307,0.06622857,0.1034,0.08739231,0.24645716,0.195,0.20333461,0.3244793,0.07889776,0.20713054
760,8,4243109.71358557,564711.0606839473,0.0269,0.0436,0.034175,0.032566667,0.0519,0.04183125,0.0724,0.07693333,0.07264375,0.0493,0.0934,0.07238125,0.4374,0.25086668,0.31849375,0.2286,0.30563334,0.2641625,0.1015,0.19846666,0.15220626,0.0014,0.0014333333,0.00190625,0.6236662,0.26688784,0.4123292,0.35677838,0.017014286,0.037958335,0.02671129,0.029142857,0.054475,0.041124195,0.06896429,0.081475,0.07394355,0.04805,0.10610834,0.07601129,0.108478576,0.13730834,0.12245807,0.29671428,0.18839166,0.23743226,0.36362857,0.21421668,0.28095162,0.37687144,0.234025,0.29854032,0.059585713,0.08821667,0.08519032,0.00135,0.00195,0.001732258,0.23511428,0.327525,0.28108224,0.10761428,0.216275,0.16125646,0.4087143,0.25371668,0.32145482,0.55090356,0.21481487,0.37564808
761,8,4211598.58528451,509193.7836547933,0.0252,0.02946,0.02829,0.028166665,0.0368,0.033970002,0.0539,0.05396,0.054640003,0.040666666,0.07628,0.0627,0.3457,0.1756,0.241005,0.2042,0.23048,0.22136499,0.0948,0.14911999,0.128,0.0009333333,0.00272,0.001665,0.5283609,0.18275198,0.32035023,0.34560892,0.029136365,0.03286,0.0315,0.030909091,0.03958,0.03668413,0.05859091,0.05795333,0.060015876,0.049036365,0.08846667,0.07343016,0.091545455,0.104506664,0.1026,0.23643635,0.12996666,0.17646825,0.2939,0.149,0.20960793,0.30220908,0.17039333,0.22722697,0.043545455,0.0701,0.075358726,0.0011727273,0.0025,0.002036508,0.22547273,0.25904,0.24903333,0.10817273,0.16556667,0.14450318,0.33325455,0.18434,0.2471746,0.44575918,0.14812663,0.27396023
762,8,4216579.340807922,576219.6880724605,0.022075,0.030922223,0.02804,0.02775,0.04272222,0.036420003,0.05995,0.06866667,0.06430666,0.047575,0.09142222,0.07080667,0.343425,0.21574444,0.27106667,0.2119,0.26264444,0.24121667,0.09835,0.16675556,0.13617332,0.000875,0.0025222222,0.00196,0.5074249,0.21656542,0.3474317,0.29085946,0.02362,0.066933334,0.034465518,0.028760001,0.07605,0.042048275,0.0591,0.09745,0.06744138,0.04976,0.124,0.075968966,0.09762,0.14813334,0.11252759,0.24356002,0.18501666,0.1965931,0.30326,0.20901668,0.23265862,0.31426,0.2241,0.24695861,0.05742,0.08285,0.080662064,0.00138,0.0021666666,0.0026068967,0.23188001,0.23318332,0.24259655,0.10964,0.14753334,0.13507931,0.34374,0.2417,0.26812413,0.4612244,0.1644542,0.29908267
763,8,4273927.488657644,553915.377177636,0.02775,0.03295,0.030688236,0.0307,0.0406,0.0364,0.064825,0.05655,0.061764702,0.044025,0.0738,0.061535295,0.37975,0.1853,0.2708647,0.23495,0.27545,0.25428823,0.11165,0.1994,0.1549,0.000925,0.00215,0.0018117647,0.56503767,0.20459917,0.3689145,0.3604385,0.02708125,0.028989999,0.030539999,0.0308125,0.03498,0.035543334,0.06644375,0.054859996,0.063023336,0.04815625,0.077209994,0.068234995,0.105,0.10469,0.10959333,0.27939376,0.14509,0.205505,0.33731875,0.16597,0.241375,0.3435375,0.17945,0.252395,0.058525,0.08648,0.082325,0.00186875,0.00219,0.0021183332,0.2494875,0.28225,0.2755,0.12165625,0.19694,0.16978833,0.376425,0.19888,0.27718502,0.50609744,0.18728653,0.32510474
764,8,4241087.176625079,587157.1861610174,0.02567143,0.033644445,0.029921055,0.032371428,0.04177778,0.037221055,0.06722857,0.063544445,0.06445526,0.05707143,0.079011105,0.06711842,0.37057143,0.2406111,0.30675527,0.23472856,0.26038888,0.24833684,0.11561428,0.16305555,0.13931842,0.00088571425,0.002322222,0.0014842105,0.5198858,0.2824705,0.40814555,0.23741528,0.030439999,0.033775,0.03164,0.033520002,0.040125,0.035564,0.06554,0.06365,0.062744,0.057359997,0.079925,0.064679995,0.106340006,0.110075,0.105968006,0.26132,0.177,0.22368401,0.32048002,0.207,0.271116,0.33286002,0.2256,0.28743201,0.0689,0.0712,0.092336,0.00104,0.00155,0.001532,0.25074,0.271375,0.25278,0.12464,0.16535,0.138396,0.36574,0.244275,0.31124398,0.4683705,0.2569369,0.38600814
765,8,4194841.000897715,527468.4081101392,0.0228,0.0427,0.03263684,0.0258,0.0539,0.03964737,0.0611,0.07592,0.06598947,0.034833334,0.10254,0.07111579,0.44043335,0.22542,0.29659474,0.21956667,0.31372,0.26937896,0.09196667,0.2043,0.15237895,0.001,0.00358,0.0024526315,0.6653398,0.20876428,0.38418037,0.45657554,0.023988888,0.03248182,0.029116666,0.023266668,0.042127274,0.033683334,0.059955556,0.06702727,0.062437035,0.034622222,0.10004545,0.07076852,0.10245556,0.12802728,0.117112964,0.31574443,0.16467273,0.21821296,0.38518888,0.18760909,0.25476483,0.3902111,0.20497273,0.26805556,0.056711107,0.089345455,0.09271852,0.001111111,0.0020545453,0.0019814814,0.2394,0.33524546,0.29197222,0.10121111,0.21220908,0.16400185,0.42756665,0.22669092,0.2936889,0.60338664,0.1815248,0.34301242
766,8,4352411.613048729,520053.42246504955,0.026560001,0.04015,0.032130554,0.030779999,0.049466666,0.040066667,0.062140003,0.06916667,0.06549445,0.04288,0.0927,0.07203611,0.37568,0.18765,0.25626943,0.20052,0.27131668,0.24354167,0.08846,0.18078333,0.14128055,0.00102,0.0027666667,0.0019194444,0.56269747,0.16833553,0.3222764,0.39436194,0.0337,0.15566666,0.0635,0.0308,0.113191664,0.05355893,0.06142308,0.13154167,0.07946607,0.04213846,0.15486667,0.08350536,0.097746156,0.1877,0.12727322,0.2754077,0.21499167,0.220775,0.34375384,0.22768332,0.2578375,0.35352308,0.23274167,0.26731786,0.06250769,0.11805834,0.09106607,0.0014615385,0.0027083333,0.0021642856,0.21573076,0.241725,0.24933572,0.101223074,0.16416666,0.14609107,0.38143077,0.25856668,0.29260355,0.5351519,0.12134436,0.3130896
767,8,4342722.773102056,529707.3304862564,0.021371428,0.038,0.0296,0.030285714,0.0522,0.04045,0.06992857,0.08405,0.076683335,0.055185713,0.1005,0.0742125,0.31524286,0.24575,0.2723875,0.19782858,0.2718,0.22132917,0.09805714,0.17875,0.1266,0.0013857143,0.00175,0.0018208334,0.4490903,0.24420792,0.34156385,0.20488238,0.02685625,0.0354,0.032637704,0.03379375,0.05793333,0.043929506,0.07160625,0.0902,0.07872295,0.054225,0.1159,0.080611475,0.1040625,0.14176667,0.12147213,0.24725625,0.18485555,0.21538033,0.30115,0.2105111,0.25326884,0.32148126,0.24644443,0.2821049,0.04241875,0.08162222,0.06702951,0.0017,0.0020333333,0.001867213,0.2006875,0.28523332,0.24128032,0.09825625,0.18787779,0.13986558,0.3364625,0.24483332,0.2882049,0.460272,0.21406278,0.34138185
768,8,4227023.22252223,556347.0524410236,0.0184,0.034425,0.02977647,0.0266,0.046775,0.04034706,0.067266665,0.07215,0.072041176,0.052333333,0.09735,0.081158824,0.37383333,0.190175,0.2659647,0.2495,0.2597,0.26332355,0.121133335,0.174675,0.15679412,0.0008666667,0.003375,0.002082353,0.5360359,0.1629864,0.31628683,0.3730495,0.03553077,0.036045454,0.036615625,0.027169231,0.036909092,0.031925,0.0608,0.0558,0.057464063,0.042123076,0.0833,0.06319375,0.10638462,0.109663635,0.10879844,0.26963845,0.13443637,0.19386719,0.32673076,0.15224546,0.22622187,0.33078462,0.15949091,0.23332657,0.050592307,0.06611818,0.07356719,0.002076923,0.002681818,0.002146875,0.24595386,0.2712,0.2594125,0.11742307,0.17286363,0.14770469,0.36512306,0.1838091,0.2620422,0.5039904,0.14011751,0.3071008
769,8,4323672.957590869,552965.3987354306,0.040579997,0.0415,0.03495238,0.04814,0.0531,0.044738095,0.082,0.08355,0.08069524,0.07778,0.0899,0.07919048,0.408,0.28065,0.3422905,0.29374,0.23015,0.23855239,0.1634,0.1548,0.1385238,0.00118,0.002,0.0014190476,0.5176926,0.31867936,0.42924336,0.19901326,0.035454545,0.13381666,0.054291528,0.0422,0.16286667,0.0664661,0.07371818,0.18540834,0.09743051,0.06899091,0.19841667,0.09930339,0.113718174,0.231875,0.14896102,0.2899091,0.29501668,0.27414405,0.3699182,0.31535,0.31904915,0.3785182,0.31471667,0.32562032,0.059745453,0.11101666,0.0942,0.0014090909,0.0034166668,0.0022101693,0.27095455,0.21333332,0.23727287,0.14511818,0.14400834,0.13590677,0.4118364,0.33834168,0.3530305,0.5011463,0.16234702,0.36177173
770,8,4295605.115129282,667619.2054229783,0.0287,0.036960002,0.029528571,0.0306,0.0428,0.03365238,0.05443333,0.058140002,0.05398571,0.040266667,0.07772,0.05613333,0.36846668,0.19156,0.26886192,0.20946668,0.23286001,0.21323809,0.0957,0.14768,0.116814286,0.0009333333,0.00138,0.0013571428,0.5600275,0.20651801,0.3789031,0.3535095,0.025633335,0.20205,0.04238846,0.0235,0.15065,0.03815,0.048833333,0.16945,0.060980767,0.03525,0.19465,0.062469233,0.08205,0.2282,0.10332693,0.25298333,0.28505,0.21181539,0.32173333,0.29455,0.2545,0.3169,0.2807,0.25556538,0.07225,0.09135,0.08445769,0.00105,0.00125,0.0016961538,0.20781668,0.1619,0.21945,0.09483333,0.11245,0.11885,0.36131668,0.32865,0.29351538,0.50240815,0.12307909,0.34346727
771,8,4221748.742095427,541362.1850300984,0.0243,0.037966665,0.02801875,0.031,0.047966667,0.03594375,0.06453333,0.0713,0.06524375,0.051566668,0.09186667,0.066775,0.3703333,0.21103333,0.28725624,0.24626668,0.26556668,0.24818125,0.11586666,0.17593333,0.1396125,0.0008666667,0.0038,0.0018875,0.53337806,0.20811309,0.38079238,0.325265,0.027823078,0.03839091,0.031398386,0.031438462,0.048818182,0.037937097,0.06453077,0.071990915,0.066979036,0.05242308,0.095790915,0.069214515,0.10509231,0.12404546,0.11363549,0.25615385,0.16502728,0.21630484,0.3113154,0.18624546,0.25316936,0.31763846,0.20297273,0.26754194,0.050838463,0.08329091,0.08655807,0.0011,0.0027727273,0.0022048387,0.25352308,0.27974546,0.26259196,0.12354615,0.17777273,0.1453129,0.35537693,0.2202,0.29155967,0.45934165,0.18700536,0.34584188
772,8,4193830.212031113,648997.235973872,0.024475,0.034333333,0.03019524,0.03075,0.049283333,0.038909525,0.067275,0.08218333,0.06975238,0.053725,0.10675,0.07465238,0.3635,0.24418333,0.2931,0.23005,0.25928333,0.24424285,0.1109,0.16671667,0.13752858,0.001275,0.0015166667,0.0014428572,0.51890695,0.22899704,0.37093785,0.2899099,0.0241,0.0292,0.027903333,0.027114285,0.04178,0.03494,0.06305714,0.073079996,0.06761667,0.046471428,0.1016,0.070659995,0.10534286,0.1325,0.1186,0.27422857,0.18258001,0.23123667,0.33002856,0.20874,0.27156332,0.34144285,0.22186,0.28409666,0.06452857,0.0703,0.08946334,0.0012142857,0.0015,0.0023033333,0.23878571,0.28498,0.25996667,0.11254286,0.18416,0.14493334,0.371,0.2439,0.30878,0.5075304,0.20512384,0.36706248
773,8,4354815.929596622,417453.5415251487,0.0349,0.0337,0.035986666,0.04185,0.04375,0.045646667,0.07275,0.065025,0.0716,0.0697,0.08075,0.083566666,0.25675,0.1641,0.20155333,0.17875,0.2385,0.23068666,0.1042,0.181525,0.16508667,0.00115,0.001425,0.00134,0.3283814,0.15345387,0.21037291,0.17492752,0.037442856,0.03735,0.039271876,0.0441,0.040575,0.045278125,0.07554286,0.0599875,0.07018125,0.07385714,0.079825,0.08449688,0.11271428,0.103625,0.11455625,0.22418572,0.1326875,0.17400312,0.2684,0.1505125,0.20095313,0.26358572,0.153225,0.20227812,0.047414284,0.0906,0.07875625,0.0021571429,0.0024625,0.0019625,0.25275716,0.263,0.27225313,0.15587142,0.1969,0.19156562,0.29901427,0.178025,0.2321625,0.3291972,0.13645102,0.20956463
774,8,4198662.102029322,503808.6220454898,0.031466667,0.03428,0.03371,0.035566665,0.04056,0.0402,0.0688,0.05442,0.064295,0.05136667,0.07558,0.07137,0.40926668,0.19618,0.28201002,0.24133332,0.243,0.25256002,0.11776666,0.156,0.148765,0.0016666666,0.00318,0.002075,0.58383214,0.21886332,0.36234823,0.36496884,0.024677778,0.032233335,0.028226316,0.029411111,0.036546666,0.033645615,0.060388893,0.052513335,0.05748421,0.046433333,0.07668,0.06639474,0.092422225,0.100373335,0.10403158,0.26222223,0.13392667,0.19002807,0.32726666,0.15493333,0.22559649,0.33927777,0.17979333,0.24869123,0.04328889,0.066473335,0.07495088,0.0008666667,0.0021533333,0.0019929826,0.2295889,0.24632,0.24584912,0.11027779,0.15572667,0.14129122,0.3660889,0.19293334,0.2652351,0.5046544,0.18901491,0.32367098
775,8,4357721.914737483,408309.41989319137,0.025133332,0.042675,0.03240625,0.032633334,0.058125,0.0434,0.066866666,0.09555,0.0803375,0.0571,0.115675,0.081425,0.35013333,0.329425,0.3552375,0.2293,0.308025,0.26449376,0.1141,0.1864,0.14374375,0.0011666667,0.00125,0.0017,0.4926012,0.33252025,0.44144583,0.16008094,0.0249,0.04371111,0.033924244,0.027328571,0.057611108,0.042178787,0.0625,0.091633335,0.07673333,0.039657146,0.11681111,0.078257576,0.09788571,0.16542222,0.13244545,0.27675715,0.23825556,0.2563121,0.3458,0.2711,0.30499092,0.3482,0.2871111,0.3169606,0.055757143,0.12178889,0.10130909,0.0012714285,0.002477778,0.0019454546,0.19698572,0.3188889,0.26562425,0.08325714,0.19413334,0.14311515,0.389,0.31245556,0.34671515,0.5344114,0.27161816,0.39657494
776,8,4232509.542912734,568339.3809072353,0.0256,0.039375,0.030557895,0.0337,0.051625,0.039410524,0.0767,0.080275,0.072626315,0.0637,0.10275,0.07187368,0.42696664,0.23635,0.35904735,0.24326667,0.264175,0.24042632,0.1193,0.170925,0.13235264,0.0008333333,0.003875,0.0024894737,0.57484484,0.22522675,0.46876496,0.34961808,0.026366666,0.03694,0.029979998,0.033233333,0.0482,0.03745667,0.07155,0.07214,0.0689,0.05508333,0.098359995,0.06694667,0.11635,0.12558,0.11703334,0.29466668,0.1697,0.25441334,0.36861667,0.19501999,0.31338668,0.3759,0.20718001,0.32429335,0.0673,0.0667,0.09979,0.0011166667,0.0016399999,0.00204,0.2473,0.28236002,0.25437665,0.11711666,0.17674,0.13482332,0.4144,0.22798,0.35293666,0.53182256,0.18849899,0.43325368
777,8,4215992.35592192,546903.0759622229,0.0233,0.040975,0.031141177,0.030166665,0.05285,0.0405,0.068,0.08095,0.07138235,0.05303333,0.104825,0.07722353,0.3692667,0.249725,0.29100588,0.23643333,0.326475,0.2766,0.11513334,0.209725,0.16055295,0.0009,0.003925,0.0021,0.5282718,0.24129006,0.36201346,0.28698173,0.0263625,0.0627,0.034616664,0.034525,0.0739,0.043962963,0.070125,0.10159091,0.07408148,0.0599375,0.13366364,0.08272593,0.113575,0.16447273,0.12630555,0.2656625,0.20986365,0.22185372,0.320475,0.23371819,0.25776666,0.329325,0.24941818,0.27257037,0.05495,0.11814546,0.1034,0.0010375,0.0028818182,0.0020851851,0.2574625,0.31915453,0.28524262,0.1256875,0.2023,0.16212593,0.3667125,0.2728,0.29817593,0.45715457,0.18429776,0.3226205
778,8,4339060.472766139,598227.4869732299,0.03595,0.0505,0.039089475,0.040675,0.05475,0.044821054,0.075275,0.0811,0.07618947,0.06225,0.0893,0.07228421,0.35025,0.2667,0.30855262,0.249075,0.2777,0.25775263,0.123275,0.1796,0.1446,0.001,0.003,0.001531579,0.48011205,0.29945576,0.39855415,0.18065628,0.0321,0.0453,0.036806896,0.038985714,0.0589,0.045548275,0.07635714,0.086,0.07776207,0.060814288,0.1034,0.074717246,0.11911428,0.1353,0.12401724,0.26257142,0.19455,0.23411036,0.31658572,0.2223,0.2748793,0.32004285,0.2329,0.28278965,0.05495714,0.064,0.078217246,0.0020857144,0.00185,0.0018931034,0.25388572,0.3002,0.26697242,0.12245714,0.18855,0.1460069,0.35812858,0.256,0.31124827,0.44206864,0.21859345,0.35577396
779,8,4190902.053486089,637751.2311117575,0.02496,0.029183334,0.028409524,0.03006,0.042583335,0.03810476,0.06652,0.06701667,0.06601429,0.04464,0.0929,0.07518571,0.40254,0.17973334,0.2564238,0.2127,0.23605,0.23259048,0.10254,0.16211666,0.14326666,0.00126,0.0016333334,0.0014428572,0.5926768,0.1547618,0.31533498,0.43791503,0.0221,0.020539999,0.027048275,0.02617143,0.028760001,0.036006898,0.06217143,0.0465,0.06434828,0.043385714,0.07212,0.077313796,0.0945,0.086059995,0.10947931,0.26291427,0.106359996,0.18584828,0.32285714,0.12154,0.21885861,0.32222855,0.12582,0.22225173,0.059585713,0.051060002,0.07227586,0.0012142857,0.00156,0.0016241379,0.20447142,0.19966,0.24729311,0.101742856,0.1351,0.15381034,0.3541143,0.14554,0.25113103,0.48873347,0.10335604,0.25738287
780,8,4192129.7722365595,526744.8685303661,0.0249,0.03926,0.03333158,0.028333334,0.05044,0.040589474,0.06213333,0.074659996,0.06781053,0.0369,0.093959995,0.06771053,0.42836666,0.22018,0.29493684,0.1921,0.25678,0.23886316,0.08286667,0.17458001,0.1410421,0.0011333333,0.00292,0.0021263158,0.64516413,0.2182704,0.38976902,0.4268937,0.02505,0.033,0.03298909,0.027789999,0.043325,0.03855091,0.062409997,0.06695,0.06661091,0.04099,0.08895,0.069054544,0.096659996,0.115025,0.108203635,0.27948,0.15591666,0.20817454,0.34346002,0.17796667,0.2462709,0.34677,0.1924,0.2587709,0.055320002,0.07393333,0.08323273,0.00095,0.0020083333,0.0019218181,0.20838,0.26389167,0.25158727,0.093729995,0.177125,0.14919272,0.38513002,0.20944168,0.28141636,0.5289777,0.1839595,0.3329521
781,8,4292783.811458261,573817.7231063568,0.016933333,0.01875,0.026253333,0.0285,0.03235,0.038053334,0.06713333,0.0636,0.07582667,0.057066668,0.0637,0.07125333,0.2204,0.1257,0.17664666,0.13496666,0.13845,0.13902667,0.07153333,0.0911,0.08148,0.0009,0.0018,0.00146,0.30082908,0.12122824,0.19551252,0.17960083,0.036658335,0.028075,0.030305555,0.039258335,0.0325625,0.034703705,0.06618333,0.0584125,0.06425741,0.053775,0.0537625,0.05440185,0.076625,0.0733375,0.07522963,0.14643334,0.0865625,0.11178518,0.17500834,0.0968125,0.13097037,0.14870834,0.0861125,0.113283336,0.025066666,0.05345,0.044212963,0.00105,0.0017125,0.0014555556,0.12313334,0.138,0.11967593,0.06485,0.08555,0.06654259,0.18865,0.1080375,0.14181666,0.18574052,0.066555984,0.11834545
782,8,4260302.012340362,561233.7246657166,0.023,0.0336,0.026677778,0.025333332,0.038575,0.031816665,0.0519,0.054775,0.053405553,0.034033336,0.064375,0.05116111,0.33426666,0.205925,0.24917221,0.1859,0.22165,0.21219443,0.0824,0.14965,0.121638894,0.0010666667,0.00325,0.0017944445,0.53009295,0.26012093,0.3608182,0.26997203,0.022746153,0.058690913,0.03163051,0.02256923,0.048354544,0.029484745,0.048615385,0.06407273,0.050811864,0.030446155,0.073181815,0.046091527,0.07678461,0.10675454,0.08584745,0.23154615,0.16682728,0.18555084,0.28657693,0.18674546,0.22004068,0.28492308,0.19745454,0.22585762,0.052446153,0.08886363,0.0752678,0.0015846154,0.001909091,0.0020152542,0.18664615,0.21157274,0.20297287,0.08149231,0.13660909,0.11141864,0.3217923,0.21550909,0.25184914,0.46847954,0.22626455,0.33626848
783,8,4247516.985953617,602421.8892061578,0.034166664,0.053144448,0.037204877,0.044066664,0.068444446,0.045031708,0.085377775,0.104044445,0.080160975,0.081933334,0.13136666,0.07520488,0.4351,0.28784442,0.3932634,0.27947778,0.31662223,0.2644805,0.14393334,0.21063332,0.14365122,0.002222222,0.0024444445,0.0021121951,0.541089,0.24402,0.50525415,0.297069,0.03555,0.04812,0.036288463,0.041533336,0.058459997,0.041692305,0.08,0.09074,0.07655,0.076183334,0.12008,0.07508077,0.13058333,0.15484,0.12519231,0.30018333,0.2069,0.2713577,0.37561667,0.23386002,0.33443075,0.3786,0.2449,0.33891925,0.06718333,0.07784,0.09115769,0.0018666666,0.00224,0.0018,0.28451666,0.31412,0.2616,0.14551666,0.20533998,0.14136922,0.42386666,0.27262,0.37293845,0.48419517,0.20354292,0.43419823
784,8,4271558.868629568,534268.7868792688,0.0244,0.036275,0.02809091,0.027616665,0.04595,0.033745456,0.054783333,0.066575,0.058118183,0.03535,0.0835,0.054204546,0.4229,0.193025,0.30818182,0.19803333,0.2456,0.21822272,0.08275,0.1632,0.11725909,0.0011833333,0.00485,0.0024227272,0.64260083,0.1965032,0.4414623,0.4460976,0.0271,0.07402,0.03854915,0.024515385,0.0658,0.0358,0.049776923,0.08279,0.057598304,0.032161538,0.10266,0.056201696,0.08516154,0.13600999,0.100088134,0.27826154,0.17368001,0.21297966,0.35863078,0.19410999,0.2595712,0.3584923,0.18912,0.25924405,0.06399231,0.1107,0.08995593,0.0016384615,0.00266,0.0021084745,0.20205384,0.25822,0.2265322,0.0856,0.17035,0.12331186,0.39813077,0.22365,0.29344577,0.56825125,0.15057428,0.36410278
785,8,4375794.390759139,518411.32193498145,0.008025,0.021166667,0.019596875,0.01385,0.030883335,0.02685625,0.037375,0.047466666,0.046365626,0.0274,0.06368333,0.053209376,0.1622,0.10643334,0.15301563,0.09215,0.118666664,0.1347,0.046625,0.08456667,0.08170625,0.001075,0.0021833335,0.0018875,0.27443892,0.08487039,0.19482478,0.18956852,0.0165,0.1058,0.03724524,0.016011111,0.0955,0.034966666,0.037277777,0.110325,0.05374048,0.027677776,0.1294625,0.0597,0.056455553,0.14655,0.08540714,0.12458889,0.1514,0.1238762,0.14816666,0.1611625,0.14115477,0.14635555,0.1592125,0.1430119,0.018111112,0.0719875,0.047057144,0.0013555555,0.003025,0.001902381,0.09154445,0.1391875,0.13552858,0.0462,0.0992875,0.08334524,0.15925555,0.1757875,0.1593,0.24463952,0.050597914,0.16192263
786,8,4395706.498402331,502183.2518435498,0.028114285,0.040885713,0.031241024,0.033914287,0.051842857,0.03837436,0.06817143,0.07507143,0.06772821,0.05435714,0.09524286,0.06544359,0.3642,0.21378572,0.30014357,0.22508572,0.24458572,0.22078462,0.10862858,0.15741429,0.11888975,0.0011857143,0.0022714285,0.0017564102,0.5182507,0.20546561,0.40265352,0.3127851,0.028011112,0.032811113,0.0292,0.033055555,0.045355555,0.037946153,0.07114445,0.06983333,0.06936154,0.048922222,0.09257778,0.068048716,0.107322216,0.1206,0.11412307,0.2946778,0.16064444,0.2305359,0.3570889,0.18017778,0.2705282,0.36023334,0.19988889,0.28370512,0.061177775,0.09576667,0.08954872,0.0027666667,0.0023333335,0.0022666666,0.22985557,0.23875557,0.2332205,0.105122216,0.14846666,0.12434615,0.39473334,0.21342222,0.30688205,0.52670085,0.18865226,0.3725866
787,8,4295907.629159575,594245.6882654171,0.030442856,0.036642857,0.03387143,0.03497143,0.041314285,0.038505714,0.06845714,0.055385713,0.062554285,0.058885712,0.0714,0.067159995,0.34085715,0.15398572,0.24209143,0.22971429,0.21,0.22093713,0.11554286,0.14051428,0.13057715,0.0020285714,0.0016857143,0.0017057143,0.4756016,0.15578146,0.3116484,0.31982017,0.023333333,0.0361,0.030036366,0.0251,0.0383,0.03311818,0.05513333,0.05045,0.05605909,0.040666666,0.06495,0.05682273,0.09516667,0.08245,0.09689546,0.2356,0.10335,0.17498182,0.28096667,0.11835,0.2044409,0.2878,0.12245,0.21082728,0.0534,0.02795,0.06095909,0.0009666667,0.00135,0.0014954545,0.20776668,0.2092,0.21484546,0.09936667,0.1344,0.122040905,0.31326666,0.1439,0.2332182,0.44596025,0.11245141,0.28578597
788,8,4398842.362892799,535472.2853950885,0.026014285,0.05244286,0.034610257,0.0353,0.07294286,0.047607694,0.08125714,0.117371425,0.090889744,0.06192857,0.14602858,0.09003333,0.42152858,0.35248572,0.3775718,0.22492856,0.33487144,0.25832564,0.10498572,0.21007143,0.14106666,0.0014,0.0033,0.0018076923,0.5725542,0.30308673,0.45106855,0.26946744,0.026358334,0.0885,0.043018032,0.036041666,0.11725,0.05795574,0.07983333,0.15775,0.09852787,0.06044167,0.18499286,0.09795901,0.12979166,0.23414284,0.1589541,0.30078334,0.3076857,0.28564426,0.36509168,0.33702144,0.3313656,0.37245,0.3573,0.3458836,0.06585,0.13067858,0.10717542,0.0014916667,0.0028,0.002390164,0.23211667,0.30250716,0.25992623,0.110375,0.18805714,0.14313279,0.4101,0.37774286,0.373559,0.51401365,0.23914504,0.39204127
789,8,4365204.020941276,418881.7366800571,0.0209,0.03365,0.028194735,0.0256,0.041,0.03513684,0.0574,0.05985,0.06131053,0.03525,0.07595,0.06024211,0.420575,0.15055,0.26071578,0.19505,0.221475,0.20755789,0.0938,0.162125,0.1318579,0.001225,0.001325,0.001631579,0.6400003,0.13992782,0.35663936,0.5000725,0.0255375,0.0629375,0.0347,0.02545,0.0642,0.038114708,0.06065,0.0853375,0.06552647,0.0353875,0.1143875,0.06965,0.093025,0.1375,0.10798529,0.306475,0.1605625,0.20533824,0.3892375,0.175675,0.24472353,0.411025,0.18205,0.25825292,0.0422125,0.0713625,0.06507647,0.0013125,0.002025,0.0015441177,0.2157875,0.22545,0.22219118,0.106975,0.166325,0.14070295,0.41875,0.2046,0.2760147,0.62775534,0.1161325,0.33078647
790,8,4313036.037342112,494040.50288074784,0.017071428,0.029725,0.021797057,0.024514286,0.039825,0.029232351,0.0589,0.05935,0.056079414,0.042842858,0.0753,0.052132353,0.35605717,0.176375,0.2624,0.18554285,0.20495,0.18509117,0.08781429,0.13835,0.10411177,0.0012857142,0.00305,0.0017529412,0.53673756,0.18619737,0.3788558,0.3505402,0.016433332,0.030942855,0.02296207,0.025166668,0.0299,0.02772414,0.06135,0.050214287,0.054962065,0.045466665,0.070442855,0.0574931,0.09945,0.10102857,0.09814828,0.2675,0.13628572,0.19500689,0.32995,0.15418571,0.23293447,0.33231667,0.15224285,0.23253103,0.06781667,0.0984,0.092717245,0.0026166665,0.0024714286,0.0022413793,0.19986667,0.22512856,0.21074483,0.09533333,0.1495,0.12127931,0.36993334,0.18328571,0.26554483,0.49750713,0.15477113,0.31929234
791,8,4319883.045279641,467877.3115770609,0.0367,0.028533334,0.028307144,0.0483,0.041433334,0.040835716,0.0844,0.0681,0.06864286,0.0749,0.07033333,0.06762857,0.2623,0.10966666,0.13209286,0.1841,0.11806666,0.122528575,0.1169,0.0991,0.09012857,0.0007,0.0021666666,0.0013071428,0.32488248,0.07691504,0.124506,0.24796744,0.024766667,0.035914287,0.031725,0.028633334,0.04367143,0.0374375,0.055383332,0.0647,0.061484374,0.046966664,0.07337143,0.06041875,0.07948333,0.09802857,0.0887,0.14216666,0.110114284,0.117390625,0.174,0.11598572,0.1314125,0.16305,0.1131,0.12422813,0.013783333,0.05735714,0.03801875,0.00105,0.0025857145,0.0017375,0.12115,0.15451428,0.13088125,0.07218333,0.11595714,0.09120312,0.17753334,0.13234286,0.14085312,0.22747701,0.07704163,0.12568492
792,8,4215841.069617302,547958.6039439463,0.0564,0.07123333,0.0598,0.06725,0.088,0.07309167,0.10825,0.1247,0.11065,0.0998,0.14103334,0.11445834,0.339,0.25803334,0.27650833,0.2203,0.26953334,0.24068333,0.12725,0.1947,0.1602,0.0009,0.0045666667,0.002075,0.37883586,0.18321173,0.26116735,0.19562413,0.0655,0.06803077,0.0653,0.056309998,0.06708461,0.05924915,0.095920004,0.094646156,0.092544064,0.0832,0.11356153,0.09593898,0.14236,0.15055385,0.14618984,0.26575,0.18788461,0.22180848,0.31211,0.20507693,0.25060847,0.31785,0.21416923,0.25945085,0.0481,0.080438465,0.0824017,0.00102,0.002876923,0.0019508475,0.24847,0.26611537,0.254039,0.14776,0.18731537,0.16831526,0.34107,0.2313,0.27632713,0.38656566,0.16917764,0.2744032
793,8,4235710.389461604,679527.0836305125,0.04735,0.03822,0.045485,0.0597,0.04972,0.057084996,0.10475,0.08542,0.097535,0.1203,0.10092,0.113869995,0.21775,0.12471999,0.17156,0.16705,0.16058001,0.16583,0.10225,0.114080004,0.110375,0.001125,0.0013199999,0.0012899999,0.16171911,0.04352825,0.099820204,0.11819086,0.02665,0.020325,0.027125806,0.08106,0.050775,0.07423871,0.13909,0.0921,0.12758064,0.16614,0.116775,0.15415807,0.15979001,0.125625,0.1557,0.21638998,0.1225,0.1843258,0.24583998,0.134375,0.20415162,0.25063,0.1462,0.21411291,0.030310001,0.028975,0.04380968,0.001,0.0015,0.0015419355,0.19835,0.18435,0.20137419,0.12738,0.125425,0.13502258,0.24815,0.142625,0.20929033,0.12806433,0.051569972,0.094620176
794,8,4205431.331051384,585132.3435838156,0.0219,0.046263635,0.03410263,0.030220002,0.061445452,0.045321055,0.07134,0.09380909,0.079173684,0.05818,0.12003636,0.08765263,0.37572,0.26375455,0.30803156,0.23392,0.32863635,0.2814737,0.11576,0.2199,0.16747631,0.00091999996,0.0024181819,0.0019157894,0.52387166,0.2315284,0.3628478,0.29234326,0.02996,0.04442,0.03427143,0.03444,0.05958,0.043567855,0.071,0.08886,0.07603214,0.059240002,0.117740005,0.08276429,0.11842,0.14618,0.12878928,0.26658002,0.19278,0.23206785,0.32228002,0.21828,0.27406073,0.3356,0.2315,0.28659645,0.06674,0.07848,0.09411786,0.00136,0.0017200001,0.0017571428,0.25704,0.33572,0.28786427,0.1289,0.22442,0.16683571,0.36723998,0.25226,0.31303215,0.46752685,0.18783733,0.34309846
795,8,4281516.786288042,628900.660304015,0.017809091,0.041625,0.024544444,0.021090908,0.0499125,0.029864443,0.044354543,0.067775,0.051611107,0.029709091,0.090025,0.051695555,0.33113635,0.2092,0.27297777,0.16213636,0.282925,0.20419556,0.06795455,0.1853375,0.109728895,0.0011727273,0.00285,0.0019777778,0.5373272,0.20904079,0.39598206,0.32828638,0.024157142,0.0526,0.030503333,0.021257143,0.03715,0.029570002,0.045914285,0.05285,0.051643334,0.030814284,0.07945,0.05149,0.07452857,0.11145,0.093779996,0.24178572,0.14765,0.20328,0.31287143,0.17095,0.25095665,0.32157144,0.17025,0.26061666,0.05232857,0.06985,0.07704333,0.0012142857,0.0015,0.0017166666,0.18382858,0.29175,0.22485666,0.07732857,0.1808,0.11756333,0.35114285,0.2092,0.28792334,0.5208739,0.16679771,0.3777051
796,8,4221600.807255033,546174.6225280567,0.020666666,0.032875,0.0273125,0.0233,0.041175,0.03324375,0.0522,0.0604,0.05755625,0.031133335,0.078375,0.05905625,0.44063336,0.227575,0.3171,0.19863334,0.2674,0.2421375,0.078433335,0.1687,0.1310125,0.0011,0.0036,0.0021,0.67558503,0.26347858,0.4422086,0.41210645,0.022107692,0.05947273,0.031841934,0.024607692,0.054536365,0.0339,0.053946156,0.072681814,0.057779033,0.031123077,0.09055455,0.056382257,0.08363077,0.12097273,0.098229036,0.29943845,0.1696,0.21777742,0.38653076,0.19271818,0.26527742,0.3971923,0.21699092,0.28451937,0.06160769,0.09589091,0.089788705,0.0009692307,0.0021818182,0.0019709677,0.19933847,0.25350907,0.23030323,0.07808461,0.15781818,0.1202758,0.4350769,0.23105454,0.30806774,0.62176824,0.22037655,0.40169603
797,8,4313931.036195506,566406.1389178464,0.030225,0.0385,0.031705555,0.0341,0.0422,0.0372,0.067225,0.0575,0.06218333,0.04735,0.0668,0.05915,0.3696,0.2231,0.27558333,0.2112,0.1742,0.2127611,0.0944,0.1097,0.11228889,0.000975,0.0028,0.0013944445,0.54315215,0.2824522,0.38170496,0.26069996,0.019463636,0.062688895,0.03204107,0.026227273,0.06645555,0.03822143,0.0604,0.0834,0.06364821,0.04219091,0.10247778,0.06621964,0.09808182,0.1340111,0.10877857,0.25220907,0.18258889,0.20165178,0.30334547,0.20335555,0.23463215,0.30444545,0.21306668,0.24169466,0.0521,0.09137778,0.08154464,0.0011454545,0.0020666665,0.0016892856,0.20946364,0.2269889,0.23040535,0.09380909,0.1385111,0.12516072,0.34068182,0.23461111,0.26931608,0.46641147,0.18949261,0.31320915
798,8,4370052.050085175,465015.3474349773,0.0248,0.037433334,0.028172223,0.032775,0.047333334,0.03626111,0.074575,0.0739,0.06821111,0.05755,0.0832,0.061227776,0.4042,0.27996668,0.34897777,0.246025,0.28336668,0.25146112,0.11875,0.1777,0.1329,0.001125,0.0014333333,0.0013833334,0.56189704,0.33245552,0.48088992,0.22944152,0.029275,0.036842857,0.03188649,0.0323375,0.044785716,0.03587027,0.068375,0.0721,0.06778919,0.0522,0.0875,0.06382973,0.1072,0.1299,0.11464865,0.2804,0.20468572,0.25075945,0.3469625,0.23525715,0.30132163,0.3519875,0.24864285,0.3117973,0.0632125,0.1154,0.10303243,0.0043,0.0049142856,0.0031783783,0.2424875,0.29288572,0.26106757,0.11555,0.18625714,0.1424973,0.3913875,0.2718143,0.34130272,0.50733453,0.27618626,0.4231561
799,8,4260031.387399602,677334.8560589651,0.069975,0.06588,0.07009474,0.086225,0.0804,0.08536316,0.130875,0.10851999,0.12230526,0.144325,0.13248001,0.14206316,0.328075,0.2214,0.27599472,0.330875,0.30868,0.32047367,0.242425,0.23811999,0.24385263,0.001025,0.0017200001,0.0013736843,0.27434295,0.14441139,0.20707485,0.12993157,0.047642857,0.0443,0.0509,0.09168571,0.0739,0.0970125,0.12924285,0.0925,0.1312625,0.14531428,0.1123,0.1518625,0.15914285,0.1213,0.16443333,0.24881428,0.1448,0.22183332,0.2888,0.1694,0.25077084,0.28818572,0.1718,0.2601625,0.056528572,0.0735,0.07337917,0.0017428572,0.0015,0.0018333334,0.31967142,0.2662,0.32240832,0.24008572,0.2037,0.250525,0.32854286,0.1932,0.28676668,0.21819896,0.10320402,0.16665307
800,9,4274639.825930663,520099.0790614877,0.030066665,0.0065666665,0.01805,0.034766667,0.010966666,0.02329375,0.0743,0.021066668,0.04285,0.036466666,0.015033333,0.03061875,0.45876664,0.004833333,0.12720625,0.22816667,0.004466667,0.07566875,0.09486667,0.005466667,0.0385125,0.0008333333,0.004166667,0.00244375,0.6827647,-0.024497716,0.20110813,0.7072624,0.033145458,0.0184875,0.02529074,0.034836363,0.0139875,0.02494074,0.071090914,0.0214125,0.044798147,0.037218183,0.0202875,0.03477037,0.104709096,0.022025,0.06061667,0.3428,0.01885,0.12971297,0.39794546,0.0211625,0.14822407,0.38876364,0.01925,0.1472574,0.061336365,0.02655,0.04821852,0.0014545455,0.001525,0.0014962963,0.21459092,0.0245625,0.10047963,0.09187273,0.0180375,0.05322037,0.4186,0.02125,0.1574463,0.5945952,-0.0024287433,0.22850096
801,9,4389800.908863323,498026.31900188106,0.031342857,0.038766667,0.034518916,0.034457143,0.046916667,0.04044054,0.060885713,0.0648,0.064821616,0.0443,0.08168333,0.06707297,0.39675716,0.1726,0.28847298,0.21884285,0.2584,0.2386919,0.10918572,0.18413334,0.1456027,0.0015714286,0.0016,0.0016135136,0.586226,0.16607119,0.3818695,0.4201548,0.032657143,0.036,0.0368,0.0291,0.04135,0.037045714,0.05554286,0.05911667,0.0621,0.04412857,0.0796,0.06855714,0.08621429,0.10198333,0.10545428,0.2632,0.12791666,0.20322286,0.33797145,0.14441666,0.24697715,0.33917144,0.15131666,0.25240284,0.06295714,0.075616665,0.079631425,0.0030142856,0.0024,0.0021971427,0.21212856,0.2514333,0.2483257,0.1113,0.17913334,0.15526856,0.37208572,0.17133334,0.2809457,0.5104265,0.13356483,0.324371
802,9,4380902.296459879,468788.3057955144,0.032766666,0.050433334,0.04053125,0.0355,0.06026667,0.047375,0.05956667,0.07863333,0.07211875,0.045333333,0.1018,0.07698125,0.38743332,0.18053333,0.2882875,0.24426667,0.28146666,0.26256874,0.120733336,0.2018,0.16133125,0.0021666666,0.0013333333,0.00149375,0.57160205,0.13814287,0.3586221,0.43345916,0.03251111,0.0404,0.0372125,0.036166664,0.05373333,0.046770003,0.0595,0.07362222,0.070397496,0.053444445,0.10107778,0.084785,0.08806667,0.11881111,0.11234,0.2712,0.13891111,0.1934975,0.3565,0.15532222,0.233165,0.35552222,0.16347778,0.2382725,0.058455553,0.07762222,0.07495,0.003388889,0.0032333331,0.0024325,0.25155556,0.28413332,0.2766375,0.13682222,0.20457779,0.179565,0.39042222,0.18358889,0.2659125,0.5089635,0.11094796,0.26614672
803,9,4360427.281591459,414849.30838270177,0.017866667,0.04955,0.046017647,0.0213,0.063275,0.057247058,0.040033333,0.099775,0.08952941,0.0252,0.10925,0.1004,0.48043334,0.33285,0.33744118,0.14716667,0.31085,0.3008,0.056533333,0.205725,0.20357059,0.0018,0.0015,0.0015294118,0.7385771,0.35045922,0.37544507,0.3881179,0.0219,0.04905,0.041057575,0.021842858,0.0635625,0.049151514,0.042642854,0.0937,0.078863636,0.03037143,0.10995,0.08743636,0.0559,0.1546,0.12725759,0.2466,0.228,0.23837273,0.39445716,0.2549125,0.2950212,0.38824284,0.2644375,0.29968485,0.05942857,0.1212375,0.09808182,0.0013142858,0.0025625,0.0021151516,0.16445714,0.3193375,0.2837,0.06818571,0.2157375,0.18059091,0.4260143,0.2832,0.3258515,0.6123178,0.25270844,0.35151368
804,9,4297652.403814693,681744.8196003714,0.053975,0.0499,0.04583158,0.0667,0.060233332,0.057357892,0.1073,0.092366666,0.09021579,0.12785,0.12776667,0.1144579,0.35125,0.21173333,0.28122103,0.337075,0.272,0.28961053,0.211475,0.2032,0.19113684,0.00095,0.0014666667,0.0013263158,0.33683333,0.138251,0.2679494,0.19858232,0.03485,0.0424,0.04229565,0.04175,0.0612,0.052904345,0.080825,0.0916,0.09152174,0.092725,0.1334,0.12152174,0.13865,0.1439,0.1581174,0.240175,0.1653,0.22301304,0.2799,0.186,0.25373915,0.286925,0.1915,0.26390868,0.066275,0.0296,0.07716957,0.0013,0.0016,0.002,0.29345,0.33,0.31849566,0.18935,0.2137,0.21906087,0.314525,0.2154,0.2894348,0.3216371,0.09608642,0.22883537
805,9,4363816.087522382,533866.542917326,0.03278,0.044379998,0.042793103,0.03556,0.05462,0.05202069,0.058440004,0.07276,0.07661035,0.04298,0.0909,0.08848621,0.52292,0.18496,0.2836,0.2559,0.2684,0.27355862,0.12548001,0.19264,0.1776069,0.0011,0.0022,0.0018137932,0.73788244,0.16759078,0.32606634,0.57029164,0.028230768,0.06226,0.037231483,0.030923078,0.09331,0.051724073,0.057084613,0.111959994,0.07642222,0.042230766,0.13282,0.083977774,0.086238466,0.14713,0.11461852,0.29364616,0.17745,0.21447407,0.38993844,0.19481,0.26042593,0.39524615,0.20468001,0.26890925,0.06380769,0.0671,0.07476111,0.0017923077,0.0023100001,0.0021796296,0.24278462,0.23535,0.25562963,0.122207694,0.16715,0.16072963,0.42836922,0.221,0.29316482,0.58969563,0.11792332,0.3144118
806,9,4289929.898394149,510896.78446234943,0.023544444,0.0474,0.0470439,0.029455554,0.05818571,0.058668293,0.055955555,0.08457143,0.08985854,0.04958889,0.10015714,0.10825853,0.3969889,0.26334286,0.29392684,0.1837,0.28484285,0.29599267,0.09075555,0.20097142,0.2078366,0.0009666667,0.0044714287,0.0019682925,0.5728884,0.27130336,0.29874277,0.30158502,0.023538461,0.04362857,0.041590743,0.029161539,0.05611429,0.055629633,0.05519231,0.0789,0.08513148,0.052784614,0.09771429,0.104509264,0.081384614,0.13252857,0.13540927,0.2178077,0.18858571,0.20900926,0.30193076,0.21272856,0.25094444,0.29666156,0.21987143,0.2545148,0.052923076,0.10225714,0.08176481,0.0021846152,0.0020428572,0.002087037,0.18581538,0.28357142,0.29450926,0.098538466,0.20025714,0.20452963,0.33054614,0.24177143,0.28178704,0.42835188,0.20998065,0.24912287
807,9,4231026.123592602,566322.3656307687,0.03355,0.025766665,0.0315,0.037375,0.0356,0.04072222,0.06815,0.06033333,0.070816666,0.05395,0.07026667,0.07720555,0.476475,0.1954,0.28479442,0.263125,0.1814,0.23365557,0.13885,0.12143334,0.14446667,0.001125,0.0033333332,0.0018444444,0.6577472,0.22934322,0.3530212,0.42840397,0.031085715,0.030420002,0.032626666,0.0338,0.0344,0.038256668,0.06118571,0.05542,0.06564333,0.049771428,0.06814,0.071103334,0.092442855,0.10278001,0.11222667,0.3064,0.1591,0.21738666,0.417,0.17908001,0.26484334,0.4226143,0.17706,0.27043,0.07207143,0.066259995,0.08123,0.0013857143,0.00146,0.0018600001,0.25201428,0.2059,0.24249665,0.13072857,0.12692,0.14327,0.45942858,0.20364,0.29846,0.6044536,0.2031186,0.34579438
808,9,4363847.993312696,519299.90582182544,0.040557142,0.05223333,0.046979997,0.042485714,0.06685,0.058355,0.06362857,0.08951667,0.0836275,0.0514,0.1151,0.1018425,0.34964284,0.17316666,0.2429125,0.22445716,0.2686,0.2572925,0.12984286,0.20466666,0.17670749,0.0011142858,0.0030166665,0.0018525,0.50618166,0.10015593,0.23711884,0.40602574,0.04208667,0.18504,0.07485965,0.039946668,0.18874,0.07867193,0.062106665,0.20651999,0.10102281,0.051740002,0.23223001,0.118089475,0.084693335,0.24732,0.1402579,0.27936,0.25864,0.21768948,0.38202667,0.26595,0.2618386,0.37755334,0.26818,0.265507,0.060453333,0.12956999,0.08480351,0.0017933332,0.00315,0.0021245612,0.24114665,0.2334,0.26991403,0.13458668,0.18268001,0.1877228,0.41859332,0.28323,0.29204735,0.5423969,0.04923223,0.23793574
809,9,4327336.616085736,422649.89030089433,0.014333333,0.057159998,0.052304547,0.019266667,0.07384,0.06614091,0.042066667,0.0999,0.09605455,0.025033332,0.13044,0.12071817,0.46583334,0.19768001,0.2670591,0.1483,0.32984,0.31507728,0.055633333,0.25242,0.23563181,0.0014333333,0.0031,0.0023636364,0.72219044,0.111270286,0.23500535,0.61092013,0.014225,0.055633333,0.050181817,0.017125,0.0684,0.06387879,0.03955,0.09053333,0.091133334,0.02545,0.12193334,0.11954546,0.0505,0.13634445,0.13912122,0.24655,0.14904444,0.18590605,0.402475,0.16354445,0.22339697,0.39655,0.17127778,0.23111211,0.063,0.0798,0.08073333,0.004225,0.0025555554,0.0028939394,0.1486,0.31525555,0.31934848,0.057425,0.23448889,0.23272425,0.42955,0.18594445,0.2508121,0.63647836,0.08426777,0.18373698
810,9,4379231.995197366,596808.4034709835,0.04165,0.0661,0.05618947,0.045516666,0.0767,0.0662,0.07156667,0.0979,0.09328947,0.06063333,0.1216,0.109952636,0.47045,0.1827,0.29554737,0.2587833,0.2996,0.29524738,0.13931666,0.2386,0.20732105,0.0015833332,0.00345,0.0019,0.6340104,0.10359162,0.29753548,0.53041875,0.042553846,0.08291539,0.061434425,0.04393077,0.107969224,0.07665574,0.072215386,0.12807693,0.10489836,0.06314615,0.15445384,0.12512131,0.10416154,0.16783847,0.15197049,0.29735386,0.18128462,0.2213869,0.39175385,0.19237693,0.25820982,0.4000846,0.19903846,0.26777706,0.075569235,0.08109231,0.085859016,0.0015153845,0.0021846152,0.0021311475,0.26223075,0.27564615,0.3084951,0.1455,0.21108462,0.2176918,0.428,0.21361539,0.2894787,0.54287636,0.07100693,0.22743867
811,9,4383575.447886711,567206.0229623604,0.03262,0.0378,0.0352,0.0397,0.0531,0.045595456,0.070879996,0.08213333,0.07723182,0.06324,0.09903333,0.080995455,0.31961998,0.2515,0.29276818,0.22048001,0.24406667,0.2349,0.11882,0.15956666,0.1409591,0.00114,0.0029333334,0.0016272728,0.43560672,0.25595742,0.35600257,0.1796493,0.03713077,0.16671428,0.070538335,0.045046154,0.17669286,0.07885166,0.07836153,0.20357858,0.110755004,0.072253846,0.2207,0.11856999,0.117015384,0.24946429,0.159075,0.24514614,0.2986143,0.24933833,0.29884616,0.31850716,0.28576002,0.29742306,0.33065715,0.29242834,0.070992306,0.11971428,0.09653333,0.0017692308,0.0025785714,0.0021666666,0.24027693,0.2219,0.25228333,0.13266923,0.15304285,0.15689166,0.33475387,0.34320715,0.31820333,0.3827241,0.1477651,0.2756163
812,9,4308383.990971389,428972.87418802234,0.018566668,0.048666667,0.04775909,0.024033332,0.055183332,0.05773182,0.044933334,0.079,0.08392273,0.029666666,0.082333334,0.09707273,0.41006666,0.27373332,0.27128634,0.1531,0.27536666,0.30097726,0.06553333,0.19573334,0.21864545,0.0043,0.0030666667,0.0024272727,0.642018,0.32521522,0.2895336,0.3168028,0.0222,0.037566666,0.038196776,0.02528,0.049233336,0.052916132,0.047179997,0.07225555,0.07865484,0.04208,0.0805,0.09247742,0.06596,0.11622222,0.121445164,0.21474,0.19398889,0.19697742,0.31668,0.2216889,0.23576775,0.31438,0.22865556,0.24249677,0.052059997,0.08923333,0.080835484,0.00268,0.0021555556,0.0023,0.187,0.2719111,0.2972258,0.09392,0.1891889,0.20866776,0.34568,0.24446668,0.2631258,0.48096895,0.26049688,0.25610316
813,9,4391750.027916553,476467.34607527015,0.0132,0.025933335,0.021288235,0.020266667,0.0297,0.026835294,0.05766667,0.042766664,0.0516,0.036233336,0.042566665,0.045335293,0.29323334,0.06143333,0.17528823,0.11856666,0.06536667,0.11252353,0.0507,0.041633334,0.061917644,0.0010333332,0.0013666668,0.0013882353,0.46551448,0.040535353,0.25300533,0.42497912,0.019175,0.0235875,0.02203125,0.028325,0.02435,0.02535625,0.06415,0.03725,0.0464625,0.04725,0.0361625,0.04366875,0.090625,0.0480125,0.0694,0.20245,0.047625,0.10805938,0.239225,0.05185,0.12395313,0.221025,0.0461625,0.116359375,0.045225,0.0248125,0.0366625,0.00325,0.001475,0.001496875,0.147975,0.0650375,0.103028126,0.071225,0.0437125,0.058875,0.257875,0.057725,0.13406876,0.32556158,0.022066243,0.14881416
814,9,4324904.182817169,476490.62203637476,0.00705,0.006,0.012978125,0.013666667,0.0132,0.018840626,0.0359,0.02725,0.0350625,0.023883333,0.022525,0.027784375,0.06818333,0.014725,0.045178127,0.0376,0.017575,0.0293625,0.01975,0.014625,0.019228125,0.00085,0.0014,0.0013375,0.098400414,-0.018245015,0.039109558,0.116645426,0.017866667,0.018214285,0.023653125,0.0179,0.017328572,0.02150625,0.03775,0.030957144,0.037903126,0.02645,0.030285714,0.033840626,0.049583334,0.03162857,0.044434376,0.07686667,0.025057143,0.05050625,0.09641667,0.02717143,0.057578124,0.07833333,0.0197,0.04555,0.021783333,0.027542856,0.029553125,0.00105,0.0016428572,0.001453125,0.050216667,0.0453,0.057221875,0.02505,0.030671429,0.03575,0.09606667,0.025157142,0.05845625,0.113598555,-0.024226135,0.025980012
815,9,4350601.000367178,504578.8424441667,0.01762,0.03116,0.028647223,0.0227,0.04048,0.036397222,0.0388,0.060459998,0.05651389,0.03206,0.07282,0.061038893,0.06682,0.16066,0.14305556,0.0514,0.16038,0.13765834,0.03376,0.122940004,0.10171945,0.00126,0.00232,0.0015583333,0.07597721,0.16444166,0.15900262,-0.08846445,0.03617143,0.031716667,0.03502258,0.03772857,0.032983333,0.036448386,0.05272857,0.051,0.055819355,0.046114285,0.06568333,0.06294839,0.057342857,0.089266665,0.084664516,0.08198571,0.1141,0.11650646,0.09594286,0.12646666,0.13144839,0.08472857,0.13055,0.13070968,0.017542858,0.0534,0.04636129,0.0014857142,0.0020166666,0.0015870968,0.06968571,0.16048333,0.14625484,0.0437,0.1202,0.10601612,0.097085714,0.13961667,0.14190322,0.0807558,0.12588723,0.13216189
816,9,4316043.596347826,471873.05234664655,0.0294625,0.035214286,0.03146829,0.0320125,0.040757146,0.036785368,0.0553,0.05495714,0.059321947,0.0411625,0.06777143,0.06006829,0.3732,0.14551428,0.24580488,0.1874125,0.1987,0.19740975,0.096275,0.1429,0.12476097,0.0014375,0.0023571427,0.0015878049,0.5639262,0.14857225,0.33406612,0.41535395,0.022783333,0.0226125,0.024139393,0.024533333,0.0259625,0.025348485,0.04955,0.03875,0.045078788,0.032566667,0.0508,0.04490303,0.07498333,0.0709375,0.07780606,0.25386667,0.08915,0.15610303,0.32708332,0.1017375,0.18769394,0.3202,0.097225,0.18389395,0.05851667,0.06105,0.07171515,0.0029666666,0.002725,0.002330303,0.17995,0.1798625,0.18499091,0.08096667,0.121425,0.10985152,0.35783333,0.1218375,0.21254848,0.5142333,0.09519991,0.26901582
817,9,4346418.548312464,463251.9165140715,0.032533333,0.042333335,0.033705555,0.045366667,0.054733332,0.045622222,0.0749,0.08073333,0.07272778,0.0851,0.096,0.08207222,0.09943333,0.1587,0.09933333,0.036033336,0.22036667,0.085194446,0.0274,0.17396666,0.065672226,0.0011,0.0039666668,0.0018,0.02748643,0.11284285,0.03328902,-0.08535642,0.0283,0.0353,0.03353871,0.03785,0.04737143,0.044716127,0.06598333,0.06918571,0.070029035,0.07725,0.08204286,0.078719355,0.08776667,0.09364286,0.0898,0.08578333,0.10014286,0.08808387,0.1011,0.1091,0.09762258,0.0836,0.117628574,0.09270323,0.0034,0.028314285,0.017548388,0.00245,0.0022714285,0.0018935484,0.038883336,0.16755714,0.09511936,0.028916666,0.1306,0.07496774,0.08715,0.12204286,0.09714839,0.012509856,0.067677565,0.027277527
818,9,4323897.931655623,452588.568350377,0.026825,0.0304,0.028236365,0.030925,0.037720002,0.035372727,0.055275,0.0571,0.06017273,0.04125,0.061759997,0.059422728,0.3926,0.23832,0.31463182,0.2185,0.21666001,0.21445,0.1065,0.14426,0.12461817,0.0013,0.0030200002,0.0019818181,0.5888811,0.31834546,0.43782765,0.27053562,0.027579999,0.0244,0.02525,0.03174,0.028075,0.028339999,0.06302,0.047575,0.053343333,0.05418,0.059425,0.055316668,0.09906,0.0881625,0.093056664,0.27146,0.154075,0.20079,0.34803998,0.184675,0.24868667,0.34968,0.18325,0.25274,0.0498,0.0993125,0.09029333,0.0019200001,0.0020375,0.0019366667,0.25008002,0.2183875,0.22146668,0.1351,0.144575,0.13219334,0.38286,0.20985,0.27894667,0.4992526,0.23347877,0.3562312
819,9,4314968.2558124885,440727.96333325375,0.017933333,0.03746,0.02919091,0.021466667,0.04338,0.03511818,0.0436,0.05588,0.056536365,0.025266668,0.067,0.05675909,0.41873336,0.13922,0.24516365,0.15396667,0.20294,0.1978091,0.06196667,0.15106,0.1246091,0.0013666668,0.00296,0.0017727272,0.6649212,0.13888247,0.3409703,0.52603877,0.025080001,0.0390625,0.03547742,0.0192,0.0297375,0.025612904,0.043020003,0.04185,0.046051614,0.02586,0.0528375,0.045335483,0.06566,0.073675,0.08062258,0.25654,0.0966625,0.16334517,0.34824,0.108275,0.19813548,0.33476,0.103025,0.1932129,0.05302,0.0764375,0.07723871,0.00228,0.002075,0.0023741936,0.16158001,0.19765,0.19836451,0.07052,0.14495,0.1255387,0.37673998,0.1276125,0.2222742,0.55286133,0.10202079,0.28393885
820,9,4356603.558172312,488326.0022014604,0.04058889,0.05305,0.046776745,0.044066664,0.06646667,0.057465117,0.07163333,0.09023333,0.08729302,0.057266667,0.11833334,0.1009,0.46076664,0.20093334,0.31567672,0.25867778,0.31496668,0.29100466,0.1399,0.2375,0.18863721,0.0030555555,0.004883333,0.0024093024,0.6311762,0.13906348,0.34467143,0.4921127,0.0416,0.046942856,0.04479697,0.04655,0.06367143,0.060609087,0.07633333,0.08761429,0.09124849,0.0694,0.11822858,0.11379395,0.108616665,0.13975714,0.14418788,0.30996668,0.16587143,0.22937272,0.4105,0.1813,0.27219394,0.40748334,0.18941428,0.28032425,0.06296667,0.090742856,0.08998788,0.0016333334,0.0025714284,0.002239394,0.2857,0.30911428,0.3122121,0.15971667,0.22402856,0.20678484,0.44671664,0.20761429,0.3064515,0.5369664,0.12080419,0.26800427
821,9,4283719.905671892,707486.9177785835,0.04,0.03386,0.02564737,0.0415,0.04008,0.02928421,0.04355,0.0543,0.03903684,0.0354,0.06678,0.03991579,0.0363,0.111480005,0.05236842,0.01825,0.15788001,0.05998421,0.01525,0.10616,0.043078944,0.0017,0.00148,0.0015263158,0.0020066716,0.08787091,0.027114173,-0.08586424,0.040060002,0.03235,0.034434784,0.046320003,0.03105,0.03495217,0.05458,0.0468,0.048113044,0.0501,0.0616,0.05108696,0.051859997,0.0749,0.06521739,0.06408,0.07875,0.07652608,0.06996,0.0917,0.08642174,0.07182,0.09455,0.08838696,0.0176,0.03515,0.036130436,0.00091999996,0.00135,0.002521739,0.05286,0.15045,0.09576522,0.0379,0.1017,0.065186955,0.06828,0.1089,0.091552176,0.045551397,0.066303656,0.07700276
822,9,4355548.205857262,450765.377257864,0.018025,0.019625,0.016709091,0.022425,0.0268,0.023795454,0.041075,0.041775,0.043022726,0.028825,0.052075,0.043363634,0.16825,0.116875,0.13716817,0.074725,0.120175,0.09339091,0.037875,0.076475,0.05447727,0.001025,0.002225,0.001659091,0.28168258,0.13045001,0.18893299,0.15123257,0.02135,0.0245875,0.023065517,0.0189,0.015275,0.018231034,0.034675,0.0285875,0.034127586,0.02715,0.0388,0.039410345,0.05365,0.063175,0.066296555,0.11875,0.073825,0.096606895,0.1443,0.087125,0.11340344,0.1075,0.078875,0.09758621,0.031525,0.054825,0.05644138,0.00095,0.001825,0.0017655173,0.0867,0.132275,0.11248966,0.0431,0.084725,0.06682759,0.151275,0.106475,0.12892759,0.1712986,0.08548457,0.12199562
823,9,4359456.152786242,527760.3620998363,0.034742855,0.04596,0.038559526,0.03927143,0.05708,0.047564287,0.07477143,0.07842,0.07654286,0.0533,0.10198,0.0833,0.37544283,0.17608,0.26289523,0.22624284,0.27248,0.2526,0.11598572,0.19805999,0.15748334,0.0020428572,0.00296,0.0018761905,0.5357037,0.13038136,0.30693424,0.40532237,0.039566666,0.13855,0.062126666,0.039266665,0.097675,0.057646666,0.07542,0.11756666,0.08657167,0.053820003,0.14811666,0.09595667,0.11274,0.17091666,0.13411,0.27861333,0.1896,0.21443,0.33708668,0.20565,0.247705,0.33508667,0.20686668,0.2532,0.056533333,0.09904167,0.08273333,0.0019933332,0.002075,0.0022149999,0.23424,0.23975,0.26099333,0.121740006,0.17195834,0.16481,0.37307334,0.2307,0.279535,0.48022157,0.09400926,0.2649878
824,9,4345684.321596281,444024.63086647174,0.017575,0.0421,0.03907143,0.02165,0.050275,0.04848095,0.046625,0.0671,0.074766666,0.0272,0.086125,0.08578095,0.444,0.145275,0.26806667,0.1728,0.2514,0.2589143,0.073275,0.20695,0.18395238,0.001125,0.0029,0.0018761905,0.6903954,0.10937701,0.30918086,0.5810184,0.020516668,0.0329,0.029520001,0.024216667,0.037588887,0.041416667,0.049716666,0.055622224,0.066536665,0.037866667,0.079566665,0.08602333,0.06656667,0.09141111,0.10471333,0.25598332,0.1057,0.16764334,0.36783332,0.118433334,0.20528999,0.36478332,0.12607779,0.21113667,0.05896667,0.0665,0.07080333,0.0030666667,0.002711111,0.0021766666,0.18721667,0.23812221,0.25399,0.08771667,0.19375555,0.18473333,0.40058333,0.14221111,0.23413001,0.5614565,0.08828737,0.22064404
825,9,4358041.629603146,511935.5483771539,0.0401,0.04897143,0.03710811,0.05988,0.06128571,0.048205405,0.10246,0.08684286,0.07779459,0.13166,0.10895714,0.08895676,0.30774,0.21157144,0.31615677,0.3212,0.29587144,0.25658107,0.1932,0.22281428,0.15947567,0.00126,0.0029285715,0.001972973,0.2711052,0.17415057,0.37132603,0.09695463,0.033816665,0.0687,0.039067347,0.051291667,0.07001111,0.04652245,0.09114167,0.0937,0.077769384,0.11661667,0.12093334,0.089924484,0.15245,0.14458889,0.1271449,0.24295,0.17824444,0.23720613,0.2855667,0.19813333,0.29033676,0.29135,0.20484443,0.29596737,0.05314167,0.09724445,0.09879591,0.0027166666,0.0024555556,0.0023326532,0.27649167,0.30672222,0.2588,0.15710834,0.22506668,0.1571204,0.32644168,0.22421111,0.3252245,0.27802,0.14031161,0.34072754
826,9,4349110.736929587,517221.54058752593,0.022916667,0.04862,0.042616665,0.0265,0.058679998,0.052472223,0.05296667,0.083620004,0.082769446,0.0365,0.10876,0.097502775,0.41508335,0.2084,0.28689444,0.18546666,0.29606,0.28315833,0.08201667,0.22506002,0.19118056,0.00115,0.0033,0.0017777779,0.6298455,0.16952221,0.3113149,0.46032327,0.025072727,0.10928462,0.05682586,0.026936365,0.10057692,0.060506895,0.057418182,0.12399231,0.09099311,0.03970909,0.15332307,0.103812076,0.0836,0.1804,0.14074138,0.27503636,0.21131538,0.23057415,0.36605453,0.23013845,0.27196035,0.37346366,0.23853846,0.28284657,0.06287273,0.100430764,0.0914931,0.0013454545,0.003423077,0.0023155173,0.20101817,0.28,0.28292415,0.09257273,0.20536155,0.18806034,0.40054545,0.26246923,0.30690172,0.56808686,0.13260917,0.29215896
827,9,4388365.285194635,417818.2616564718,0.02596,0.02585,0.02665263,0.025679998,0.028575,0.03015263,0.0398,0.037825,0.044073686,0.02654,0.042575,0.045494735,0.26086,0.07875,0.16236842,0.16454001,0.13015,0.16193157,0.08726,0.10015,0.1059421,0.0018399999,0.0011,0.0014789473,0.4422614,0.07658159,0.22978482,0.3656798,0.0306,0.0307,0.033019353,0.02657143,0.024075,0.03156452,0.045685716,0.0342625,0.04814516,0.039614286,0.0474125,0.05764194,0.06557143,0.0637625,0.078167744,0.19665714,0.0793,0.13125807,0.25707144,0.088025,0.15710646,0.25252858,0.084375,0.15570968,0.05242857,0.0653875,0.068170965,0.003757143,0.002125,0.0021741935,0.19732858,0.16545,0.19973226,0.11514286,0.1202125,0.13516451,0.279,0.1015375,0.17668387,0.39498708,0.07712315,0.1894589
828,9,4360497.286968098,492146.458020331,0.0263375,0.048283335,0.037410002,0.033575,0.05908333,0.0457975,0.07075,0.08106667,0.07564,0.0543125,0.10495,0.07746,0.3581625,0.21173333,0.2904025,0.20735,0.30313334,0.2504,0.1026875,0.20853333,0.14828001,0.002325,0.0029,0.0021674999,0.5103249,0.18239674,0.3606001,0.32792816,0.023771428,0.0791625,0.04541143,0.033185713,0.04415,0.04182,0.06945714,0.0684,0.07222286,0.0535,0.09905,0.0774,0.103614286,0.1317,0.120388575,0.26647145,0.167525,0.21357429,0.33148572,0.18845,0.25081998,0.33257145,0.205,0.26732,0.05818571,0.0866125,0.08086572,0.0015571428,0.0025625,0.0021,0.21901429,0.2789625,0.25971428,0.10615714,0.187025,0.15434857,0.36745715,0.2268375,0.2896257,0.4775443,0.18359418,0.32675424
829,9,4357572.196972609,498291.3571009119,0.021828571,0.02466,0.026418919,0.029457144,0.03128,0.034405403,0.049385715,0.050160002,0.055843245,0.05121429,0.05282,0.06385405,0.04907143,0.03906,0.04949189,0.018,0.0064,0.011243244,0.0134,0.00446,0.008348648,0.0011857143,0.00154,0.0014513513,-0.004570998,-0.029506927,-0.02985297,0.02493593,0.026457144,0.019366667,0.0259375,0.032085713,0.028016666,0.0327875,0.05134286,0.047583334,0.05376875,0.05324286,0.05795,0.06076875,0.0623,0.07011667,0.07320625,0.05675714,0.0564,0.0585875,0.06537143,0.05948333,0.06291875,0.058042858,0.05775,0.056925,0.0021571429,0.013233333,0.006228125,0.0011857143,0.0010666667,0.00109375,0.029685715,0.01515,0.018365625,0.021842858,0.009866666,0.01379375,0.055585712,0.0551,0.051190626,0.010119529,-0.00041776957,-0.007989372
830,9,4396986.002713188,456407.85544995277,0.023475,0.0489,0.031705882,0.030975,0.0603,0.040105883,0.069775,0.08656667,0.07447059,0.052625,0.107933335,0.06971177,0.407575,0.2456,0.3377588,0.218725,0.28266668,0.2383353,0.103,0.18156666,0.12736471,0.0012,0.0015333333,0.0017058823,0.57851845,0.22873689,0.44524103,0.34978157,0.0264125,0.036375,0.029252943,0.035425,0.0531,0.042267647,0.0702,0.07935,0.07475,0.0551625,0.10415,0.077741176,0.1048875,0.13265,0.120758824,0.285325,0.1798625,0.2343353,0.3602875,0.2027375,0.2787206,0.3587875,0.224125,0.29262942,0.0556,0.080925,0.07932059,0.002425,0.0020125,0.0018,0.2205875,0.2841375,0.25299707,0.1046375,0.18195,0.14194117,0.4009875,0.2361875,0.31555587,0.50903565,0.20347367,0.36318117
831,9,4353302.1769404905,460778.7490910185,0.0327,0.0451,0.033094447,0.0396,0.056166667,0.04365,0.0594,0.08246667,0.06897778,0.05985,0.09023333,0.07845555,0.03835,0.034766667,0.03881111,0.029,0.00013333333,0.011266666,0.02505,0.00036666667,0.010283333,0.00105,0.0012333333,0.0016166666,-0.045474153,-0.11081571,-0.08076828,0.06534156,0.038683333,0.031642854,0.029717855,0.0437,0.04072857,0.037807144,0.06603333,0.06552857,0.06105357,0.06368333,0.07204286,0.06650714,0.07293333,0.08221429,0.07624643,0.075733334,0.05342857,0.058382142,0.08981667,0.05362857,0.063564286,0.08186667,0.044142857,0.05575,0.00955,0.0045,0.005475,0.0042333333,0.0018714285,0.002107143,0.046933334,0.0194,0.026428571,0.033666667,0.017657142,0.020267857,0.08158333,0.03847143,0.05070357,0.03681712,-0.057310916,-0.022127341
832,9,4361351.173335891,443926.4663038474,0.0308,0.050125,0.04860476,0.032275,0.06045,0.058404762,0.0531,0.078775,0.08452857,0.03355,0.097575,0.09899524,0.48035,0.15635,0.27459523,0.22615,0.279025,0.302,0.102975,0.224025,0.21650477,0.001225,0.001275,0.0017380953,0.71562654,0.10567015,0.29030862,0.6099564,0.039066665,0.049583334,0.047759376,0.036033336,0.05315,0.0535375,0.0614,0.07148333,0.07955,0.050916664,0.09391667,0.098475,0.08688333,0.11068334,0.1245375,0.27026668,0.12421666,0.1854375,0.3577667,0.13645,0.21870938,0.36373332,0.14231667,0.22740938,0.05403333,0.07161667,0.07315312,0.0034333332,0.0018666666,0.002384375,0.2529,0.2871833,0.301575,0.13785,0.22775,0.21371563,0.39268333,0.15928334,0.24990313,0.52629656,0.08846861,0.22021253
833,9,4268961.248810637,676922.7489083777,0.024375,0.04444,0.030080952,0.031475,0.055379998,0.03902857,0.05595,0.0785,0.06580952,0.051625,0.09814,0.06822857,0.24265,0.1858,0.2452238,0.09105,0.24513999,0.17329048,0.041,0.17016,0.1030619,0.0008,0.0016200001,0.001247619,0.34946582,0.15418594,0.3140502,0.19527988,0.027914286,0.21495,0.043517854,0.03582857,0.2259,0.053925,0.060771428,0.25125,0.08035714,0.05745714,0.27925,0.08312143,0.081285715,0.29435,0.11277142,0.19564286,0.3152,0.19996428,0.25178573,0.34505,0.24107857,0.24004285,0.37015,0.250725,0.043114286,0.1373,0.06459286,0.0012142857,0.00265,0.0017785715,0.115514286,0.2004,0.16591072,0.05821429,0.1485,0.10085714,0.2691143,0.36235,0.26707858,0.33126575,0.111377954,0.28892857
834,9,4369148.50511314,547060.2123657052,0.03745,0.0713,0.05598947,0.0434,0.084,0.06691053,0.072625,0.1127,0.09763158,0.06775,0.146,0.120910525,0.39465,0.2378,0.26778948,0.23815,0.341,0.31046316,0.1362,0.2729,0.23227368,0.001025,0.0025,0.0015894737,0.52480334,0.14450322,0.23568891,0.3803001,0.040416665,0.11557693,0.06752,0.046116665,0.13785385,0.081375,0.080425,0.16706923,0.113051675,0.080125,0.20545386,0.141075,0.117466666,0.22225386,0.16466999,0.26215833,0.23893845,0.21446002,0.33765832,0.2526,0.24401668,0.3408,0.26144615,0.25267,0.06339167,0.10259231,0.08038166,0.0027,0.0036692307,0.0024333333,0.263475,0.3083,0.31797165,0.15929167,0.2424,0.23947835,0.371225,0.2754923,0.27206,0.42507824,0.07978222,0.17532599
835,9,4280460.214574237,503866.8752167341,0.024771428,0.03642857,0.028136112,0.027514284,0.04247143,0.032555554,0.0503,0.055557143,0.05232778,0.031914286,0.06944286,0.049244445,0.37804285,0.1516,0.25016943,0.18375714,0.23397143,0.20170279,0.08361429,0.164,0.118375,0.0015571428,0.0024285715,0.0017472222,0.5948709,0.15580569,0.3670919,0.43906522,0.032,0.070345454,0.04090492,0.026126666,0.054163635,0.03579508,0.053826667,0.070581816,0.05868033,0.03736,0.090618186,0.059008196,0.087526664,0.11129091,0.096009836,0.27532,0.13653636,0.19486229,0.35582,0.15312727,0.23733115,0.35561332,0.16447273,0.245841,0.05546667,0.09292727,0.082996726,0.00146,0.0029818183,0.0022934426,0.2128,0.24090908,0.22360328,0.101113334,0.1704,0.13230163,0.39475334,0.17928183,0.27052623,0.5505056,0.13360506,0.33664522
836,9,4395744.857196351,442952.2373826414,0.044333335,0.041433334,0.043988887,0.0465,0.0513,0.05276667,0.06556667,0.06883333,0.07647777,0.05843333,0.0889,0.0922,0.258,0.15623334,0.24891111,0.23896667,0.2577,0.26143333,0.15813334,0.22933333,0.19030556,0.0015666666,0.0013,0.0016277778,0.35681763,0.12290754,0.26648083,0.23391008,0.04592857,0.042542856,0.047020588,0.048757143,0.045142855,0.05372353,0.071,0.063028574,0.07845882,0.0752,0.088285714,0.10377059,0.0983,0.10644286,0.12783529,0.18972857,0.124714285,0.17279117,0.23401429,0.13924286,0.20139411,0.23502856,0.14412858,0.20783235,0.045342855,0.083314285,0.07771765,0.0036285713,0.0027714286,0.0023,0.28681427,0.2742857,0.29570293,0.21284285,0.21688572,0.21890882,0.26167142,0.16405714,0.23334119,0.2822812,0.10295405,0.17856933
837,9,4334228.400646581,508323.0103092275,0.029383335,0.0386,0.031494286,0.03465,0.047025,0.038294286,0.06295,0.06665,0.06394,0.05235,0.083675,0.06400286,0.28731668,0.178925,0.23839714,0.16285,0.2324,0.18603715,0.08145,0.15955,0.10903429,0.00095,0.002875,0.0014771428,0.4157358,0.17258623,0.3132072,0.24314958,0.024516666,0.05557273,0.037809838,0.026933335,0.035627272,0.032145903,0.0581,0.05487273,0.058634423,0.044183336,0.07566363,0.058983605,0.09111667,0.1092,0.10251639,0.23948333,0.13904546,0.19545573,0.29869166,0.1574,0.23282951,0.29039168,0.15632728,0.2291623,0.049291667,0.081690915,0.07396558,0.002625,0.001790909,0.0024918034,0.180175,0.23030908,0.20619509,0.09025,0.15652727,0.12283279,0.325,0.18773636,0.26191476,0.4407812,0.15072584,0.31038126
838,9,4356317.408670862,587811.5947774868,0.03095,0.0413,0.03258,0.036616664,0.05565,0.04239,0.0695,0.08355,0.072815,0.05328333,0.0949,0.073645,0.24003333,0.11455,0.171315,0.14381666,0.1366,0.143415,0.073133335,0.09705,0.086275,0.00155,0.00365,0.002025,0.34130454,0.036597367,0.18113025,0.30470717,0.030946154,0.09947273,0.049403332,0.034692306,0.097645454,0.053008333,0.07248461,0.11977273,0.082270004,0.04633846,0.12724546,0.080981664,0.0989,0.14090909,0.111844994,0.22280769,0.13485454,0.15572166,0.26173845,0.13947272,0.17538,0.27334616,0.13512728,0.18034166,0.042730767,0.06992727,0.06279167,0.001176923,0.0021636365,0.0018116666,0.16943847,0.12223636,0.16456167,0.08172308,0.084818184,0.098061666,0.2791923,0.14037272,0.18814833,0.4098918,0.013678811,0.18069427
839,9,4307923.781136574,497904.7006143678,0.0302,0.040342856,0.033712193,0.0370625,0.049985714,0.042190243,0.064875,0.07012857,0.06817317,0.0634125,0.09085714,0.07522683,0.2992625,0.18791428,0.2521,0.19915,0.23562856,0.21749024,0.121025,0.16942857,0.14047562,0.00105,0.0037,0.0017634146,0.40623102,0.17258021,0.30864805,0.2336508,0.04015,0.038875,0.036703225,0.03535,0.0425875,0.03484516,0.06435,0.0613125,0.060429033,0.052825,0.0833875,0.063948385,0.09695,0.1034625,0.10089355,0.2539,0.1299125,0.1920871,0.329375,0.1460375,0.23392259,0.3540375,0.1661125,0.25836775,0.052875,0.0781125,0.075687096,0.0027375,0.0022625,0.0020935484,0.223175,0.2371875,0.22246453,0.128475,0.162575,0.13910322,0.3631875,0.1732625,0.26550967,0.508524,0.1513732,0.34426498
840,9,4360513.317692275,484938.7352042226,0.023044445,0.05581429,0.049342554,0.027833335,0.06715714,0.06012766,0.049733333,0.09305714,0.08761277,0.035366666,0.11197142,0.10111064,0.44113335,0.21651429,0.27277023,0.16732222,0.27415717,0.2667,0.078611106,0.22808571,0.19844255,0.002111111,0.0030714285,0.0020702127,0.66474956,0.17596897,0.2831852,0.4887806,0.024160001,0.0487625,0.048554286,0.02506,0.0624375,0.060454283,0.04734,0.091325,0.090242855,0.03388,0.113125,0.10884572,0.05968,0.1426625,0.13544571,0.2503,0.1774,0.19807142,0.38152,0.1934875,0.23421714,0.3787,0.20835,0.24473143,0.052740004,0.0869625,0.07473714,0.0019200001,0.0023875,0.0020885714,0.17354,0.2769375,0.28445715,0.07864,0.214525,0.21221143,0.408,0.2188375,0.2620257,0.5904404,0.16086935,0.22557971
841,9,4273732.335105977,660498.6212085945,0.027933335,0.04166,0.033241667,0.033466667,0.05302,0.040270835,0.07118333,0.08062,0.07298333,0.052783333,0.09922,0.0679,0.38476667,0.23498,0.31400418,0.2021,0.24276,0.22226667,0.09318333,0.15524,0.12104166,0.0026666666,0.00148,0.0018916666,0.5491152,0.23039724,0.41657102,0.31871796,0.036222223,0.0319,0.03492,0.03791111,0.0323,0.037753332,0.07383333,0.0605,0.07015333,0.061722223,0.0615,0.06454,0.115622215,0.1064,0.11469667,0.27357778,0.183,0.23857667,0.3361778,0.2186,0.28490666,0.3287778,0.2191,0.28486666,0.06497778,0.0369,0.077593334,0.0011,0.0013,0.0018333334,0.23751111,0.2351,0.23731999,0.1167,0.1324,0.12764333,0.37974444,0.2524,0.32079,0.45205083,0.28828567,0.38257465
842,9,4280329.265004838,651618.3317824567,0.027083334,0.05465,0.039404165,0.031983335,0.069525,0.048120834,0.0573,0.1053,0.07806667,0.0439,0.134225,0.08299167,0.39435,0.336175,0.33460417,0.20403333,0.328625,0.26702917,0.09621667,0.2113,0.15789583,0.0017166666,0.001275,0.0015,0.58419627,0.3044506,0.41011724,0.27974567,0.0316875,0.1889,0.04844,0.0268625,0.27585,0.058263335,0.052825,0.3129,0.089206666,0.0439125,0.33165,0.09566334,0.0774625,0.36355,0.13430999,0.247325,0.44405,0.24875666,0.3371375,0.4735,0.29903,0.3328375,0.4928,0.30658332,0.0584,0.0877,0.07433,0.0011125,0.0015,0.0015,0.2140625,0.18715,0.25821334,0.1063,0.1199,0.15329,0.371975,0.50145,0.33512667,0.502224,0.17602327,0.34325504
843,9,4357326.187434975,471812.43034486653,0.020060001,0.04182,0.051035713,0.02352,0.05064,0.06167857,0.04656,0.07204,0.09195,0.030120002,0.092159994,0.112021424,0.4578,0.16474,0.27635714,0.1665,0.24001999,0.28955716,0.0683,0.19141999,0.21745716,0.0029799999,0.00274,0.0020178573,0.69878334,0.1309235,0.2658795,0.5678598,0.019516667,0.0305125,0.037067648,0.020833332,0.0474625,0.05670294,0.045933336,0.074,0.08931471,0.032366667,0.1025375,0.11433529,0.05993333,0.119425,0.13465294,0.25075,0.147225,0.19713823,0.37735,0.1620375,0.23641177,0.37005,0.1752375,0.24537942,0.059583332,0.0792125,0.07919411,0.00225,0.0026625,0.0022,0.17153333,0.2563875,0.2808794,0.07176667,0.1892375,0.20069118,0.40668333,0.184575,0.26412058,0.58312553,0.12787342,0.21556371
844,9,4321877.867858827,451614.487060229,0.02214,0.0379,0.03022381,0.026279999,0.0488,0.038928572,0.04998,0.0663,0.06250476,0.03246,0.08845,0.06878095,0.4503,0.16475,0.2738476,0.1945,0.2367,0.22153333,0.0863,0.16835,0.13488571,0.00334,0.00325,0.002257143,0.6835475,0.13852276,0.35628524,0.54502475,0.026016666,0.044675,0.039085295,0.024866667,0.0495375,0.041914705,0.05141667,0.0705625,0.06686471,0.035833333,0.09985,0.08307941,0.07955,0.1198125,0.11276765,0.30066666,0.1369375,0.18711765,0.40653333,0.1525625,0.22582059,0.39918333,0.1551125,0.2261912,0.06401667,0.0857375,0.08291177,0.0020333333,0.0023125,0.0022441177,0.20716667,0.262725,0.25350294,0.09448333,0.187425,0.1641206,0.44473335,0.1800625,0.25766176,0.61162484,0.09905432,0.2509708
845,9,4349817.247981938,476234.3571404602,0.02463,0.00904,0.027228571,0.030960001,0.01894,0.03680571,0.07885,0.03606,0.06739143,0.04311,0.037639998,0.0665,0.50745,0.0192,0.2588943,0.20776,0.0241,0.18214001,0.0916,0.020060001,0.108085714,0.00248,0.00126,0.0016600001,0.7206157,-0.041548893,0.33908188,0.7621646,0.0244,0.0181125,0.022287097,0.03102,0.0258,0.031138709,0.07488,0.0396625,0.0559,0.04346,0.04155,0.05954839,0.107140005,0.0458125,0.08481613,0.3233,0.0333375,0.13778064,0.39793998,0.0309,0.15996774,0.39764,0.0271875,0.16345806,0.054640003,0.003625,0.037696775,0.0014399999,0.001425,0.0016096774,0.22018,0.0199875,0.14288388,0.10156,0.0133125,0.084835485,0.42543998,0.0251,0.17558064,0.5895359,-0.03186264,0.19885127
846,9,4315483.315980913,414964.5539523003,0.0196,0.0438,0.045761112,0.0211,0.0546,0.056094445,0.0376,0.0811,0.083838895,0.0211,0.08976667,0.096605554,0.497,0.2421,0.26045,0.1372,0.2532333,0.2747611,0.049,0.19053334,0.20102778,0.0011,0.0026,0.0018111111,0.7687511,0.26128498,0.2744825,0.5074661,0.02368,0.050729997,0.045710344,0.0235,0.056890003,0.052386206,0.04318,0.07969,0.07788621,0.0332,0.09175,0.0886,0.05634,0.123509996,0.118537925,0.23868,0.18004,0.2013207,0.38998002,0.20055,0.24686205,0.39382,0.20614,0.25322413,0.057120003,0.1035,0.09121379,0.0034400001,0.00333,0.0026241378,0.15978001,0.26492,0.26746553,0.066920005,0.19244,0.18454137,0.41777998,0.22276,0.27226898,0.6118425,0.20049566,0.2807629
847,9,4339378.290652984,489830.5507796454,0.017866667,0.040579997,0.034551427,0.023183333,0.050839998,0.043737143,0.05195,0.07268,0.0697,0.03435,0.095079996,0.07806,0.42243335,0.18302,0.26170856,0.16988334,0.26736,0.24366,0.0758,0.20641999,0.16781715,0.0014833333,0.0030200002,0.0018542856,0.644711,0.15578808,0.31684247,0.48892295,0.0185,0.03435,0.032128125,0.019114286,0.041,0.04164375,0.044714287,0.06185,0.06625625,0.030257145,0.0899875,0.08115,0.0644,0.107875,0.10584062,0.24685715,0.1286625,0.179525,0.3652143,0.144775,0.22489062,0.36327145,0.148425,0.223425,0.06118571,0.089075,0.086675,0.0033,0.0029125,0.002559375,0.16662857,0.260325,0.25093436,0.07271429,0.191375,0.17214376,0.39517143,0.1700125,0.25289375,0.57980525,0.10707584,0.25080472
848,9,4377420.897493922,506168.08940179495,0.03955,0.051116664,0.04472222,0.042666666,0.06086667,0.052663893,0.06786667,0.08056667,0.076230556,0.05406667,0.10473334,0.089377776,0.44495,0.17231666,0.2639389,0.25776666,0.28941667,0.27505833,0.13773334,0.23515,0.19485,0.00125,0.0030166665,0.0020416665,0.62056404,0.11867743,0.2951768,0.5018866,0.03352857,0.036683336,0.041580554,0.036714286,0.043316666,0.04878889,0.06247143,0.061416667,0.07344722,0.05435714,0.08681667,0.089713894,0.092114285,0.1009,0.1155,0.29415715,0.1143,0.1951,0.39835715,0.12695,0.23910832,0.3962,0.13518333,0.24456944,0.065714285,0.06875,0.07901944,0.0020857144,0.0021833335,0.0020916667,0.25858572,0.244,0.28313056,0.14394286,0.19121666,0.20280834,0.43417144,0.15071666,0.27140278,0.55978984,0.08999834,0.2651849
849,9,4310032.272531025,521024.6730407137,0.04017143,0.0519,0.039896667,0.0502,0.0589,0.046863332,0.08488571,0.08253333,0.07564667,0.08767143,0.09273333,0.07586,0.39022857,0.26823333,0.32923332,0.2793,0.27053332,0.24710335,0.15807143,0.18233334,0.1519,0.0011,0.0019333333,0.0014433333,0.47255647,0.2943064,0.41913217,0.17825007,0.040035713,0.079177774,0.044734426,0.049985714,0.097322226,0.054354094,0.08137857,0.11974444,0.08272295,0.08768571,0.13955556,0.086606555,0.12519287,0.16425556,0.12619507,0.2504,0.20273334,0.22813936,0.30822143,0.22072221,0.2703131,0.3125357,0.23995556,0.2826377,0.05327857,0.0981,0.08319508,0.0013142858,0.0031777779,0.001895082,0.27461427,0.25213334,0.2488951,0.16002858,0.17645556,0.15651147,0.3491,0.24662222,0.303359,0.3690951,0.15937631,0.32880238
850,9,4360774.364596329,482281.91495149594,0.021822223,0.03945,0.029607318,0.029666666,0.047083333,0.03804634,0.062866665,0.065,0.06644634,0.049622223,0.08043333,0.06724146,0.2573889,0.1634,0.22173171,0.14401111,0.21961668,0.17807072,0.07266667,0.15473333,0.10675122,0.0016,0.0024833335,0.0015731708,0.3773508,0.15291251,0.27924407,0.2244383,0.024939999,0.0330875,0.031805884,0.02276,0.03545,0.032779414,0.05452,0.05565,0.05977353,0.036420003,0.0749875,0.06511764,0.082279995,0.098275,0.10020588,0.20242,0.12075,0.16075882,0.24482,0.1365875,0.18590589,0.23726001,0.13995,0.18590882,0.049179997,0.0731625,0.07282353,0.00194,0.0022,0.0019294117,0.14836,0.2211,0.19895588,0.06802,0.1487875,0.11941177,0.26748002,0.16045,0.21025881,0.3790384,0.1230425,0.22498877
851,9,4386342.322111174,482107.1780622126,0.018257143,0.04385,0.028597144,0.023957143,0.051066667,0.035125714,0.04912857,0.0645,0.05435714,0.03437143,0.0728,0.05493428,0.18897143,0.09903333,0.13122,0.09352857,0.12035,0.117580004,0.045057144,0.08256667,0.07188286,0.0010714285,0.0012833333,0.0014571429,0.30398056,0.051488243,0.15099359,0.2524923,0.0268,0.0436625,0.03177027,0.0266125,0.0521125,0.034621622,0.0465625,0.0678375,0.052132435,0.035225,0.078125,0.05418919,0.0617625,0.089225,0.07294324,0.1288125,0.086375,0.09870541,0.1547875,0.0910375,0.11216216,0.128825,0.08045,0.09475676,0.0197875,0.037325,0.031578377,0.00155,0.0017125,0.0015027027,0.09495,0.1123375,0.10934324,0.050825,0.081625,0.06893514,0.1572125,0.0959875,0.11833784,0.1928521,0.004584168,0.08280375
852,9,4340078.661346819,433271.5689353635,0.0155,0.0516,0.0413,0.023033332,0.064275,0.05265263,0.047833335,0.08385,0.079905264,0.0386,0.108725,0.0939,0.2708,0.16495,0.21774212,0.12593333,0.268275,0.23745789,0.06533333,0.2188,0.17473158,0.0009666667,0.002875,0.0016368421,0.4257613,0.09857879,0.21454148,0.32718253,0.0194,0.045133334,0.04051875,0.02408,0.05606667,0.047028124,0.04834,0.076788895,0.071509376,0.04482,0.106366664,0.0910375,0.06594,0.119155556,0.11334375,0.175,0.12997778,0.15305938,0.25916,0.14356667,0.18099062,0.2522,0.15014444,0.18557188,0.03362,0.070255555,0.061840624,0.00112,0.0032888888,0.00205625,0.1317,0.27215555,0.2468875,0.063379996,0.21111111,0.17971875,0.27492,0.1635,0.20374687,0.38127828,0.07787288,0.16832304
853,9,4339904.738104326,401216.7731233344,0.0232,0.03302,0.023675,0.02995,0.04274,0.03266875,0.06395,0.06208,0.05858125,0.0527,0.072620004,0.05840625,0.29685,0.119,0.180825,0.09475,0.15891999,0.13068125,0.0383,0.10908,0.07685,0.0008,0.00232,0.00170625,0.42883587,0.0896552,0.23167819,0.33918068,0.020425,0.0378,0.03416,0.023525,0.034075,0.031984,0.052375,0.0504875,0.053632002,0.03515,0.0610125,0.056656,0.075175,0.0743375,0.079771996,0.219975,0.0787375,0.12416,0.286875,0.0890125,0.149076,0.258825,0.0835875,0.13706,0.047475,0.06425,0.066536,0.002125,0.0019375,0.001784,0.137075,0.1632125,0.15786,0.059625,0.111625,0.09686,0.307125,0.1045875,0.16654399,0.41631463,0.045883488,0.15789832
854,9,4352945.217981325,514315.9347166048,0.0092,0.027460001,0.022854546,0.014733333,0.033779997,0.030151514,0.0308,0.04566,0.0489,0.026533334,0.06598,0.058687877,0.066366665,0.14146,0.14855453,0.041666664,0.21883999,0.16151212,0.0262,0.13941999,0.10081212,0.0010333332,0.00318,0.0018333334,0.0881232,0.14517483,0.17424048,-0.05705163,0.02428,0.066029996,0.037094288,0.02332,0.054659996,0.033811428,0.036620002,0.06597,0.050405715,0.034760002,0.08813,0.0637,0.0472,0.10479,0.08561715,0.0704,0.11746,0.11658858,0.083440006,0.13408001,0.13573143,0.07732,0.14329,0.14180571,0.01592,0.08068,0.06654572,0.00206,0.00312,0.0022342857,0.06412,0.21341,0.18814287,0.03968,0.13713,0.11698,0.086440004,0.16413,0.16203143,0.09166535,0.101786084,0.15081982
855,9,4328754.059149467,421999.1326157249,0.02085,0.04374,0.04414737,0.02515,0.054020002,0.05449474,0.04845,0.07626,0.08253684,0.034,0.0937,0.098236844,0.4259,0.19002,0.26315787,0.1706,0.25578,0.2759158,0.0719,0.19574,0.19756842,0.0013,0.0030200002,0.0019894738,0.64991707,0.1701887,0.27506527,0.47972837,0.0172,0.03845,0.036532,0.016666668,0.05865,0.056948,0.038066667,0.0867875,0.087788,0.024133332,0.112475,0.11115601,0.050533336,0.1320375,0.133508,0.2576,0.170625,0.20323199,0.4254,0.19135,0.246668,0.42906666,0.2037625,0.259356,0.0497,0.0822875,0.08622,0.0011,0.0022625,0.0023079999,0.1618,0.300025,0.301304,0.06176667,0.2207375,0.21183601,0.46036664,0.2141875,0.275816,0.6807952,0.1548608,0.24277082
856,9,4336595.356776777,529874.2514644251,0.01984,0.042733334,0.031661905,0.02268,0.056,0.0398,0.0396,0.08156667,0.06279524,0.0255,0.10233333,0.0669619,0.41217998,0.1949,0.2593238,0.14318,0.24313332,0.20166667,0.05808,0.17913334,0.12824762,0.001,0.0054,0.0019857143,0.6561104,0.16065025,0.3386576,0.49546015,0.0224,0.064459994,0.033025,0.023417646,0.09717,0.045891665,0.045841176,0.120740004,0.07030833,0.032494117,0.14824,0.07833833,0.061841175,0.16516,0.10644,0.23979412,0.19324,0.19511999,0.3588,0.20885,0.24498667,0.36109412,0.22808999,0.255575,0.061194114,0.07689,0.07215833,0.0025058822,0.00194,0.0020016667,0.16272354,0.22462,0.21668667,0.07054117,0.15981999,0.13540834,0.39425883,0.23248999,0.27491167,0.5708508,0.12603652,0.30693796
857,9,4339256.012059233,433911.30357092625,0.03415,0.044966664,0.037021056,0.038075,0.0552,0.046421055,0.064075,0.08086667,0.07814211,0.05065,0.0958,0.08147368,0.414825,0.2686,0.33953157,0.2287,0.28923333,0.25957894,0.11455,0.1987,0.15478948,0.001275,0.0038666667,0.0018368422,0.5925842,0.28828442,0.42027098,0.30429977,0.03048,0.041625,0.03714375,0.03216,0.0501125,0.042503126,0.0625,0.074125,0.072446875,0.052440003,0.091675,0.07805,0.09644,0.127075,0.12286875,0.2915,0.194475,0.23366874,0.38992,0.223575,0.28254062,0.3911,0.2305125,0.29260936,0.044460002,0.1089625,0.092525,0.0017,0.0030125,0.002375,0.24366,0.28715,0.26932812,0.12112,0.190875,0.16208126,0.4281,0.2517375,0.31703126,0.5581243,0.23928714,0.36244863
858,9,4358106.045567219,497369.64591266686,0.021357143,0.044233333,0.025535898,0.030642856,0.0568,0.035371795,0.05557143,0.08326667,0.05955128,0.05825714,0.09271667,0.06738975,0.059257142,0.0703,0.060551282,0.023471428,0.00695,0.013628206,0.015628573,0.005,0.009048718,0.0024857144,0.0013333333,0.0016205128,0.002084946,-0.043348406,-0.0139870355,0.04543335,0.04262857,0.0352375,0.03348235,0.04567143,0.0420875,0.03857941,0.07021429,0.065475,0.06087647,0.074,0.07705,0.067917645,0.08974286,0.093525,0.08335,0.08485714,0.0771125,0.07292059,0.09674286,0.0807625,0.07919706,0.08598571,0.0748375,0.07273823,0.0066714287,0.012075,0.008491176,0.0015142858,0.0029875,0.0016205884,0.03197143,0.0191625,0.020982353,0.022371428,0.01415,0.014782353,0.08138571,0.0678625,0.066420585,0.02371369,-0.00439073,0.009752422
859,9,4266837.278696558,678370.2788854754,0.037279997,0.04092,0.036563635,0.0404,0.04884,0.042863633,0.06254,0.06634,0.06704091,0.051459998,0.08226,0.06927727,0.36798,0.20878,0.28908634,0.22996001,0.26751998,0.25146365,0.114819996,0.18091999,0.14916363,0.00112,0.00128,0.0011409092,0.5305454,0.22493184,0.37758753,0.30561358,0.04558,0.03475,0.042120002,0.04399,0.04855,0.04318,0.07055,0.0714,0.06984334,0.06432,0.09085,0.07379,0.10555,0.1304,0.11783001,0.27137,0.19505,0.22943,0.34741002,0.2222,0.27644333,0.34943998,0.22355,0.28302667,0.07051,0.07115,0.0805,0.00117,0.0013,0.0016,0.25633,0.29715,0.26248,0.14139,0.19265,0.15466332,0.38529,0.254,0.31222665,0.47399664,0.23012781,0.35825187
860,9,4356972.72931444,498453.7847405312,0.028657144,0.027466666,0.0274775,0.033,0.035483334,0.03516,0.048,0.05556667,0.05592,0.047957145,0.06163333,0.0635525,0.036914285,0.0601,0.04761,0.0129285725,0.009,0.00746,0.010371429,0.0065833335,0.00647,0.0011,0.0026833334,0.0015100001,-0.0239643,-0.0031732288,-0.03320978,-0.020791072,0.032614287,0.017775,0.024886668,0.0392,0.0262,0.03105,0.0587,0.0447,0.052090004,0.0597,0.0536,0.058863334,0.06822857,0.066825,0.07166,0.06608571,0.05855,0.060343336,0.07641429,0.063475,0.06633666,0.0694,0.062475,0.060526665,0.005357143,0.0157,0.005433333,0.0014,0.001125,0.0011733334,0.038014285,0.0204,0.021673333,0.027785715,0.013475,0.015866667,0.067757145,0.06505,0.056336664,0.019997025,0.018627508,0.0034600864
861,9,4265073.638660373,661798.0782199015,0.0252,0.0354,0.0322,0.0266,0.04216,0.03732857,0.049825,0.0581,0.059466667,0.0313,0.074559994,0.06249048,0.403375,0.1805,0.26796192,0.1829,0.22832,0.22230951,0.076225,0.15315999,0.13041905,0.00095,0.00156,0.0014952382,0.6291448,0.19482231,0.36227128,0.43432248,0.023219999,0.0389,0.037165217,0.02026,0.0235,0.029273914,0.046520002,0.0381,0.053360872,0.02904,0.0531,0.05286957,0.07458,0.0872,0.09996087,0.27144,0.1378,0.2062,0.35676,0.1629,0.24851738,0.35198,0.1446,0.24979131,0.06742,0.0249,0.07843913,0.00104,0.0015,0.0019217392,0.1943,0.2464,0.23880869,0.083859995,0.1516,0.13732174,0.38992,0.1904,0.28083915,0.56788605,0.17982924,0.35760304
862,9,4349099.351264803,602424.1510616674,0.02255,0.02595,0.021218183,0.034933336,0.03835,0.030927274,0.06915,0.06375,0.059909087,0.07728333,0.06815,0.062504545,0.2737,0.24295,0.2560182,0.2225,0.1847,0.18170454,0.12566666,0.11155,0.102690905,0.0016,0.00385,0.001709091,0.33651894,0.31069815,0.3440783,0.025820792,0.0182,0.0248,0.0212625,0.02846,0.040333334,0.0310875,0.05546,0.064333335,0.05645,0.05852,0.0762,0.05896667,0.0845,0.10066667,0.0878125,0.18315999,0.15213333,0.17525417,0.22931999,0.18063334,0.2195875,0.24268,0.1917,0.23702082,0.02666,0.035666667,0.0451125,0.00102,0.0014666667,0.0013166667,0.18194,0.19073334,0.16697916,0.09658,0.11593334,0.0907375,0.25263998,0.1991,0.24149168,0.3328687,0.21006416,0.3229033
863,9,4355809.898838318,493782.41860902956,0.01755,0.03416,0.024785714,0.024066668,0.04482,0.03209429,0.0479,0.07046,0.05649429,0.039,0.08636,0.05806286,0.1644,0.15225999,0.15561143,0.066816665,0.1972,0.12895429,0.031366665,0.13436,0.07885714,0.0016333334,0.0023,0.0017057143,0.24920507,0.12118211,0.18832318,0.12802297,0.014,0.029571429,0.022584375,0.0197,0.046214286,0.033190627,0.041360002,0.07135714,0.05749375,0.0311,0.09205714,0.061721876,0.05498,0.10952858,0.08770312,0.1401,0.12465714,0.13610312,0.17564,0.14197142,0.15955937,0.17178,0.16798572,0.17386875,0.02492,0.06148571,0.05128125,0.0019200001,0.0019714285,0.00190625,0.07434,0.22007143,0.15139376,0.0351,0.15152858,0.092575,0.18881999,0.16512857,0.18052812,0.28216812,0.1366681,0.21207784
864,9,4335078.121922199,418448.0691154955,0.036766667,0.0453,0.0364,0.048266664,0.05153333,0.04408235,0.08056667,0.06276667,0.0667,0.08156667,0.079,0.07112941,0.2511,0.13006666,0.21888235,0.17756666,0.22006668,0.20379412,0.1131,0.17916666,0.13831764,0.0011666667,0.0029333334,0.0017411765,0.29293323,0.096741594,0.26582056,0.19619164,0.0247,0.0372875,0.034874074,0.032233335,0.04055,0.042418517,0.06246667,0.0534625,0.063985184,0.049833335,0.0707875,0.073755555,0.08456667,0.0853,0.099340744,0.21106668,0.1008375,0.15568519,0.26216668,0.1114,0.1798037,0.24686667,0.1160125,0.1841,0.035533335,0.0726375,0.07761852,0.0010666667,0.002075,0.0017888889,0.17946666,0.217275,0.22805925,0.0968,0.1580125,0.15382592,0.28136668,0.1315375,0.20513332,0.36047962,0.08792463,0.20267314
865,9,4338292.131265516,517237.5200208973,0.020357143,0.0521,0.047542106,0.025428573,0.06625,0.0605,0.049914286,0.099125,0.09593684,0.03717143,0.12705,0.1160921,0.46364287,0.24385,0.31872368,0.17325714,0.316275,0.30523157,0.074357145,0.241625,0.20962632,0.0020714286,0.00355,0.0018157894,0.68659276,0.18853672,0.31713814,0.49805605,0.019625,0.160825,0.07141607,0.022125,0.17486666,0.08157679,0.048225,0.20349166,0.115323216,0.0349,0.231475,0.13481608,0.067266665,0.25914168,0.17051607,0.26601666,0.2948,0.26001605,0.396675,0.3079,0.30702856,0.39925,0.316375,0.31505,0.06491667,0.14164166,0.10378036,0.001525,0.004416667,0.0027017856,0.17825834,0.27309167,0.29900894,0.07765,0.2059,0.20579107,0.42861664,0.3281,0.33579466,0.61420685,0.11338655,0.27498016
866,9,4278234.494809085,597861.3972870187,0.0372375,0.0443875,0.037282053,0.0432375,0.04955,0.043371797,0.069675,0.063875,0.066141024,0.068825,0.0794125,0.07114359,0.259475,0.15725,0.22799487,0.235325,0.23455,0.2322205,0.15065,0.1709375,0.15524359,0.001075,0.0014,0.0013128205,0.33455467,0.14437452,0.28034398,0.19018015,0.04115,0.1232,0.050225,0.043516666,0.0759,0.04557857,0.06983333,0.092875,0.07098214,0.0711,0.116875,0.07713571,0.09705,0.1498,0.11386786,0.19325,0.16965,0.18924285,0.23726667,0.18785,0.22035356,0.22286667,0.17245,0.21680357,0.03875,0.063,0.06810714,0.0010666667,0.001425,0.0015928572,0.2427,0.2217,0.24164285,0.15836667,0.162,0.15913928,0.26121667,0.213,0.24806072,0.27227476,0.09562443,0.24906367
867,9,4257593.4276346285,579870.1059264101,0.0207,0.0145,0.023906667,0.025866665,0.0195,0.0313,0.042366665,0.031,0.050173335,0.0374,0.02555,0.05214,0.026233334,0.00195,0.0541,0.010533334,-0.0032,0.07526,0.0079333335,-0.00045,0.061493333,0.0007,0.0011,0.00114,-0.02501508,-0.0554892,0.004155229,0.03047412,0.03675,0.015725,0.03049643,0.047116667,0.016975,0.041660715,0.069466665,0.027425,0.06307857,0.07678333,0.029175,0.07013929,0.082716666,0.03115,0.07669286,0.09915,0.026425,0.08399286,0.11355,0.031475,0.09378929,0.10898334,0.02965,0.09371071,0.0294,0.008075,0.030771429,0.0013333333,0.0013,0.0016392857,0.15975,0.053,0.13240358,0.12623334,0.03765,0.10168571,0.11815,0.0327,0.09875,0.062245656,0.0010798707,0.046692915
868,9,4309176.289987023,588883.3115909711,0.038133334,0.0657,0.058575,0.042133335,0.0761,0.0691,0.069066666,0.0984,0.09693125,0.06136667,0.1216,0.11965,0.45586666,0.2152,0.275475,0.26853332,0.3208,0.3333375,0.14496666,0.2398,0.2323875,0.0009666667,0.0031,0.00205,0.61519635,0.15527126,0.24929847,0.4599251,0.04,0.188225,0.06991035,0.042585716,0.213175,0.083813794,0.06658571,0.23465,0.10922413,0.05645714,0.26425,0.1275,0.09574286,0.2781,0.15548965,0.30374286,0.29255,0.23405173,0.4097143,0.308925,0.27743793,0.4089857,0.310625,0.28393102,0.06738571,0.114575,0.0863931,0.0014857142,0.002325,0.0020413795,0.25652856,0.285475,0.31357932,0.13275714,0.211,0.20815173,0.44982857,0.330125,0.31050345,0.5706256,0.059613302,0.2459714
869,9,4287780.9720831085,505435.4095404138,0.0397375,0.044228572,0.031905405,0.0579375,0.052857142,0.041727025,0.100875,0.07482857,0.07084595,0.1227375,0.08978571,0.079264864,0.33575,0.22557144,0.31026757,0.305225,0.2626,0.23007837,0.1776,0.1868,0.13674054,0.0012,0.0027571428,0.0016621622,0.32664216,0.23556615,0.3848754,0.091076,0.0364,0.1105125,0.04191154,0.045266666,0.1151,0.048478846,0.08245833,0.1356625,0.07651153,0.097125,0.154275,0.08315,0.13665,0.1790875,0.12127693,0.26698333,0.23305,0.24146155,0.323925,0.2549125,0.2988423,0.32629168,0.26485,0.30709806,0.040475,0.1143125,0.09695577,0.001275,0.0038125,0.0021576923,0.28901666,0.2304375,0.22904038,0.15815833,0.1608875,0.13192116,0.36086667,0.2800375,0.33299425,0.36739758,0.16906352,0.37159732
870,9,4356699.263355217,497687.80664896755,0.016414285,0.025419999,0.023174286,0.022414286,0.03334,0.03126857,0.040442854,0.05628,0.052479997,0.03982857,0.0569,0.05729143,0.0407,0.03416,0.047794286,0.014171428,0.006,0.010291428,0.0095,0.00446,0.007034286,0.0015285714,0.0013199999,0.0014028571,0.0019172751,-0.04855986,-0.020031203,0.050477136,0.030783335,0.017016668,0.025009375,0.0411,0.023,0.03143125,0.059266668,0.04425,0.051521875,0.0603,0.04655,0.054915626,0.06848333,0.05635,0.06780937,0.0666,0.035816666,0.05760625,0.07585,0.037216667,0.0627375,0.071216665,0.032966666,0.057378124,0.00605,0.0047833333,0.0092125,0.0015,0.0010833333,0.001190625,0.037533335,0.01305,0.02210625,0.026716666,0.0084833335,0.015334375,0.06568333,0.029366666,0.05294375,0.02244497,-0.029666048,0.005176903
871,9,4307340.666282604,522543.6691762363,0.03755,0.0479,0.03928095,0.044075,0.05556667,0.045761906,0.074925,0.069,0.06890952,0.071725,0.08396667,0.07200952,0.328975,0.158,0.2444238,0.245825,0.2308,0.2237,0.1513,0.174,0.1469619,0.001025,0.0033333332,0.0016095238,0.42843148,0.13613874,0.304136,0.29229274,0.03817647,0.042714287,0.04357931,0.0384,0.0412,0.040106896,0.06718823,0.0569,0.06466552,0.059358824,0.07412857,0.06745517,0.103494115,0.09862857,0.10879482,0.24651177,0.122114286,0.19927241,0.30970588,0.13722858,0.23760344,0.31361765,0.1346,0.2410138,0.054294117,0.06974286,0.07563794,0.002382353,0.0017428572,0.002010345,0.24005292,0.22988571,0.24052241,0.14045294,0.16421428,0.15391034,0.34058824,0.15935715,0.26676723,0.43654716,0.11518292,0.3092841
872,9,4298461.558320801,666528.2032082108,0.0225,0.018025,0.0193,0.0268,0.027225,0.025407143,0.05415,0.050275,0.046021428,0.033,0.0596,0.0438,0.30945,0.1213,0.18609285,0.15325,0.1528,0.14817142,0.07505,0.105225,0.08762143,0.00115,0.00125,0.0014571429,0.49769565,0.12200042,0.27550232,0.37569523,0.040383335,0.0344,0.042716667,0.026583334,0.0278,0.028195834,0.050566666,0.042,0.050425,0.04,0.0557,0.05137917,0.07598333,0.0736,0.08245833,0.19805,0.1034,0.15275,0.2443,0.1209,0.181975,0.24381667,0.1304,0.18522084,0.050066665,0.0247,0.05807917,0.00115,0.0013,0.001725,0.17283334,0.186,0.17500417,0.08958333,0.115,0.1049125,0.26781666,0.1482,0.20618333,0.38030702,0.1477359,0.2557098
873,9,4335605.132632714,496493.82856886846,0.027557144,0.041866664,0.033294596,0.032785714,0.051066667,0.04123784,0.06415714,0.07023333,0.06901892,0.04797143,0.09111667,0.07225946,0.40094283,0.17823334,0.27457568,0.20805715,0.2508833,0.23166487,0.10354286,0.181,0.14315136,0.002257143,0.0036833333,0.0021702703,0.58204836,0.15590923,0.34930328,0.42613912,0.025366668,0.028785715,0.027664706,0.029188888,0.047142856,0.037220586,0.06016667,0.06887143,0.06529412,0.04038889,0.09597143,0.06887353,0.09076667,0.11292858,0.10656471,0.2853111,0.13637142,0.20881765,0.36537778,0.15322858,0.25058234,0.36184442,0.17184286,0.26074117,0.064333335,0.06524286,0.074838236,0.0018222221,0.0020142857,0.002164706,0.20141111,0.2507857,0.23290293,0.09207778,0.17512858,0.13983823,0.40114444,0.18207142,0.28411764,0.55089873,0.13527462,0.33636498
874,9,4348132.105566737,463579.89878391655,0.03425,0.043333333,0.03571579,0.040775,0.0514,0.044026315,0.058575,0.0718,0.066305265,0.05365,0.07286667,0.06643158,0.042875,0.0708,0.06134737,0.026075,0.10073333,0.06436842,0.02355,0.07816667,0.05043684,0.0011,0.0023,0.0018578947,-0.022991374,-0.004147678,-0.010411785,-0.018843696,0.0312,0.035275,0.033754542,0.041357145,0.0403125,0.03980303,0.06135714,0.0632375,0.06288485,0.05512857,0.06495,0.06218182,0.06167143,0.078625,0.07611212,0.07287143,0.0693625,0.07375152,0.0875,0.0741125,0.08154545,0.0806,0.0688625,0.07323333,0.015985714,0.0422875,0.03611515,0.0026285716,0.0037,0.002530303,0.0522,0.10615,0.082666665,0.03377143,0.0808,0.05879394,0.08264286,0.075475,0.07990303,0.052500725,0.007986374,0.022600785
875,9,4309713.963354426,414141.23334893887,0.0184,0.043333333,0.044285,0.0217,0.05218333,0.055,0.0447,0.07436667,0.081429996,0.0262,0.08353333,0.09557,0.4671,0.23616667,0.275845,0.1582,0.25168332,0.27803,0.0598,0.171,0.18906,0.0016,0.0025166667,0.00189,0.72043425,0.26560694,0.29941773,0.4548273,0.02134,0.041966666,0.04069032,0.02262,0.052733332,0.053961292,0.04422,0.07648889,0.08117741,0.03298,0.08754445,0.098374195,0.059779998,0.12692222,0.12772581,0.24878001,0.19588889,0.20529678,0.38152,0.21778889,0.24728708,0.37562,0.2314,0.25816128,0.05564,0.0941,0.08621613,0.00238,0.0021888888,0.0025387097,0.17446,0.27203333,0.284171,0.07472,0.1832111,0.18952581,0.41146,0.24295557,0.27777097,0.5888208,0.24948819,0.2673349
876,9,4344582.175753372,504112.65367558144,0.041716665,0.0668,0.059237834,0.045633335,0.080916665,0.073127024,0.07018333,0.10521666,0.107272975,0.06456667,0.14011666,0.1353973,0.4631,0.21915,0.33738106,0.2978,0.36945,0.34965134,0.1772,0.29275,0.25002164,0.00105,0.0041,0.0020216217,0.61575794,0.12702814,0.3037652,0.4887298,0.042157143,0.057342857,0.055796877,0.04212857,0.06891429,0.066828124,0.06644286,0.09245714,0.09952813,0.065,0.12868571,0.126575,0.10004286,0.14418572,0.1600375,0.29848573,0.15918572,0.25643438,0.40801427,0.17395714,0.31119686,0.40235716,0.18351428,0.32013124,0.06345714,0.09164286,0.1005625,0.0024571428,0.0022285716,0.002125,0.28622857,0.33912855,0.34610626,0.16871428,0.2675143,0.243425,0.4459143,0.20071428,0.35123125,0.5412064,0.09184877,0.2979785
877,9,4290585.903389379,703522.3689528957,0.0525,0.03774,0.036157895,0.060075,0.04372,0.04261579,0.092525,0.058679998,0.06718421,0.094075,0.07798,0.07411579,0.354725,0.18438001,0.26622632,0.260775,0.2294,0.22559473,0.155875,0.1527,0.13702105,0.001525,0.001,0.001236842,0.41228914,0.19394374,0.33257735,0.2183454,0.0749,0.0443,0.065068185,0.05454,0.045,0.052509088,0.09358,0.0675,0.08634546,0.095740005,0.0948,0.096836366,0.14708,0.1146,0.13791363,0.27076,0.1543,0.22324091,0.323,0.185,0.2597,0.33308,0.1958,0.27401364,0.06948,0.0367,0.07791818,0.00126,0.0016,0.00185,0.28822,0.261,0.26715,0.17882,0.1575,0.1759591,0.35526,0.2241,0.29122272,0.3796575,0.17740212,0.29403684
878,9,4386606.755576859,482206.5578337775,0.02486,0.039466664,0.030315625,0.032,0.047016665,0.03669375,0.06622,0.06041667,0.054721873,0.046860002,0.06741667,0.054884374,0.19624001,0.051483333,0.0958375,0.08936,0.04085,0.06711563,0.043479998,0.0304,0.04136875,0.00124,0.0010333332,0.001375,0.28535864,-0.032831028,0.08340351,0.31818968,0.031055555,0.0266,0.02966757,0.0352,0.037871428,0.036035135,0.061055556,0.05334286,0.054108106,0.045,0.06038571,0.052908104,0.078422226,0.06397143,0.06977838,0.1370889,0.048314285,0.086067565,0.15842222,0.04902857,0.0958,0.14973333,0.044885714,0.0936081,0.020355556,0.013014285,0.022205405,0.0017666667,0.0013714286,0.0016054055,0.07772222,0.03542857,0.067583784,0.038922224,0.025471428,0.039556757,0.1587111,0.0416,0.09495946,0.20817874,-0.03256818,0.0833615
879,9,4338236.003188306,495033.7838364491,0.014660001,0.023980001,0.018645713,0.01936,0.03194,0.025182856,0.03712,0.04734,0.041414287,0.02464,0.053579997,0.038408574,0.0831,0.0728,0.07790857,0.03314,0.09798,0.061297145,0.018439999,0.066879995,0.03912,0.0012,0.0023,0.0016714284,0.12795079,0.039995287,0.08439527,0.087955505,0.024571428,0.026585715,0.027651614,0.024257142,0.034185715,0.03067742,0.041985713,0.049585715,0.04772903,0.031757142,0.06227143,0.048074193,0.049657144,0.06867143,0.0634,0.08778571,0.0719,0.08449032,0.108828574,0.07994286,0.097967744,0.1032,0.08855714,0.099387094,0.016457142,0.031514287,0.02954516,0.0014714285,0.0016428572,0.0016064516,0.052085713,0.112814285,0.08939355,0.028442856,0.08162857,0.059819356,0.10777143,0.09337143,0.10436129,0.15143678,0.053080622,0.1056025
880,9,4360390.7820263235,485055.9318030273,0.026333334,0.0574625,0.050834782,0.03,0.0704,0.06141087,0.048677776,0.0936375,0.08559783,0.033533335,0.117075,0.102169566,0.44882223,0.19775,0.25657392,0.16091111,0.2752,0.26371303,0.071,0.2307625,0.20017827,0.0021666666,0.0048375,0.0023717391,0.67888623,0.13639238,0.2570354,0.5424938,0.02256,0.09584445,0.061055884,0.02518,0.101911105,0.07093235,0.04684,0.1252111,0.09689706,0.03368,0.15267779,0.11993529,0.05836,0.17268889,0.1396794,0.24382,0.19324444,0.18783529,0.36666,0.20633332,0.22085,0.35931998,0.21405557,0.22702646,0.058420002,0.09352222,0.07768235,0.00196,0.0023666667,0.0019941176,0.16312,0.2537,0.27416766,0.07368,0.19727778,0.2069147,0.39128,0.22985557,0.2472,0.56528753,0.0970871,0.17673315
881,9,4392251.091940381,476604.65378612897,0.022333333,0.0096,0.023475,0.026966665,0.01535,0.02908125,0.072233334,0.02765,0.0533875,0.037533335,0.0283,0.049175,0.4374,0.0199,0.19890624,0.1928,0.01295,0.16025625,0.08016667,0.0101,0.0902375,0.0009333333,0.001,0.00149375,0.6544548,-0.019304665,0.28424382,0.6737595,0.0235,0.014985715,0.019793333,0.0268,0.015985714,0.022966668,0.0671,0.026685715,0.043073334,0.036925,0.032142855,0.04452,0.099,0.0387,0.06943,0.2868,0.03372857,0.1176,0.336525,0.036942855,0.13627,0.33925,0.037442856,0.1418,0.051975,0.010585714,0.033916667,0.00395,0.0014285714,0.0016233333,0.2068,0.036642857,0.13268667,0.099375,0.025814286,0.07659667,0.36115,0.037657145,0.15235999,0.52932864,0.011887825,0.19477065
882,9,4333507.447919511,512419.2137596841,0.0376,0.047025,0.04561842,0.0423625,0.059525,0.057073683,0.0744875,0.084875,0.09108947,0.0598,0.11155,0.10613421,0.498125,0.1868,0.3203,0.2586125,0.267025,0.28683683,0.1336125,0.208975,0.19491053,0.00225,0.003325,0.0020473683,0.6675088,0.1293382,0.33994097,0.5381706,0.033853844,0.10572727,0.0632,0.0345,0.11658183,0.07201296,0.061638463,0.14134546,0.10445555,0.047176924,0.17431818,0.12713704,0.09001539,0.19395454,0.15840556,0.3336154,0.20880908,0.2531,0.45059228,0.22310908,0.30175,0.43913847,0.22655454,0.30455557,0.070776924,0.1104909,0.09529815,0.002976923,0.0022636363,0.0024851852,0.23744614,0.27204546,0.30325556,0.11309231,0.20972727,0.21211667,0.48741537,0.24677274,0.3357926,0.63123363,0.079390526,0.2755486
883,9,4349656.968479935,570243.6363955623,0.040060002,0.05395,0.05286111,0.0433,0.06825,0.064555556,0.071540006,0.09525,0.095705554,0.0575,0.12405,0.112327784,0.47242,0.21365,0.33385,0.26182,0.30225,0.30346668,0.1369,0.2305,0.2013611,0.00106,0.00255,0.0016833334,0.64411765,0.14820991,0.3453866,0.49590772,0.046064705,0.19712,0.0798918,0.04755882,0.20231,0.08832787,0.07722353,0.2232,0.119085245,0.06749412,0.25208998,0.13980983,0.11257059,0.2684,0.17204426,0.3339588,0.28347,0.2764672,0.43878236,0.29207,0.3287754,0.43788236,0.29355,0.33521804,0.07404706,0.13464001,0.10339508,0.0023470588,0.00285,0.0023442623,0.28954118,0.26343,0.31726557,0.15534118,0.2071,0.20910984,0.4802353,0.31134,0.36566395,0.5787793,0.054593883,0.29239392
884,9,4332152.246610422,400116.35976965877,0.03355,0.0507,0.042758822,0.0388,0.060325,0.050888237,0.07325,0.082625,0.07538235,0.0573,0.095375,0.081494115,0.3652,0.251025,0.26267058,0.22855,0.279675,0.2575,0.11655,0.228675,0.18885882,0.0011,0.003525,0.0018764705,0.5122378,0.2629356,0.31060457,0.24930218,0.0276,0.0291,0.03285862,0.03906,0.0446375,0.05016207,0.07112,0.06915,0.077189654,0.06438,0.0786,0.087813795,0.109,0.1081125,0.116020694,0.2483,0.1748125,0.19403103,0.30604,0.202175,0.22904138,0.30446002,0.21135,0.23215173,0.058220003,0.0951125,0.08814138,0.0024,0.001725,0.0018448277,0.24502,0.230275,0.26203102,0.13756,0.168,0.19115518,0.34353998,0.2293875,0.2602552,0.4113856,0.23705529,0.25008222
885,9,4326640.19430312,431533.40472977364,0.0414,0.059320003,0.051445,0.045333333,0.0734,0.063525,0.072566666,0.101840004,0.095895,0.05766667,0.1284,0.114735,0.48993334,0.25186002,0.34501,0.2939,0.36342,0.335575,0.15146667,0.26806,0.2208,0.0013,0.0033200001,0.002125,0.6636643,0.19785008,0.35528067,0.4658142,0.03938,0.044675,0.042041935,0.049060002,0.062,0.058093548,0.077879995,0.0873875,0.08879032,0.08508,0.116825,0.11307097,0.12291999,0.1469625,0.14992903,0.2768,0.184725,0.22819355,0.36288,0.2024875,0.27041936,0.3672,0.208275,0.2787032,0.04992,0.0853875,0.08906774,0.0028799998,0.0029125,0.0026354839,0.32323998,0.3415625,0.33427098,0.1894,0.245625,0.22115484,0.40644,0.2311125,0.30710644,0.4488377,0.15357824,0.2671361
886,9,4341173.627832571,424007.64256612334,0.0146,0.0401,0.025116667,0.017233333,0.050525,0.03217222,0.029266665,0.07305,0.04915,0.020933332,0.090525,0.05301111,0.0031333333,0.1632,0.07593333,-0.0023333335,0.2078,0.087127775,0.0015,0.142225,0.06073333,0.0008666667,0.003075,0.0018722222,-0.04224523,0.13161373,0.0476292,-0.17385897,0.01846,0.030511111,0.026261292,0.01682,0.041366667,0.030832257,0.03246,0.06323333,0.04996129,0.02454,0.08281111,0.054696772,0.03506,0.09894445,0.070183866,0.04902,0.10854445,0.07687096,0.062140003,0.120777786,0.0871871,0.054879997,0.13123333,0.086922586,0.01068,0.061922222,0.040480647,0.0022,0.0019333333,0.0017354839,0.02728,0.19932222,0.104041934,0.014660001,0.13257778,0.06770645,0.058679998,0.1401111,0.09165484,0.06810166,0.091020584,0.06613436
887,9,4377342.921561735,540568.6556849406,0.010566667,0.02095,0.0121,0.015533333,0.02805,0.017017648,0.0282,0.0406,0.028041176,0.021633333,0.0365,0.023435293,0.063033335,0.0181,0.034811765,0.025866665,0.002,0.014552942,0.0163,0.00315,0.010023529,0.001,0.0011,0.0013235294,0.092829004,-0.0416026,0.02606756,0.1344316,0.024866667,0.02244,0.021788679,0.019977776,0.020539999,0.017303774,0.03381111,0.03241,0.029028302,0.026655555,0.031779997,0.024330188,0.056577776,0.041589998,0.04401321,0.09291111,0.03379,0.05768868,0.10813334,0.03658,0.06507547,0.08196667,0.02825,0.0513,0.027077777,0.029539999,0.033784907,0.0010444445,0.00241,0.0016584905,0.0471,0.03159,0.036856603,0.027377777,0.020839998,0.022020755,0.0989,0.03255,0.06082075,0.120667554,-0.007989876,0.06075966
888,9,4321080.053784006,567816.2137706669,0.05605,,0.052558824,0.064325,,0.061329413,0.0988,,0.09235883,0.105175,,0.106652945,0.408075,,0.30592942,0.307025,,0.30564708,0.2043,,0.2157353,0.00115,,0.0015058824,0.45603874,-0.0,0.31896552,0.45603874,0.03762,0.0430375,0.042739682,0.039766666,0.0523875,0.04895397,0.07052,0.0719375,0.076901585,0.064626664,0.0907125,0.08577143,0.10870667,0.1148,0.1232,0.27073333,0.1534125,0.21945557,0.3414,0.1723,0.26128414,0.33593333,0.1802875,0.2629508,0.06148,0.0974,0.091309525,0.0013466666,0.0020625,0.001936508,0.25536668,0.2768625,0.28483966,0.14576,0.196875,0.18729207,0.37955335,0.2018875,0.29688573,0.4548958,0.16018446,0.30157122
889,9,4339098.017573973,434209.0935396869,0.0285,0.0338,0.0274,0.034825,0.04156,0.033714287,0.061325,0.0601,0.05853333,0.055525,0.06904,0.05297619,0.33845,0.21216,0.29990476,0.231325,0.21506001,0.2022,0.125475,0.1475,0.11729524,0.001125,0.00284,0.0017285715,0.48060593,0.2596788,0.43258643,0.22092712,0.02338,0.027066665,0.023566667,0.02496,0.035633333,0.027478788,0.0531,0.052455556,0.051566668,0.043420002,0.06573333,0.050521214,0.08984,0.092033334,0.09007273,0.2444,0.1431889,0.19895758,0.3227,0.16317779,0.24335152,0.32494,0.16703334,0.24828789,0.03824,0.081144445,0.07869697,0.0015199999,0.0030444444,0.0023333335,0.22311999,0.20915556,0.19967273,0.11364,0.14061111,0.11530606,0.35814,0.18827778,0.27286366,0.49246126,0.19116192,0.36100963
890,9,4335969.83722393,415629.5159509509,0.0233,0.0445,0.037288234,0.0306,0.05755,0.046182353,0.0766,0.08105,0.07747647,0.04975,0.10465,0.07400589,0.4621,0.200775,0.29701766,0.19175,0.2476,0.21876469,0.0913,0.194975,0.1437,0.0013,0.003,0.0020058823,0.65183365,0.16551188,0.37808046,0.48632178,0.026533334,0.04225,0.034604,0.030166665,0.047175,0.038168,0.0665,0.0753125,0.071771994,0.05676667,0.0990625,0.072952,0.10113333,0.1304125,0.117184,0.25473332,0.168725,0.210956,0.32236668,0.188175,0.24446799,0.3222,0.2009625,0.255084,0.031433333,0.090475,0.091368,0.0016333334,0.001975,0.00176,0.20426667,0.2621125,0.237396,0.10626666,0.189575,0.15434,0.3567,0.2157,0.270476,0.45499527,0.17706802,0.318375
891,9,4399064.856396814,478308.43680029863,0.016725,0.033,0.029438889,0.02215,0.0395,0.03728889,0.0503,0.0551,0.062366668,0.032475,0.06753333,0.07028333,0.3675,0.10203333,0.22173333,0.1636,0.15163334,0.20415,0.067525,0.1062,0.12739445,0.001525,0.0012333333,0.0013666668,0.5794516,0.068229645,0.27231115,0.511222,0.03382,0.0644625,0.04298387,0.03864,0.0533625,0.047403228,0.061959997,0.0664625,0.070880644,0.0675,0.08215,0.089906454,0.086940005,0.093725,0.10841291,0.16878,0.0937125,0.14732903,0.21256001,0.10135,0.17160645,0.21088001,0.096075,0.17554839,0.046,0.0322125,0.05540323,0.00272,0.002325,0.0018483872,0.2268,0.126425,0.21776775,0.15042,0.0949,0.15090968,0.23682,0.111525,0.19465807,0.2610935,0.02691893,0.15388568
892,9,4371480.094400659,421569.5095514055,0.024475,0.05095,0.042747058,0.027125,0.060025,0.051841173,0.049825,0.084875,0.081552945,0.036125,0.102075,0.0925,0.367575,0.22235,0.2761412,0.176675,0.302525,0.2801059,0.0794,0.22635,0.19430588,0.00135,0.0014,0.0015352941,0.5697856,0.20492153,0.3064484,0.36486405,0.03415,0.041033335,0.041244447,0.0392625,0.050833333,0.05170833,0.0683375,0.078944445,0.082219444,0.067375,0.096988894,0.09888055,0.09685,0.12776667,0.126875,0.2420625,0.1865889,0.2010139,0.3218,0.20925556,0.23733889,0.321675,0.21754444,0.24335,0.0547125,0.105855554,0.08365833,0.001925,0.002477778,0.001913889,0.25125,0.30025557,0.29977778,0.145825,0.21533333,0.21061389,0.3517375,0.23618889,0.2660611,0.42858344,0.20780884,0.2439269
893,9,4294822.492512161,525685.7120474876,0.021566667,0.01225,0.019472223,0.026633335,0.02185,0.026266666,0.0432,0.0365,0.043072224,0.036566667,0.04635,0.042255554,0.040866666,0.04195,0.048188888,0.029033335,0.01495,0.019594444,0.018733332,0.0129,0.013311111,0.0010666667,0.0037,0.0016444444,0.009524846,-0.009538758,0.012903014,0.019063603,0.035573334,0.07765,0.03665294,0.033379998,0.07776667,0.038882352,0.052259997,0.09125,0.057266667,0.04222,0.1052,0.0564451,0.05634,0.11248334,0.06866079,0.06676667,0.11101666,0.072082356,0.08135333,0.1166,0.08054314,0.07111333,0.11971666,0.07821765,0.007646667,0.036783334,0.017874511,0.0010333332,0.0016666666,0.001345098,0.042566665,0.06455,0.05173333,0.026733335,0.046383336,0.03524902,0.07469334,0.1203,0.076609805,0.061609335,0.026447847,0.04484799
894,9,4371768.038474445,513073.07320991514,0.023833333,0.023839999,0.020755555,0.029833334,0.0325,0.02848889,0.061,0.050520003,0.054191668,0.05305,0.05352,0.052444447,0.28543332,0.110580005,0.1946111,0.1099,0.1105,0.11147222,0.049183335,0.07272,0.05964167,0.0035,0.00198,0.002072222,0.41122416,0.11513058,0.26915762,0.29609358,0.03394,0.033833336,0.03774516,0.0277,0.0214,0.024658063,0.0557,0.036466666,0.04682258,0.04262,0.044233333,0.04633548,0.08326,0.06753333,0.07896774,0.20823999,0.0886,0.14379677,0.27194,0.09888333,0.17417419,0.25142,0.08291667,0.15661612,0.051620003,0.06418333,0.068712905,0.0017,0.003383333,0.0020709676,0.13926,0.13028334,0.13934194,0.068459995,0.08866667,0.083087094,0.28698,0.11338334,0.19047098,0.38560748,0.08133062,0.21746095
895,9,4391184.030918079,469847.40146537777,0.02805,0.046833333,0.03615,0.029875,0.05906667,0.045083333,0.055,0.0851,0.07531667,0.0352,0.1087,0.083405554,0.483125,0.20203334,0.30996668,0.227875,0.28083333,0.25409442,0.100225,0.1944,0.15250555,0.001375,0.0015666666,0.001638889,0.71434605,0.15949908,0.37506643,0.554847,0.028911112,0.0358125,0.032702703,0.032277778,0.05485,0.04851081,0.060911108,0.0770125,0.07765946,0.05062222,0.1029875,0.09134325,0.090177774,0.1287625,0.1261027,0.3089889,0.1583,0.22031352,0.41245556,0.1765625,0.26481622,0.41576666,0.1845125,0.2725081,0.06613333,0.082675,0.07873243,0.0032555556,0.002325,0.002054054,0.23366667,0.2761125,0.27121893,0.11874445,0.19045,0.17129458,0.44233334,0.203375,0.29546216,0.5938235,0.14235874,0.30361497
896,9,4357099.939639608,498185.2959900849,0.0215375,0.025679998,0.024966666,0.0276125,0.03304,0.03286154,0.0450625,0.056020003,0.054438464,0.04555,0.056040004,0.061076924,0.0432875,0.025260001,0.044853844,0.0161375,0.00442,0.009394871,0.0120625,0.00316,0.006782051,0.0010875,0.0013199999,0.0012641025,-0.00490735,-0.06635016,-0.034040954,0.06144281,0.031466667,0.015516668,0.024332259,0.037516665,0.025683334,0.032,0.05786667,0.050083335,0.054964513,0.05985,0.05541667,0.062125806,0.069466665,0.06886667,0.07518064,0.062116668,0.038516667,0.056822583,0.06938333,0.03675,0.0599129,0.0621,0.0312,0.053,0.0026166665,-0.0008166667,0.001996774,0.0012333333,0.00095,0.0010516129,0.034566667,0.0123,0.017083872,0.026683334,0.010183333,0.013551613,0.058566667,0.023083333,0.045703225,0.0046651866,-0.05200281,-0.018978853
897,9,4361401.407131677,493659.62066517584,0.0374375,0.0479,0.0377,0.0461625,0.054983333,0.04662564,0.07265,0.07456667,0.07358718,0.0734875,0.08545,0.08052307,0.2832625,0.21456668,0.27641025,0.2442875,0.25356668,0.23992051,0.1465875,0.17918333,0.1488718,0.003075,0.00285,0.0022666666,0.3592942,0.22737466,0.33321726,0.13191955,0.0321,0.038457144,0.03452778,0.0428,0.04802857,0.04532778,0.0702375,0.06915714,0.07328611,0.0679625,0.08412857,0.08128055,0.0996,0.110614285,0.11556944,0.2560375,0.1616,0.21949168,0.32415,0.18305714,0.26350558,0.3212125,0.19398572,0.27329442,0.0514125,0.08457143,0.08073611,0.0031875,0.0022714285,0.0023361112,0.2476875,0.24767144,0.25013888,0.1389375,0.16964287,0.1525111,0.3537,0.20782857,0.2955222,0.4265414,0.19675046,0.32691717
898,9,4357750.425665014,495419.83396752086,0.032516666,0.06176667,0.05484872,0.0375,0.0719,0.06473077,0.0743,0.0908,0.089687176,0.05186667,0.116466664,0.107551284,0.35105,0.18381666,0.23001282,0.22156668,0.32118332,0.3146128,0.1167,0.24596667,0.22866668,0.0013666668,0.0026666666,0.001876923,0.50690824,0.11506237,0.20572975,0.39184588,0.02927143,0.0577875,0.050947223,0.03592857,0.0683625,0.061330553,0.07311429,0.088425,0.08821111,0.051057145,0.1175375,0.107925,0.096842855,0.1314375,0.13103333,0.2455,0.14495,0.17816389,0.29927143,0.1600625,0.20371667,0.29614285,0.171775,0.21157779,0.054,0.0842,0.07510278,0.0026,0.0032125,0.0025916665,0.22104284,0.3245625,0.3185528,0.11522858,0.2452625,0.22925,0.32621428,0.185,0.23219444,0.4318904,0.09326433,0.1762086
899,9,4396677.827396169,476687.0085198835,0.032479998,0.0257,0.034322225,0.037320003,0.0316,0.040761113,0.07362,0.046633333,0.06731111,0.05232,0.05796667,0.068438895,0.34272,0.0876,0.2421111,0.20136,0.10813334,0.21162778,0.105280004,0.07616667,0.1289611,0.00238,0.00073333335,0.001638889,0.49445343,0.060391393,0.30872545,0.43406203,0.031642854,0.0318625,0.034125715,0.039185714,0.028675,0.037602857,0.07322857,0.0442625,0.06203714,0.0589,0.058675,0.07107143,0.10674286,0.0713,0.09954,0.25787145,0.0768375,0.15923715,0.31,0.0860125,0.18637428,0.29722857,0.0912625,0.18907142,0.061714288,0.0575125,0.06824857,0.002542857,0.0019625,0.0017885714,0.24562857,0.1326625,0.21414857,0.1347,0.0888375,0.13310571,0.34074286,0.099,0.21208857,0.41417083,0.0661228,0.21696872
